{"type":"FeatureCollection","features":[{"type":"Feature","properties":{"id":"5305","nama":"Timor Tengah Utara","prov":"Nusa Tenggara Timur","ikk":79.83,"pdrb":3370.11,"pdrb_f":309.32,"share":9.18},"geometry":{"type":"MultiPolygon","coordinates":[[[[124.57,-9.63],[124.52,-9.66],[124.46,-9.63],[124.46,-9.61],[124.43,-9.6],[124.34,-9.59],[124.32,-9.6],[124.31,-9.57],[124.24,-9.54],[124.22,-9.56],[124.21,-9.54],[124.24,-9.53],[124.22,-9.51],[124.09,-9.41],[124.15,-9.43],[124.22,-9.37],[124.27,-9.41],[124.29,-9.5],[124.36,-9.48],[124.35,-9.42],[124.37,-9.41],[124.38,-9.36],[124.44,-9.33],[124.46,-9.3],[124.48,-9.17],[124.53,-9.19],[124.62,-9.15],[124.67,-9.12],[124.7,-9.05],[124.73,-9.06],[124.79,-9.02],[124.82,-9.08],[124.83,-9.15],[124.81,-9.17],[124.85,-9.25],[124.84,-9.33],[124.8,-9.35],[124.8,-9.38],[124.77,-9.4],[124.79,-9.42],[124.78,-9.47],[124.72,-9.5],[124.76,-9.56],[124.7,-9.56],[124.7,-9.59],[124.63,-9.59],[124.57,-9.63]]]]}},{"type":"Feature","properties":{"id":"5308","nama":"Lembata","prov":"Nusa Tenggara Timur","ikk":94.33,"pdrb":1341.2,"pdrb_f":85.33,"share":6.36},"geometry":{"type":"MultiPolygon","coordinates":[[[[123.53,-8.57],[123.49,-8.52],[123.4,-8.58],[123.32,-8.53],[123.29,-8.55],[123.24,-8.54],[123.22,-8.55],[123.21,-8.53],[123.21,-8.51],[123.29,-8.46],[123.34,-8.4],[123.47,-8.34],[123.41,-8.29],[123.34,-8.3],[123.39,-8.26],[123.46,-8.27],[123.5,-8.24],[123.56,-8.25],[123.49,-8.36],[123.57,-8.37],[123.6,-8.33],[123.57,-8.31],[123.57,-8.29],[123.6,-8.29],[123.6,-8.32],[123.63,-8.29],[123.6,-8.22],[123.65,-8.22],[123.65,-8.25],[123.69,-8.26],[123.71,-8.24],[123.7,-8.22],[123.77,-8.17],[123.84,-8.2],[123.86,-8.23],[123.87,-8.21],[123.9,-8.22],[123.92,-8.25],[123.83,-8.28],[123.8,-8.27],[123.76,-8.29],[123.68,-8.43],[123.65,-8.43],[123.65,-8.4],[123.62,-8.41],[123.55,-8.47],[123.58,-8.51],[123.58,-8.54],[123.53,-8.57]]]]}},{"type":"Feature","properties":{"id":"5307","nama":"Alor","prov":"Nusa Tenggara Timur","ikk":96.78,"pdrb":2392.73,"pdrb_f":230.01,"share":9.61},"geometry":{"type":"MultiPolygon","coordinates":[[[[124.21,-8.41],[124.21,-8.46],[124.15,-8.53],[124.06,-8.55],[124.06,-8.49],[124.03,-8.42],[123.98,-8.42],[123.94,-8.46],[123.91,-8.44],[123.95,-8.41],[123.97,-8.35],[124.03,-8.31],[124.06,-8.29],[124.08,-8.31],[124.09,-8.37],[124.11,-8.39],[124.1,-8.36],[124.2,-8.27],[124.25,-8.19],[124.28,-8.17],[124.32,-8.18],[124.33,-8.21],[124.3,-8.26],[124.3,-8.33],[124.25,-8.36],[124.21,-8.41]]],[[[123.83,-8.37],[123.83,-8.41],[123.81,-8.37],[123.83,-8.37]]],[[[123.95,-8.35],[123.92,-8.38],[123.9,-8.36],[123.95,-8.35]]],[[[124.36,-8.28],[124.38,-8.29],[124.36,-8.33],[124.33,-8.32],[124.32,-8.3],[124.34,-8.28],[124.36,-8.28]]],[[[124.69,-8.39],[124.66,-8.39],[124.55,-8.44],[124.5,-8.42],[124.42,-8.46],[124.42,-8.44],[124.35,-8.44],[124.34,-8.39],[124.41,-8.3],[124.56,-8.22],[124.5,-8.22],[124.41,-8.28],[124.4,-8.22],[124.45,-8.15],[124.49,-8.13],[124.6,-8.12],[124.59,-8.18],[124.61,-8.2],[124.67,-8.16],[124.75,-8.15],[124.87,-8.17],[124.96,-8.14],[125.0,-8.16],[125.1,-8.15],[125.14,-8.24],[125.13,-8.29],[125.14,-8.32],[125.12,-8.34],[124.89,-8.36],[124.79,-8.4],[124.69,-8.39]]]]}},{"type":"Feature","properties":{"id":"5302","nama":"Sumba Timur","prov":"Nusa Tenggara Timur","ikk":91.42,"pdrb":4606.77,"pdrb_f":542.73,"share":11.78},"geometry":{"type":"MultiPolygon","coordinates":[[[[119.8,-9.92],[119.67,-9.83],[119.73,-9.84],[119.75,-9.73],[119.73,-9.71],[119.73,-9.68],[119.84,-9.66],[119.84,-9.58],[119.93,-9.48],[119.9,-9.43],[119.91,-9.38],[119.88,-9.37],[119.86,-9.34],[119.93,-9.28],[120.08,-9.47],[120.13,-9.49],[120.18,-9.47],[120.21,-9.49],[120.24,-9.64],[120.3,-9.64],[120.32,-9.68],[120.43,-9.63],[120.47,-9.62],[120.5,-9.69],[120.54,-9.69],[120.6,-9.73],[120.68,-9.9],[120.78,-9.95],[120.85,-10.03],[120.84,-10.09],[120.82,-10.12],[120.77,-10.14],[120.74,-10.19],[120.68,-10.22],[120.64,-10.23],[120.61,-10.25],[120.53,-10.24],[120.49,-10.26],[120.45,-10.32],[120.35,-10.25],[120.16,-10.24],[120.04,-10.13],[120.01,-10.12],[120.02,-10.08],[119.95,-10.0],[119.95,-9.97],[119.91,-9.97],[119.91,-9.95],[119.88,-9.96],[119.86,-9.92],[119.8,-9.92]]],[[[120.21,-10.32],[120.17,-10.32],[120.21,-10.3],[120.21,-10.32]]]]}},{"type":"Feature","properties":{"id":"5301","nama":"Sumba Barat","prov":"Nusa Tenggara Timur","ikk":94.39,"pdrb":1697.12,"pdrb_f":109.14,"share":6.43},"geometry":{"type":"MultiPolygon","coordinates":[[[[119.47,-9.67],[119.53,-9.69],[119.51,-9.74],[119.54,-9.74],[119.54,-9.76],[119.46,-9.74],[119.42,-9.76],[119.4,-9.8],[119.3,-9.74],[119.22,-9.74],[119.19,-9.76],[119.14,-9.73],[119.15,-9.68],[119.28,-9.68],[119.41,-9.56],[119.38,-9.5],[119.37,-9.44],[119.41,-9.37],[119.46,-9.51],[119.52,-9.54],[119.48,-9.6],[119.49,-9.66],[119.47,-9.67]]]]}},{"type":"Feature","properties":{"id":"5304","nama":"Timor Tengah Selatan","prov":"Nusa Tenggara Timur","ikk":87.93,"pdrb":5595.81,"pdrb_f":408.38,"share":7.3},"geometry":{"type":"MultiPolygon","coordinates":[[[[124.52,-10.07],[124.48,-10.12],[124.4,-10.17],[124.22,-10.16],[124.2,-10.09],[124.14,-10.02],[124.16,-10.02],[124.13,-9.98],[124.09,-9.97],[124.09,-9.81],[124.07,-9.76],[124.09,-9.7],[124.06,-9.66],[124.07,-9.63],[124.06,-9.6],[124.12,-9.55],[124.16,-9.56],[124.12,-9.47],[124.19,-9.51],[124.2,-9.49],[124.24,-9.53],[124.22,-9.53],[124.23,-9.56],[124.24,-9.54],[124.31,-9.57],[124.32,-9.6],[124.35,-9.59],[124.43,-9.6],[124.46,-9.61],[124.46,-9.63],[124.52,-9.66],[124.63,-9.59],[124.66,-9.64],[124.72,-9.64],[124.77,-9.6],[124.81,-9.61],[124.79,-9.64],[124.82,-9.67],[124.8,-9.75],[124.81,-9.79],[124.75,-9.88],[124.67,-9.92],[124.59,-10.0],[124.55,-10.01],[124.52,-10.07]]]]}},{"type":"Feature","properties":{"id":"5303","nama":"Kupang","prov":"Nusa Tenggara Timur","ikk":84.28,"pdrb":5648.11,"pdrb_f":668.87,"share":11.84},"geometry":{"type":"MultiPolygon","coordinates":[[[[123.78,-10.35],[123.7,-10.37],[123.65,-10.35],[123.61,-10.37],[123.54,-10.33],[123.47,-10.36],[123.46,-10.35],[123.5,-10.27],[123.49,-10.22],[123.57,-10.22],[123.59,-10.29],[123.61,-10.29],[123.63,-10.28],[123.64,-10.24],[123.62,-10.23],[123.68,-10.23],[123.66,-10.22],[123.65,-10.19],[123.67,-10.19],[123.69,-10.17],[123.66,-10.16],[123.68,-10.15],[123.67,-10.12],[123.74,-10.1],[123.77,-10.04],[123.65,-10.01],[123.6,-10.04],[123.58,-10.02],[123.58,-9.92],[123.64,-9.89],[123.67,-9.85],[123.67,-9.8],[123.64,-9.77],[123.68,-9.74],[123.67,-9.63],[123.73,-9.57],[123.79,-9.54],[123.8,-9.49],[123.87,-9.48],[123.9,-9.43],[123.94,-9.42],[123.98,-9.35],[124.04,-9.34],[124.1,-9.42],[124.19,-9.48],[124.19,-9.51],[124.12,-9.47],[124.16,-9.56],[124.12,-9.55],[124.06,-9.6],[124.06,-9.66],[124.09,-9.7],[124.07,-9.76],[124.09,-9.81],[124.09,-9.96],[124.13,-9.98],[124.16,-10.02],[124.14,-10.03],[124.2,-10.08],[124.23,-10.15],[124.13,-10.16],[124.02,-10.27],[123.96,-10.28],[123.86,-10.33],[123.78,-10.35]]],[[[123.41,-10.24],[123.42,-10.3],[123.39,-10.29],[123.41,-10.31],[123.41,-10.34],[123.38,-10.34],[123.36,-10.3],[123.32,-10.33],[123.3,-10.27],[123.38,-10.19],[123.4,-10.13],[123.45,-10.11],[123.47,-10.16],[123.51,-10.16],[123.5,-10.18],[123.43,-10.23],[123.42,-10.21],[123.39,-10.21],[123.41,-10.24]]]]}},{"type":"Feature","properties":{"id":"3509","nama":"Jember","prov":"Jawa Timur","ikk":92.68,"pdrb":66334.88,"pdrb_f":4878.42,"share":7.35},"geometry":{"type":"MultiPolygon","coordinates":[[[[113.3,-8.45],[113.42,-8.47],[113.41,-8.49],[113.34,-8.5],[113.27,-8.49],[113.27,-8.47],[113.3,-8.45]]],[[[113.63,-8.45],[113.48,-8.42],[113.46,-8.38],[113.39,-8.4],[113.3,-8.31],[113.31,-8.23],[113.38,-8.16],[113.36,-8.04],[113.39,-8.0],[113.45,-8.03],[113.48,-8.02],[113.48,-7.99],[113.53,-8.02],[113.56,-7.99],[113.61,-7.99],[113.67,-7.97],[113.69,-8.01],[113.73,-8.02],[113.75,-8.06],[113.77,-8.04],[113.79,-8.05],[113.85,-8.04],[113.84,-8.02],[113.87,-8.03],[113.89,-8.02],[114.03,-8.1],[114.04,-8.13],[113.97,-8.19],[113.96,-8.24],[113.93,-8.26],[113.91,-8.34],[113.92,-8.38],[113.95,-8.4],[113.91,-8.44],[113.89,-8.41],[113.85,-8.43],[113.85,-8.52],[113.84,-8.55],[113.83,-8.53],[113.81,-8.56],[113.81,-8.5],[113.71,-8.53],[113.72,-8.49],[113.69,-8.51],[113.68,-8.49],[113.65,-8.5],[113.63,-8.45]]]]}},{"type":"Feature","properties":{"id":"6109","nama":"Sekadau","prov":"Kalimantan Barat","ikk":107.4,"pdrb":5366.43,"pdrb_f":607.99,"share":11.33},"geometry":{"type":"MultiPolygon","coordinates":[[[[110.96,-0.49],[110.96,-0.54],[111.0,-0.56],[111.02,-0.59],[110.99,-0.62],[110.94,-0.65],[110.93,-0.68],[110.91,-0.66],[110.84,-0.71],[110.82,-0.67],[110.75,-0.71],[110.73,-0.7],[110.75,-0.64],[110.71,-0.65],[110.71,-0.62],[110.66,-0.61],[110.64,-0.64],[110.62,-0.63],[110.61,-0.6],[110.63,-0.54],[110.62,-0.44],[110.56,-0.37],[110.55,-0.33],[110.56,-0.26],[110.63,-0.2],[110.6,-0.16],[110.64,-0.14],[110.7,-0.17],[110.75,-0.16],[110.71,-0.07],[110.75,0.0],[110.76,0.07],[110.84,0.1],[110.9,0.17],[110.91,0.22],[110.89,0.23],[110.91,0.25],[110.92,0.34],[110.96,0.37],[110.94,0.46],[111.0,0.56],[110.99,0.6],[111.01,0.66],[110.99,0.69],[111.01,0.73],[111.04,0.73],[111.09,0.73],[111.11,0.69],[111.24,0.64],[111.29,0.56],[111.29,0.52],[111.25,0.41],[111.27,0.4],[111.27,0.38],[111.22,0.36],[111.27,0.25],[111.27,0.17],[111.3,0.14],[111.24,0.12],[111.22,0.06],[111.16,0.1],[111.11,0.08],[111.15,-0.02],[111.13,-0.11],[111.09,-0.14],[111.09,-0.26],[111.0,-0.27],[111.05,-0.32],[111.04,-0.33],[110.99,-0.33],[110.99,-0.34],[110.99,-0.35],[111.04,-0.43],[111.07,-0.45],[111.09,-0.5],[111.05,-0.49],[111.01,-0.51],[110.96,-0.49]]]]}},{"type":"Feature","properties":{"id":"1809","nama":"Pesawaran","prov":"Lampung","ikk":85.26,"pdrb":13746.98,"pdrb_f":1597.91,"share":11.62},"geometry":{"type":"MultiPolygon","coordinates":[[[[105.2,-5.72],[105.16,-5.75],[105.17,-5.78],[105.21,-5.77],[105.22,-5.79],[105.18,-5.8],[105.14,-5.79],[105.08,-5.73],[105.09,-5.67],[105.06,-5.65],[105.06,-5.63],[104.95,-5.57],[104.96,-5.58],[104.97,-5.56],[104.94,-5.49],[104.95,-5.45],[105.0,-5.43],[105.0,-5.39],[105.07,-5.39],[105.08,-5.37],[105.04,-5.27],[105.07,-5.24],[105.06,-5.23],[105.08,-5.23],[105.05,-5.21],[105.04,-5.19],[105.08,-5.13],[105.08,-5.14],[105.1,-5.14],[105.08,-5.16],[105.09,-5.17],[105.13,-5.16],[105.18,-5.12],[105.23,-5.15],[105.22,-5.17],[105.25,-5.17],[105.25,-5.18],[105.16,-5.2],[105.15,-5.23],[105.17,-5.27],[105.14,-5.25],[105.11,-5.3],[105.21,-5.35],[105.21,-5.39],[105.18,-5.41],[105.27,-5.52],[105.25,-5.52],[105.25,-5.55],[105.26,-5.54],[105.24,-5.59],[105.2,-5.58],[105.17,-5.6],[105.19,-5.65],[105.21,-5.65],[105.18,-5.67],[105.19,-5.7],[105.22,-5.71],[105.2,-5.72]]],[[[105.3,-5.8],[105.31,-5.82],[105.28,-5.84],[105.23,-5.83],[105.3,-5.8]]]]}},{"type":"Feature","properties":{"id":"6108","nama":"Kapuas Hulu","prov":"Kalimantan Barat","ikk":114.39,"pdrb":7813.21,"pdrb_f":1422.63,"share":18.21},"geometry":{"type":"MultiPolygon","coordinates":[[[[112.52,0.18],[112.51,0.12],[112.4,0.14],[112.34,0.1],[112.22,0.11],[112.14,0.07],[112.1,0.08],[112.07,0.18],[112.01,0.21],[111.98,0.2],[111.99,0.18],[111.97,0.16],[111.87,0.18],[111.84,0.23],[111.68,0.27],[111.66,0.3],[111.67,0.32],[111.65,0.34],[111.73,0.48],[111.71,0.55],[111.74,0.57],[111.74,0.59],[111.69,0.63],[111.71,0.7],[111.74,0.71],[111.74,0.76],[111.69,0.79],[111.7,0.81],[111.62,0.93],[111.57,0.92],[111.54,0.93],[111.53,0.95],[111.55,0.95],[111.55,0.99],[111.58,0.98],[111.6,1.01],[111.67,1.04],[111.72,1.01],[111.76,1.02],[111.83,0.99],[111.87,1.01],[111.89,1.08],[111.93,1.09],[111.94,1.12],[112.0,1.14],[112.14,1.14],[112.14,1.18],[112.16,1.21],[112.18,1.3],[112.2,1.31],[112.23,1.38],[112.23,1.4],[112.2,1.41],[112.21,1.45],[112.28,1.47],[112.32,1.51],[112.43,1.53],[112.5,1.58],[112.69,1.55],[112.77,1.56],[112.84,1.54],[112.88,1.59],[112.98,1.56],[113.0,1.58],[113.06,1.56],[113.07,1.53],[113.03,1.49],[113.04,1.47],[112.98,1.45],[112.98,1.41],[113.02,1.41],[113.1,1.45],[113.14,1.39],[113.19,1.38],[113.23,1.39],[113.32,1.38],[113.42,1.29],[113.5,1.32],[113.58,1.31],[113.6,1.26],[113.63,1.25],[113.62,1.23],[113.66,1.22],[113.7,1.27],[113.8,1.3],[113.83,1.33],[113.82,1.37],[113.94,1.42],[113.95,1.44],[114.14,1.47],[114.2,1.42],[114.2,1.4],[114.16,1.37],[114.16,1.33],[114.15,1.29],[114.17,1.27],[114.14,1.22],[114.15,1.2],[114.12,1.15],[114.09,1.16],[114.05,1.13],[114.04,1.15],[113.99,1.14],[113.95,1.06],[113.89,1.05],[113.91,0.97],[113.87,0.89],[113.93,0.84],[113.87,0.78],[113.9,0.75],[113.89,0.73],[113.84,0.7],[113.84,0.66],[113.82,0.64],[113.85,0.61],[113.82,0.58],[113.8,0.59],[113.78,0.58],[113.67,0.5],[113.65,0.44],[113.58,0.4],[113.59,0.36],[113.44,0.26],[113.36,0.28],[113.28,0.24],[113.17,0.26],[113.13,0.24],[113.06,0.32],[112.99,0.29],[112.96,0.26],[112.97,0.21],[112.92,0.21],[112.9,0.15],[112.83,0.16],[112.77,0.21],[112.69,0.24],[112.66,0.24],[112.62,0.2],[112.63,0.16],[112.57,0.2],[112.52,0.18]]]]}},{"type":"Feature","properties":{"id":"1808","nama":"Tulangbawang","prov":"Lampung","ikk":90.39,"pdrb":19155.48,"pdrb_f":1819.22,"share":9.5},"geometry":{"type":"MultiPolygon","coordinates":[[[[105.25,-4.64],[105.21,-4.63],[105.2,-4.58],[105.17,-4.56],[105.17,-4.5],[105.22,-4.45],[105.24,-4.47],[105.27,-4.44],[105.24,-4.39],[105.21,-4.38],[105.2,-4.31],[105.16,-4.3],[105.16,-4.27],[105.19,-4.27],[105.19,-4.24],[105.23,-4.21],[105.22,-4.2],[105.31,-4.16],[105.37,-4.16],[105.37,-4.13],[105.41,-4.12],[105.43,-4.12],[105.43,-4.17],[105.47,-4.16],[105.47,-4.13],[105.5,-4.13],[105.51,-4.16],[105.6,-4.2],[105.62,-4.22],[105.68,-4.19],[105.76,-4.2],[105.75,-4.14],[105.77,-4.11],[105.81,-4.13],[105.83,-4.34],[105.86,-4.38],[105.85,-4.41],[105.91,-4.44],[105.89,-4.6],[105.92,-4.65],[105.9,-4.68],[105.85,-4.68],[105.86,-4.63],[105.84,-4.62],[105.81,-4.65],[105.78,-4.63],[105.79,-4.59],[105.8,-4.59],[105.8,-4.56],[105.77,-4.55],[105.77,-4.53],[105.71,-4.53],[105.68,-4.49],[105.65,-4.51],[105.63,-4.48],[105.62,-4.52],[105.59,-4.51],[105.58,-4.54],[105.49,-4.48],[105.37,-4.52],[105.29,-4.62],[105.25,-4.64]]]]}},{"type":"Feature","properties":{"id":"3506","nama":"Kediri","prov":"Jawa Timur","ikk":91.65,"pdrb":35486.35,"pdrb_f":3242.94,"share":9.14},"geometry":{"type":"MultiPolygon","coordinates":[[[[112.11,-7.97],[112.09,-7.99],[111.99,-7.99],[111.98,-8.01],[111.94,-7.95],[111.88,-7.95],[111.8,-7.85],[111.95,-7.68],[111.98,-7.68],[111.99,-7.72],[112.02,-7.76],[112.03,-7.73],[112.06,-7.72],[112.08,-7.67],[112.11,-7.59],[112.17,-7.61],[112.25,-7.73],[112.3,-7.73],[112.4,-7.78],[112.42,-7.77],[112.4,-7.79],[112.35,-7.76],[112.29,-7.77],[112.33,-7.87],[112.31,-7.94],[112.18,-7.97],[112.11,-7.97]],[[112.07,-7.83],[112.03,-7.82],[112.0,-7.77],[111.96,-7.8],[111.96,-7.82],[111.98,-7.84],[112.07,-7.88],[112.07,-7.83]]]]}},{"type":"Feature","properties":{"id":"3505","nama":"Blitar","prov":"Jawa Timur","ikk":93.15,"pdrb":30985.73,"pdrb_f":2898.05,"share":9.35},"geometry":{"type":"MultiPolygon","coordinates":[[[[112.13,-8.32],[112.03,-8.32],[112.02,-8.25],[112.03,-8.17],[112.08,-8.19],[112.12,-8.16],[112.12,-8.13],[112.0,-8.09],[111.96,-8.0],[111.98,-8.01],[111.99,-7.99],[112.09,-7.99],[112.1,-7.97],[112.18,-7.97],[112.32,-7.93],[112.37,-7.96],[112.43,-7.92],[112.45,-7.91],[112.48,-7.97],[112.45,-8.06],[112.46,-8.12],[112.43,-8.16],[112.37,-8.18],[112.39,-8.23],[112.36,-8.35],[112.33,-8.33],[112.26,-8.35],[112.22,-8.34],[112.22,-8.33],[112.13,-8.32]],[[112.17,-8.06],[112.16,-8.08],[112.13,-8.09],[112.15,-8.13],[112.17,-8.13],[112.2,-8.09],[112.2,-8.07],[112.17,-8.06]]]]}},{"type":"Feature","properties":{"id":"3508","nama":"Lumajang","prov":"Jawa Timur","ikk":88.06,"pdrb":27317.85,"pdrb_f":2034.74,"share":7.45},"geometry":{"type":"MultiPolygon","coordinates":[[[[113.04,-8.3],[112.98,-8.33],[112.96,-8.35],[112.9,-8.27],[112.92,-8.24],[112.9,-8.16],[112.93,-8.11],[112.9,-8.06],[112.93,-8.02],[112.93,-8.0],[112.99,-7.96],[113.05,-8.01],[113.09,-8.01],[113.08,-7.98],[113.15,-7.98],[113.21,-7.93],[113.21,-7.9],[113.26,-7.9],[113.28,-7.93],[113.34,-7.94],[113.37,-8.02],[113.35,-8.06],[113.38,-8.16],[113.31,-8.23],[113.3,-8.31],[113.2,-8.28],[113.04,-8.3]]]]}},{"type":"Feature","properties":{"id":"6105","nama":"Sanggau","prov":"Kalimantan Barat","ikk":107.58,"pdrb":16139.85,"pdrb_f":944.66,"share":5.85},"geometry":{"type":"MultiPolygon","coordinates":[[[[110.18,-0.42],[110.15,-0.44],[110.11,-0.43],[110.1,-0.4],[110.05,-0.39],[110.04,-0.44],[109.96,-0.5],[109.97,-0.46],[109.95,-0.44],[109.97,-0.43],[109.93,-0.4],[109.93,-0.36],[109.95,-0.35],[109.94,-0.32],[109.97,-0.28],[109.94,-0.23],[109.95,-0.14],[109.91,-0.15],[109.9,-0.11],[109.85,-0.05],[109.84,0.0],[109.87,0.03],[109.86,0.07],[109.88,0.1],[109.96,0.11],[109.96,0.11],[109.96,0.13],[110.03,0.13],[110.0,0.17],[110.05,0.22],[110.1,0.22],[110.14,0.26],[110.13,0.32],[110.15,0.38],[110.2,0.39],[110.17,0.46],[110.21,0.48],[110.2,0.53],[110.26,0.55],[110.26,0.59],[110.24,0.58],[110.22,0.62],[110.24,0.72],[110.19,0.76],[110.18,0.81],[110.18,0.84],[110.27,0.87],[110.2,0.93],[110.22,0.98],[110.12,1.02],[110.14,1.03],[110.11,1.07],[110.13,1.09],[110.08,1.11],[110.07,1.14],[110.13,1.2],[110.19,1.18],[110.21,1.12],[110.24,1.12],[110.26,1.06],[110.29,1.04],[110.28,1.0],[110.32,0.99],[110.34,1.01],[110.36,0.98],[110.4,1.0],[110.41,0.95],[110.44,0.94],[110.44,0.91],[110.58,0.85],[110.62,0.87],[110.65,0.9],[110.65,0.88],[110.69,0.86],[110.72,0.91],[110.76,0.9],[110.78,0.93],[110.8,0.91],[110.78,0.89],[110.81,0.87],[110.78,0.81],[110.81,0.75],[110.87,0.76],[110.9,0.73],[111.0,0.75],[111.04,0.73],[111.01,0.73],[110.99,0.69],[111.01,0.66],[110.99,0.6],[111.0,0.56],[110.94,0.46],[110.96,0.37],[110.92,0.34],[110.91,0.25],[110.89,0.23],[110.91,0.22],[110.9,0.17],[110.84,0.1],[110.76,0.07],[110.75,0.0],[110.72,-0.04],[110.72,-0.1],[110.75,-0.16],[110.7,-0.17],[110.64,-0.14],[110.6,-0.16],[110.63,-0.2],[110.56,-0.26],[110.56,-0.37],[110.53,-0.34],[110.46,-0.33],[110.4,-0.38],[110.41,-0.44],[110.39,-0.47],[110.35,-0.44],[110.37,-0.4],[110.32,-0.41],[110.3,-0.45],[110.18,-0.42]]]]}},{"type":"Feature","properties":{"id":"1805","nama":"Lampung Tengah","prov":"Lampung","ikk":86.25,"pdrb":58921.48,"pdrb_f":7011.48,"share":11.9},"geometry":{"type":"MultiPolygon","coordinates":[[[[105.05,-5.19],[105.04,-5.21],[104.93,-5.27],[104.82,-5.2],[104.78,-5.14],[104.73,-5.13],[104.7,-5.17],[104.67,-5.17],[104.64,-5.15],[104.6,-5.15],[104.6,-5.11],[104.56,-5.08],[104.56,-5.06],[104.63,-5.1],[104.77,-5.03],[104.78,-5.04],[104.78,-5.01],[104.8,-5.01],[104.81,-4.98],[104.84,-4.98],[104.84,-4.97],[104.85,-5.0],[104.9,-4.98],[104.93,-4.92],[104.97,-4.91],[105.01,-4.96],[105.04,-4.95],[105.05,-4.88],[105.12,-4.76],[105.14,-4.68],[105.18,-4.64],[105.17,-4.61],[105.21,-4.6],[105.21,-4.64],[105.26,-4.64],[105.37,-4.52],[105.49,-4.48],[105.58,-4.54],[105.59,-4.51],[105.62,-4.52],[105.63,-4.48],[105.65,-4.51],[105.67,-4.5],[105.69,-4.49],[105.71,-4.53],[105.73,-4.54],[105.75,-4.52],[105.77,-4.53],[105.77,-4.55],[105.8,-4.56],[105.8,-4.59],[105.78,-4.62],[105.82,-4.65],[105.81,-4.75],[105.76,-4.73],[105.68,-4.75],[105.64,-4.85],[105.61,-4.85],[105.59,-4.88],[105.56,-4.87],[105.55,-4.9],[105.53,-4.89],[105.45,-4.9],[105.43,-4.89],[105.4,-4.92],[105.41,-4.96],[105.37,-4.97],[105.35,-4.96],[105.32,-4.99],[105.32,-5.01],[105.36,-5.01],[105.37,-5.03],[105.27,-5.1],[105.29,-5.11],[105.26,-5.16],[105.28,-5.18],[105.25,-5.18],[105.18,-5.12],[105.13,-5.16],[105.09,-5.17],[105.08,-5.16],[105.1,-5.14],[105.08,-5.14],[105.08,-5.13],[105.05,-5.19]]]]}},{"type":"Feature","properties":{"id":"3507","nama":"Malang","prov":"Jawa Timur","ikk":96.45,"pdrb":84203.88,"pdrb_f":10690.75,"share":12.7},"geometry":{"type":"MultiPolygon","coordinates":[[[[112.64,-8.44],[112.55,-8.4],[112.44,-8.4],[112.37,-8.37],[112.36,-8.35],[112.39,-8.23],[112.37,-8.18],[112.45,-8.14],[112.48,-7.97],[112.45,-7.91],[112.37,-7.96],[112.31,-7.94],[112.33,-7.87],[112.29,-7.77],[112.35,-7.76],[112.4,-7.79],[112.42,-7.77],[112.48,-7.77],[112.5,-7.84],[112.47,-7.94],[112.59,-7.91],[112.56,-7.88],[112.57,-7.8],[112.59,-7.76],[112.66,-7.81],[112.73,-7.82],[112.81,-7.93],[112.94,-7.96],[112.94,-7.98],[112.9,-8.06],[112.93,-8.11],[112.9,-8.16],[112.92,-8.24],[112.9,-8.27],[112.96,-8.35],[112.91,-8.4],[112.9,-8.38],[112.9,-8.4],[112.85,-8.4],[112.83,-8.37],[112.81,-8.4],[112.77,-8.39],[112.76,-8.42],[112.64,-8.44]],[[112.66,-7.93],[112.59,-7.92],[112.6,-7.94],[112.57,-7.94],[112.6,-7.96],[112.6,-7.98],[112.58,-7.99],[112.59,-7.99],[112.63,-8.05],[112.66,-8.05],[112.69,-7.98],[112.66,-7.97],[112.66,-7.93]]],[[[112.71,-8.43],[112.71,-8.46],[112.68,-8.45],[112.69,-8.43],[112.71,-8.43]]]]}},{"type":"Feature","properties":{"id":"6104","nama":"Mempawah","prov":"Kalimantan Barat","ikk":101.34,"pdrb":6941.41,"pdrb_f":493.07,"share":7.1},"geometry":{"type":"MultiPolygon","coordinates":[[[[109.19,0.29],[109.26,0.26],[109.34,0.27],[109.37,0.02],[109.31,0.04],[109.29,0.01],[109.18,0.07],[109.09,0.25],[109.01,0.3],[108.92,0.33],[108.95,0.42],[108.91,0.5],[108.93,0.56],[108.94,0.54],[108.97,0.53],[109.04,0.59],[109.06,0.58],[109.09,0.59],[109.09,0.62],[109.12,0.62],[109.13,0.63],[109.11,0.64],[109.15,0.69],[109.29,0.65],[109.28,0.59],[109.24,0.54],[109.22,0.55],[109.18,0.47],[109.19,0.45],[109.24,0.47],[109.27,0.45],[109.32,0.4],[109.32,0.36],[109.23,0.33],[109.19,0.29]]]]}},{"type":"Feature","properties":{"id":"5108","nama":"Buleleng","prov":"Bali","ikk":109.12,"pdrb":25807.45,"pdrb_f":2295.37,"share":8.89},"geometry":{"type":"MultiPolygon","coordinates":[[[[114.93,-8.18],[115.0,-8.18],[115.12,-8.08],[115.18,-8.06],[115.46,-8.17],[115.41,-8.19],[115.36,-8.15],[115.32,-8.14],[115.3,-8.17],[115.26,-8.16],[115.23,-8.24],[115.18,-8.24],[115.11,-8.28],[115.1,-8.31],[114.99,-8.29],[114.96,-8.31],[114.93,-8.38],[114.87,-8.34],[114.83,-8.33],[114.82,-8.26],[114.78,-8.26],[114.7,-8.2],[114.68,-8.23],[114.64,-8.22],[114.59,-8.17],[114.52,-8.21],[114.46,-8.19],[114.47,-8.17],[114.44,-8.16],[114.44,-8.1],[114.49,-8.1],[114.52,-8.15],[114.59,-8.12],[114.59,-8.14],[114.62,-8.13],[114.82,-8.19],[114.93,-8.18]]]]}},{"type":"Feature","properties":{"id":"1804","nama":"Lampung Timur","prov":"Lampung","ikk":83.69,"pdrb":33531.0,"pdrb_f":2337.77,"share":6.97},"geometry":{"type":"MultiPolygon","coordinates":[[[[105.66,-5.49],[105.58,-5.48],[105.59,-5.46],[105.56,-5.44],[105.54,-5.45],[105.53,-5.47],[105.52,-5.46],[105.53,-5.42],[105.53,-5.33],[105.48,-5.3],[105.42,-5.3],[105.46,-5.28],[105.46,-5.24],[105.43,-5.25],[105.42,-5.22],[105.39,-5.21],[105.33,-5.23],[105.32,-5.21],[105.29,-5.21],[105.28,-5.19],[105.28,-5.17],[105.33,-5.17],[105.32,-5.13],[105.35,-5.11],[105.33,-5.09],[105.35,-5.06],[105.31,-5.07],[105.37,-5.03],[105.36,-5.01],[105.32,-5.0],[105.35,-4.96],[105.37,-4.97],[105.41,-4.96],[105.4,-4.92],[105.44,-4.88],[105.45,-4.9],[105.53,-4.89],[105.55,-4.9],[105.56,-4.87],[105.59,-4.88],[105.6,-4.85],[105.64,-4.85],[105.66,-4.78],[105.7,-4.74],[105.76,-4.73],[105.81,-4.75],[105.82,-4.65],[105.83,-4.62],[105.86,-4.63],[105.85,-4.67],[105.88,-4.7],[105.87,-4.85],[105.9,-4.94],[105.87,-4.96],[105.86,-5.04],[105.86,-5.26],[105.82,-5.34],[105.82,-5.57],[105.79,-5.61],[105.76,-5.62],[105.76,-5.59],[105.73,-5.6],[105.66,-5.56],[105.66,-5.49]]]]}},{"type":"Feature","properties":{"id":"3502","nama":"Ponorogo","prov":"Jawa Timur","ikk":95.62,"pdrb":17514.95,"pdrb_f":1702.45,"share":9.72},"geometry":{"type":"MultiPolygon","coordinates":[[[[111.35,-8.07],[111.37,-8.03],[111.35,-7.98],[111.32,-7.94],[111.28,-7.92],[111.3,-7.86],[111.32,-7.85],[111.29,-7.79],[111.47,-7.78],[111.57,-7.8],[111.6,-7.78],[111.66,-7.77],[111.7,-7.81],[111.75,-7.8],[111.79,-7.83],[111.76,-7.91],[111.74,-7.89],[111.7,-7.9],[111.69,-7.93],[111.64,-7.95],[111.66,-7.97],[111.65,-8.02],[111.64,-8.0],[111.59,-8.02],[111.57,-8.05],[111.53,-8.06],[111.53,-8.11],[111.48,-8.11],[111.47,-8.18],[111.38,-8.16],[111.37,-8.12],[111.35,-8.11],[111.36,-8.1],[111.35,-8.07]]]]}},{"type":"Feature","properties":{"id":"6107","nama":"Sintang","prov":"Kalimantan Barat","ikk":110.85,"pdrb":11773.44,"pdrb_f":1399.24,"share":11.88},"geometry":{"type":"MultiPolygon","coordinates":[[[[111.6,-0.18],[111.58,-0.21],[111.49,-0.23],[111.47,-0.27],[111.5,-0.31],[111.48,-0.34],[111.37,-0.35],[111.22,-0.52],[111.15,-0.52],[111.09,-0.5],[111.07,-0.45],[111.04,-0.43],[110.99,-0.36],[110.99,-0.33],[111.04,-0.33],[111.05,-0.32],[111.0,-0.27],[111.09,-0.26],[111.09,-0.14],[111.13,-0.1],[111.15,-0.01],[111.12,0.02],[111.11,0.08],[111.16,0.1],[111.22,0.06],[111.24,0.12],[111.3,0.14],[111.27,0.17],[111.27,0.25],[111.22,0.36],[111.27,0.38],[111.25,0.44],[111.3,0.52],[111.24,0.64],[111.11,0.69],[111.09,0.73],[111.0,0.75],[110.9,0.73],[110.87,0.76],[110.81,0.75],[110.78,0.82],[110.81,0.87],[110.78,0.89],[110.82,0.91],[110.81,0.95],[110.86,0.95],[110.9,1.03],[111.14,1.05],[111.23,1.09],[111.25,1.06],[111.41,1.01],[111.49,1.03],[111.54,0.93],[111.62,0.93],[111.7,0.81],[111.69,0.79],[111.74,0.76],[111.74,0.71],[111.71,0.7],[111.69,0.63],[111.74,0.59],[111.74,0.57],[111.71,0.55],[111.73,0.48],[111.69,0.38],[111.65,0.35],[111.67,0.32],[111.66,0.29],[111.73,0.25],[111.84,0.23],[111.87,0.18],[111.98,0.16],[111.99,0.18],[111.98,0.2],[112.0,0.21],[112.07,0.17],[112.1,0.08],[112.14,0.07],[112.22,0.11],[112.34,0.1],[112.4,0.14],[112.51,0.12],[112.51,0.15],[112.52,0.18],[112.57,0.2],[112.63,0.16],[112.62,0.2],[112.67,0.24],[112.75,0.22],[112.83,0.16],[112.9,0.15],[112.92,0.21],[112.97,0.21],[112.96,0.26],[112.99,0.29],[113.06,0.32],[113.13,0.24],[113.17,0.26],[113.28,0.24],[113.26,0.23],[113.31,0.17],[113.41,0.12],[113.39,0.08],[113.4,0.03],[113.43,0.01],[113.42,-0.05],[113.44,-0.06],[113.42,-0.11],[113.33,-0.15],[113.29,-0.21],[113.31,-0.25],[113.26,-0.28],[113.22,-0.33],[113.27,-0.43],[113.22,-0.51],[113.13,-0.45],[113.06,-0.51],[112.99,-0.49],[112.83,-0.58],[112.74,-0.57],[112.73,-0.59],[112.73,-0.63],[112.7,-0.62],[112.69,-0.66],[112.65,-0.65],[112.59,-0.69],[112.51,-0.7],[112.47,-0.68],[112.45,-0.65],[112.45,-0.56],[112.43,-0.53],[112.44,-0.43],[112.37,-0.36],[112.36,-0.19],[112.24,-0.24],[112.2,-0.28],[112.13,-0.29],[112.12,-0.27],[112.06,-0.27],[112.06,-0.25],[112.03,-0.22],[111.99,-0.23],[111.93,-0.19],[111.89,-0.22],[111.83,-0.19],[111.79,-0.19],[111.8,-0.18],[111.76,-0.19],[111.74,-0.16],[111.69,-0.14],[111.63,-0.18],[111.62,-0.16],[111.6,-0.18]]]]}},{"type":"Feature","properties":{"id":"5107","nama":"Karangasem","prov":"Bali","ikk":108.97,"pdrb":12275.39,"pdrb_f":872.84,"share":7.11},"geometry":{"type":"MultiPolygon","coordinates":[[[[115.71,-8.4],[115.61,-8.5],[115.58,-8.52],[115.52,-8.5],[115.51,-8.54],[115.48,-8.55],[115.46,-8.5],[115.41,-8.53],[115.41,-8.47],[115.39,-8.48],[115.41,-8.43],[115.42,-8.4],[115.4,-8.36],[115.41,-8.32],[115.43,-8.27],[115.46,-8.25],[115.44,-8.18],[115.46,-8.17],[115.56,-8.23],[115.64,-8.33],[115.7,-8.36],[115.71,-8.4]]]]}},{"type":"Feature","properties":{"id":"1807","nama":"Way Kanan","prov":"Lampung","ikk":91.46,"pdrb":11724.85,"pdrb_f":1071.2,"share":9.14},"geometry":{"type":"MultiPolygon","coordinates":[[[[104.52,-4.92],[104.5,-4.95],[104.48,-4.93],[104.44,-4.94],[104.41,-4.87],[104.34,-4.86],[104.37,-4.82],[104.34,-4.82],[104.36,-4.79],[104.31,-4.75],[104.29,-4.7],[104.3,-4.65],[104.33,-4.61],[104.31,-4.52],[104.34,-4.42],[104.38,-4.35],[104.44,-4.3],[104.47,-4.31],[104.62,-4.21],[104.62,-4.24],[104.67,-4.26],[104.76,-4.24],[104.79,-4.26],[104.84,-4.24],[104.87,-4.23],[104.93,-4.19],[104.94,-4.23],[105.0,-4.27],[104.96,-4.28],[105.0,-4.27],[104.99,-4.4],[105.06,-4.41],[105.06,-4.46],[104.98,-4.45],[104.94,-4.53],[104.85,-4.55],[104.82,-4.58],[104.7,-4.55],[104.7,-4.6],[104.61,-4.68],[104.65,-4.78],[104.6,-4.83],[104.55,-4.83],[104.52,-4.92]]]]}},{"type":"Feature","properties":{"id":"3501","nama":"Pacitan","prov":"Jawa Timur","ikk":91.86,"pdrb":13586.72,"pdrb_f":2047.06,"share":15.07},"geometry":{"type":"MultiPolygon","coordinates":[[[[111.23,-8.26],[111.15,-8.28],[111.1,-8.25],[111.1,-8.23],[111.09,-8.22],[111.07,-8.25],[111.0,-8.25],[110.9,-8.21],[110.9,-8.18],[110.91,-8.12],[110.95,-8.06],[111.04,-8.08],[111.08,-8.05],[111.08,-8.02],[111.09,-8.06],[111.12,-8.06],[111.14,-7.93],[111.19,-7.91],[111.19,-7.94],[111.22,-7.93],[111.23,-7.95],[111.25,-7.95],[111.28,-7.92],[111.32,-7.94],[111.37,-8.03],[111.35,-8.07],[111.36,-8.1],[111.35,-8.11],[111.37,-8.12],[111.38,-8.16],[111.43,-8.18],[111.42,-8.2],[111.4,-8.19],[111.41,-8.27],[111.3,-8.26],[111.29,-8.27],[111.26,-8.25],[111.23,-8.26]]]]}},{"type":"Feature","properties":{"id":"6106","nama":"Ketapang","prov":"Kalimantan Barat","ikk":101.55,"pdrb":22494.33,"pdrb_f":1882.46,"share":8.37},"geometry":{"type":"MultiPolygon","coordinates":[[[[109.97,-1.84],[109.93,-1.84],[109.91,-1.8],[109.91,-1.78],[109.94,-1.78],[109.94,-1.76],[109.98,-1.75],[110.03,-1.68],[110.04,-1.52],[110.07,-1.4],[110.07,-1.36],[110.22,-1.34],[110.22,-1.29],[110.28,-1.28],[110.32,-1.26],[110.42,-1.26],[110.39,-1.23],[110.41,-1.19],[110.38,-1.18],[110.39,-1.16],[110.36,-1.07],[110.27,-1.0],[110.29,-0.97],[110.27,-0.93],[110.16,-0.93],[110.17,-0.88],[110.01,-0.72],[109.96,-0.74],[109.94,-0.74],[109.93,-0.72],[109.9,-0.73],[109.86,-0.66],[109.81,-0.68],[109.81,-0.64],[109.88,-0.59],[109.88,-0.55],[109.95,-0.5],[110.0,-0.49],[110.05,-0.39],[110.1,-0.4],[110.11,-0.43],[110.16,-0.44],[110.21,-0.42],[110.3,-0.45],[110.32,-0.41],[110.37,-0.4],[110.35,-0.44],[110.39,-0.47],[110.41,-0.44],[110.41,-0.38],[110.47,-0.33],[110.53,-0.34],[110.6,-0.4],[110.62,-0.44],[110.63,-0.54],[110.61,-0.6],[110.62,-0.63],[110.64,-0.64],[110.66,-0.61],[110.71,-0.62],[110.71,-0.65],[110.75,-0.64],[110.73,-0.7],[110.75,-0.71],[110.82,-0.67],[110.84,-0.71],[110.91,-0.66],[110.93,-0.68],[110.94,-0.65],[110.99,-0.62],[111.02,-0.59],[111.0,-0.56],[110.96,-0.54],[110.95,-0.49],[111.01,-0.51],[111.05,-0.49],[111.09,-0.51],[111.1,-0.5],[111.2,-0.52],[111.24,-0.59],[111.27,-0.6],[111.22,-0.66],[111.24,-0.7],[111.23,-0.78],[111.21,-0.83],[111.22,-0.86],[111.2,-0.88],[111.16,-0.86],[111.17,-0.91],[111.11,-0.95],[111.15,-0.96],[111.14,-1.01],[111.21,-1.02],[111.27,-1.1],[111.24,-1.18],[111.26,-1.21],[111.27,-1.25],[111.31,-1.26],[111.32,-1.29],[111.35,-1.31],[111.33,-1.34],[111.26,-1.43],[111.2,-1.44],[111.16,-1.37],[111.08,-1.36],[111.04,-1.4],[111.05,-1.46],[111.03,-1.49],[110.96,-1.56],[110.94,-1.56],[110.9,-1.6],[110.89,-1.6],[110.84,-1.66],[110.87,-1.72],[110.87,-1.74],[110.9,-1.77],[110.99,-1.76],[110.99,-1.8],[110.95,-1.87],[110.99,-1.95],[111.0,-1.95],[111.01,-1.97],[111.06,-1.96],[111.1,-1.98],[111.08,-2.01],[111.09,-2.04],[111.06,-2.06],[111.08,-2.16],[111.03,-2.24],[111.09,-2.32],[111.11,-2.48],[111.14,-2.61],[111.12,-2.65],[111.16,-2.67],[111.17,-2.71],[111.1,-2.77],[111.01,-2.79],[110.97,-2.86],[110.79,-2.91],[110.73,-3.0],[110.66,-3.04],[110.63,-3.03],[110.61,-2.99],[110.64,-2.99],[110.62,-2.89],[110.57,-2.84],[110.42,-2.9],[110.31,-3.0],[110.26,-2.96],[110.22,-2.89],[110.26,-2.83],[110.26,-2.77],[110.22,-2.74],[110.23,-2.7],[110.21,-2.65],[110.15,-2.62],[110.19,-2.57],[110.18,-2.46],[110.15,-2.43],[110.14,-2.32],[110.12,-2.27],[110.09,-2.24],[110.06,-2.25],[110.09,-2.22],[110.08,-2.19],[110.12,-2.13],[110.12,-2.03],[110.07,-1.93],[109.92,-1.85],[109.9,-1.82],[109.97,-1.84]]],[[[110.18,-2.86],[110.2,-2.89],[110.19,-2.91],[110.17,-2.91],[110.13,-2.89],[110.18,-2.86]]],[[[110.12,-2.68],[110.13,-2.74],[110.09,-2.76],[110.04,-2.74],[110.1,-2.67],[110.12,-2.68]]]]}},{"type":"Feature","properties":{"id":"1806","nama":"Lampung Utara","prov":"Lampung","ikk":87.26,"pdrb":19680.3,"pdrb_f":1823.99,"share":9.27},"geometry":{"type":"MultiPolygon","coordinates":[[[[104.68,-5.08],[104.63,-5.09],[104.56,-5.01],[104.49,-4.98],[104.55,-4.83],[104.6,-4.83],[104.65,-4.78],[104.61,-4.67],[104.7,-4.6],[104.7,-4.55],[104.81,-4.58],[104.85,-4.55],[104.95,-4.53],[104.99,-4.56],[105.0,-4.61],[104.98,-4.63],[105.0,-4.64],[105.0,-4.66],[105.13,-4.73],[105.12,-4.78],[105.05,-4.88],[105.04,-4.95],[105.01,-4.96],[104.97,-4.91],[104.93,-4.92],[104.9,-4.98],[104.85,-5.0],[104.84,-4.97],[104.84,-4.98],[104.81,-4.98],[104.8,-5.01],[104.78,-5.01],[104.78,-5.04],[104.77,-5.03],[104.68,-5.08]]]]}},{"type":"Feature","properties":{"id":"3504","nama":"Tulungagung","prov":"Jawa Timur","ikk":92.66,"pdrb":33526.68,"pdrb_f":2990.75,"share":8.92},"geometry":{"type":"MultiPolygon","coordinates":[[[[111.84,-8.27],[111.78,-8.26],[111.77,-8.29],[111.76,-8.29],[111.72,-8.18],[111.73,-8.14],[111.82,-8.14],[111.85,-8.11],[111.75,-8.03],[111.76,-7.99],[111.74,-7.93],[111.76,-7.92],[111.77,-7.85],[111.8,-7.84],[111.8,-7.87],[111.86,-7.91],[111.89,-7.95],[111.94,-7.95],[112.0,-8.09],[112.12,-8.13],[112.12,-8.16],[112.08,-8.19],[112.03,-8.17],[112.03,-8.31],[111.97,-8.28],[111.94,-8.28],[111.93,-8.31],[111.87,-8.29],[111.84,-8.26],[111.84,-8.27]]]]}},{"type":"Feature","properties":{"id":"6101","nama":"Sambas","prov":"Kalimantan Barat","ikk":108.97,"pdrb":16759.28,"pdrb_f":1194.55,"share":7.13},"geometry":{"type":"MultiPolygon","coordinates":[[[[109.05,1.01],[108.98,1.0],[108.93,1.1],[108.93,1.12],[108.95,1.11],[108.92,1.12],[108.9,1.17],[108.97,1.18],[108.96,1.22],[109.04,1.34],[109.04,1.46],[109.06,1.52],[109.26,1.67],[109.3,1.77],[109.29,1.78],[109.34,1.83],[109.34,1.88],[109.32,1.93],[109.34,1.94],[109.43,1.95],[109.48,1.98],[109.59,1.99],[109.64,2.08],[109.62,1.98],[109.56,1.97],[109.57,1.94],[109.54,1.91],[109.59,1.79],[109.63,1.8],[109.69,1.78],[109.66,1.64],[109.75,1.54],[109.73,1.49],[109.65,1.44],[109.61,1.43],[109.57,1.46],[109.56,1.38],[109.61,1.37],[109.61,1.33],[109.62,1.32],[109.61,1.29],[109.62,1.2],[109.55,1.15],[109.51,1.01],[109.47,1.02],[109.47,1.01],[109.41,1.05],[109.25,1.04],[109.23,0.99],[109.19,0.96],[109.15,0.98],[109.13,1.02],[109.1,0.99],[109.05,1.01]]]]}},{"type":"Feature","properties":{"id":"1801","nama":"Lampung Barat","prov":"Lampung","ikk":92.01,"pdrb":6056.04,"pdrb_f":309.43,"share":5.11},"geometry":{"type":"MultiPolygon","coordinates":[[[[104.29,-5.32],[104.22,-5.22],[104.13,-5.18],[104.06,-5.09],[104.03,-5.08],[104.0,-5.1],[104.02,-5.04],[104.01,-5.02],[103.94,-4.98],[103.87,-4.96],[103.82,-4.92],[103.82,-4.88],[103.82,-4.82],[103.84,-4.82],[103.87,-4.85],[103.85,-4.91],[103.91,-4.96],[103.94,-4.89],[103.96,-4.91],[104.06,-4.89],[104.09,-4.92],[104.15,-4.92],[104.19,-4.86],[104.23,-4.87],[104.31,-4.8],[104.33,-4.82],[104.32,-4.88],[104.41,-4.87],[104.44,-4.94],[104.5,-4.94],[104.5,-4.98],[104.56,-5.01],[104.63,-5.09],[104.6,-5.09],[104.57,-5.06],[104.56,-5.08],[104.6,-5.13],[104.54,-5.08],[104.55,-5.1],[104.44,-5.17],[104.41,-5.17],[104.39,-5.23],[104.41,-5.25],[104.42,-5.31],[104.38,-5.32],[104.37,-5.37],[104.34,-5.33],[104.32,-5.35],[104.29,-5.32]]]]}},{"type":"Feature","properties":{"id":"3503","nama":"Trenggalek","prov":"Jawa Timur","ikk":94.96,"pdrb":15671.37,"pdrb_f":1166.77,"share":7.45},"geometry":{"type":"MultiPolygon","coordinates":[[[[111.46,-8.17],[111.48,-8.17],[111.48,-8.11],[111.53,-8.11],[111.53,-8.06],[111.63,-8.0],[111.66,-8.02],[111.66,-7.97],[111.64,-7.95],[111.69,-7.93],[111.7,-7.9],[111.75,-7.89],[111.76,-7.92],[111.74,-7.93],[111.74,-7.96],[111.76,-7.99],[111.75,-8.03],[111.85,-8.11],[111.82,-8.14],[111.74,-8.14],[111.72,-8.16],[111.73,-8.25],[111.75,-8.28],[111.78,-8.29],[111.78,-8.33],[111.75,-8.34],[111.74,-8.3],[111.71,-8.29],[111.71,-8.32],[111.69,-8.33],[111.73,-8.37],[111.71,-8.37],[111.7,-8.38],[111.67,-8.36],[111.63,-8.35],[111.62,-8.32],[111.61,-8.34],[111.6,-8.32],[111.57,-8.33],[111.57,-8.32],[111.56,-8.31],[111.53,-8.33],[111.48,-8.31],[111.46,-8.32],[111.45,-8.27],[111.43,-8.26],[111.41,-8.28],[111.39,-8.23],[111.41,-8.21],[111.4,-8.19],[111.42,-8.2],[111.42,-8.17],[111.46,-8.17]]]]}},{"type":"Feature","properties":{"id":"5104","nama":"Gianyar","prov":"Bali","ikk":105.95,"pdrb":21067.71,"pdrb_f":2470.35,"share":11.73},"geometry":{"type":"MultiPolygon","coordinates":[[[[115.31,-8.62],[115.27,-8.65],[115.26,-8.64],[115.23,-8.52],[115.24,-8.48],[115.23,-8.39],[115.25,-8.32],[115.26,-8.33],[115.28,-8.31],[115.3,-8.34],[115.33,-8.33],[115.33,-8.51],[115.36,-8.52],[115.37,-8.57],[115.31,-8.62]]]]}},{"type":"Feature","properties":{"id":"6103","nama":"Landak","prov":"Kalimantan Barat","ikk":106.14,"pdrb":8740.72,"pdrb_f":701.34,"share":8.02},"geometry":{"type":"MultiPolygon","coordinates":[[[[109.7,0.08],[109.66,0.07],[109.66,0.04],[109.63,0.05],[109.61,0.02],[109.57,0.04],[109.59,0.02],[109.57,0.01],[109.58,-0.0],[109.54,0.0],[109.5,-0.03],[109.52,0.04],[109.5,0.09],[109.51,0.12],[109.49,0.17],[109.49,0.2],[109.47,0.24],[109.38,0.26],[109.38,0.21],[109.35,0.19],[109.34,0.25],[109.34,0.27],[109.26,0.26],[109.19,0.29],[109.23,0.33],[109.32,0.36],[109.32,0.4],[109.27,0.45],[109.24,0.47],[109.19,0.45],[109.18,0.47],[109.19,0.5],[109.28,0.58],[109.3,0.63],[109.24,0.67],[109.21,0.66],[109.18,0.68],[109.17,0.71],[109.19,0.7],[109.26,0.74],[109.3,0.71],[109.34,0.77],[109.44,0.75],[109.48,0.78],[109.53,0.71],[109.66,0.75],[109.69,0.85],[109.81,0.85],[109.91,0.94],[109.93,1.01],[109.91,1.03],[109.93,1.05],[109.96,1.03],[110.09,1.03],[110.22,0.98],[110.2,0.93],[110.27,0.87],[110.18,0.84],[110.18,0.81],[110.19,0.76],[110.24,0.72],[110.22,0.6],[110.26,0.59],[110.26,0.55],[110.2,0.53],[110.21,0.48],[110.17,0.46],[110.2,0.39],[110.15,0.38],[110.13,0.32],[110.14,0.26],[110.1,0.22],[110.05,0.22],[110.0,0.17],[110.03,0.13],[109.96,0.13],[109.96,0.11],[109.96,0.11],[109.95,0.1],[109.92,0.11],[109.87,0.09],[109.77,0.08],[109.75,0.09],[109.7,0.08]]]]}},{"type":"Feature","properties":{"id":"5103","nama":"Badung","prov":"Bali","ikk":111.08,"pdrb":40025.31,"pdrb_f":4044.34,"share":10.1},"geometry":{"type":"MultiPolygon","coordinates":[[[[115.22,-8.75],[115.24,-8.8],[115.22,-8.83],[115.12,-8.85],[115.08,-8.83],[115.17,-8.77],[115.15,-8.75],[115.16,-8.7],[115.1,-8.64],[115.16,-8.6],[115.18,-8.5],[115.17,-8.46],[115.2,-8.45],[115.2,-8.49],[115.21,-8.4],[115.2,-8.36],[115.21,-8.33],[115.19,-8.25],[115.23,-8.24],[115.25,-8.26],[115.25,-8.34],[115.23,-8.39],[115.25,-8.59],[115.24,-8.6],[115.23,-8.59],[115.18,-8.62],[115.17,-8.68],[115.18,-8.77],[115.22,-8.79],[115.22,-8.75]]]]}},{"type":"Feature","properties":{"id":"1803","nama":"Lampung Selatan","prov":"Lampung","ikk":88.28,"pdrb":37081.66,"pdrb_f":5106.17,"share":13.77},"geometry":{"type":"MultiPolygon","coordinates":[[[[105.46,-6.14],[105.45,-6.17],[105.42,-6.16],[105.46,-6.14]]],[[[105.5,-5.92],[105.51,-5.96],[105.49,-5.97],[105.46,-5.95],[105.48,-5.93],[105.5,-5.92]]],[[[105.47,-5.66],[105.41,-5.62],[105.38,-5.58],[105.33,-5.48],[105.34,-5.42],[105.31,-5.36],[105.29,-5.37],[105.28,-5.34],[105.27,-5.36],[105.25,-5.33],[105.21,-5.37],[105.19,-5.33],[105.12,-5.31],[105.14,-5.25],[105.17,-5.27],[105.16,-5.21],[105.28,-5.17],[105.29,-5.21],[105.32,-5.21],[105.33,-5.23],[105.39,-5.21],[105.42,-5.22],[105.43,-5.25],[105.46,-5.24],[105.47,-5.26],[105.42,-5.31],[105.48,-5.3],[105.53,-5.33],[105.53,-5.42],[105.52,-5.46],[105.53,-5.47],[105.54,-5.45],[105.56,-5.44],[105.59,-5.46],[105.58,-5.48],[105.6,-5.49],[105.66,-5.49],[105.66,-5.56],[105.73,-5.6],[105.76,-5.59],[105.76,-5.62],[105.83,-5.58],[105.79,-5.72],[105.8,-5.79],[105.76,-5.87],[105.72,-5.91],[105.7,-5.85],[105.61,-5.83],[105.58,-5.8],[105.59,-5.74],[105.55,-5.7],[105.56,-5.67],[105.54,-5.67],[105.53,-5.69],[105.47,-5.66]]],[[[105.53,-5.85],[105.54,-5.87],[105.5,-5.9],[105.49,-5.88],[105.53,-5.85]]]]}},{"type":"Feature","properties":{"id":"6102","nama":"Bengkayang","prov":"Kalimantan Barat","ikk":105.69,"pdrb":7085.41,"pdrb_f":630.28,"share":8.9},"geometry":{"type":"MultiPolygon","coordinates":[[[[109.03,0.58],[108.97,0.53],[108.93,0.55],[108.92,0.65],[108.87,0.71],[108.88,0.76],[108.84,0.82],[108.87,0.84],[108.96,0.81],[109.02,0.72],[109.07,0.76],[109.05,0.84],[109.13,0.88],[109.16,0.88],[109.18,0.9],[109.16,0.95],[109.23,0.99],[109.25,1.04],[109.42,1.05],[109.47,1.01],[109.47,1.02],[109.51,1.01],[109.55,1.15],[109.62,1.2],[109.61,1.29],[109.62,1.32],[109.61,1.33],[109.61,1.37],[109.56,1.38],[109.57,1.46],[109.63,1.44],[109.72,1.48],[109.75,1.54],[109.8,1.5],[109.8,1.47],[109.84,1.48],[109.84,1.42],[109.93,1.43],[109.96,1.4],[109.98,1.3],[110.06,1.27],[110.06,1.21],[110.13,1.2],[110.07,1.13],[110.13,1.09],[110.11,1.06],[110.14,1.02],[110.04,1.04],[110.02,1.02],[109.93,1.05],[109.91,1.03],[109.93,1.01],[109.91,0.94],[109.81,0.85],[109.69,0.85],[109.67,0.75],[109.53,0.71],[109.48,0.78],[109.44,0.75],[109.34,0.77],[109.3,0.71],[109.27,0.75],[109.19,0.7],[109.17,0.71],[109.17,0.69],[109.14,0.69],[109.11,0.64],[109.13,0.63],[109.13,0.63],[109.12,0.62],[109.09,0.62],[109.09,0.59],[109.04,0.6],[109.03,0.58]]],[[[108.71,0.8],[108.73,0.74],[108.71,0.75],[108.69,0.8],[108.71,0.8]]]]}},{"type":"Feature","properties":{"id":"5106","nama":"Bangli","prov":"Bali","ikk":111.08,"pdrb":5135.46,"pdrb_f":418.24,"share":8.14},"geometry":{"type":"MultiPolygon","coordinates":[[[[115.33,-8.52],[115.32,-8.44],[115.34,-8.38],[115.33,-8.33],[115.3,-8.34],[115.28,-8.31],[115.26,-8.33],[115.23,-8.24],[115.26,-8.16],[115.3,-8.17],[115.32,-8.14],[115.35,-8.15],[115.4,-8.19],[115.44,-8.18],[115.46,-8.25],[115.43,-8.27],[115.4,-8.36],[115.42,-8.4],[115.41,-8.45],[115.38,-8.46],[115.36,-8.52],[115.33,-8.52]]]]}},{"type":"Feature","properties":{"id":"1802","nama":"Tanggamus","prov":"Lampung","ikk":88.73,"pdrb":13002.11,"pdrb_f":1244.19,"share":9.57},"geometry":{"type":"MultiPolygon","coordinates":[[[[104.53,-5.55],[104.64,-5.69],[104.65,-5.75],[104.71,-5.83],[104.7,-5.88],[104.73,-5.93],[104.7,-5.93],[104.67,-5.87],[104.63,-5.71],[104.57,-5.63],[104.53,-5.62],[104.54,-5.6],[104.49,-5.55],[104.44,-5.52],[104.41,-5.45],[104.32,-5.35],[104.34,-5.33],[104.37,-5.37],[104.38,-5.32],[104.42,-5.31],[104.41,-5.25],[104.39,-5.23],[104.41,-5.17],[104.44,-5.17],[104.55,-5.1],[104.54,-5.08],[104.57,-5.1],[104.6,-5.15],[104.64,-5.15],[104.67,-5.17],[104.7,-5.17],[104.73,-5.13],[104.78,-5.14],[104.77,-5.18],[104.79,-5.26],[104.82,-5.31],[104.87,-5.34],[104.86,-5.37],[104.9,-5.42],[104.89,-5.44],[104.92,-5.45],[104.89,-5.55],[105.06,-5.63],[105.06,-5.65],[105.09,-5.67],[105.08,-5.73],[105.14,-5.79],[105.17,-5.79],[105.16,-5.81],[105.13,-5.8],[105.12,-5.78],[105.09,-5.8],[105.11,-5.77],[105.09,-5.78],[105.09,-5.76],[105.03,-5.75],[105.03,-5.73],[104.97,-5.71],[104.97,-5.69],[104.96,-5.71],[104.94,-5.7],[104.9,-5.66],[104.88,-5.66],[104.78,-5.61],[104.71,-5.52],[104.6,-5.5],[104.53,-5.55]]],[[[104.79,-5.76],[104.85,-5.8],[104.86,-5.84],[104.83,-5.83],[104.78,-5.78],[104.79,-5.76]]]]}},{"type":"Feature","properties":{"id":"3315","nama":"Grobogan","prov":"Jawa Tengah","ikk":101.06,"pdrb":24896.25,"pdrb_f":1384.94,"share":5.56},"geometry":{"type":"MultiPolygon","coordinates":[[[[110.82,-7.22],[110.77,-7.24],[110.78,-7.18],[110.76,-7.19],[110.74,-7.14],[110.69,-7.19],[110.71,-7.22],[110.69,-7.24],[110.54,-7.18],[110.55,-7.14],[110.59,-7.12],[110.56,-7.09],[110.62,-7.01],[110.62,-6.98],[110.67,-6.98],[110.69,-7.02],[110.67,-7.05],[110.69,-7.02],[110.73,-7.03],[110.76,-7.02],[110.78,-7.0],[110.76,-6.99],[110.78,-6.95],[110.83,-7.0],[110.88,-6.97],[110.91,-6.99],[110.91,-6.97],[111.07,-6.97],[111.11,-6.91],[111.11,-6.98],[111.17,-6.98],[111.22,-7.03],[111.21,-7.08],[111.25,-7.17],[111.23,-7.24],[111.18,-7.26],[111.1,-7.25],[111.07,-7.27],[111.03,-7.26],[110.91,-7.28],[110.83,-7.25],[110.85,-7.2],[110.82,-7.22]]]]}},{"type":"Feature","properties":{"id":"5105","nama":"Klungkung","prov":"Bali","ikk":113.07,"pdrb":6708.79,"pdrb_f":656.69,"share":9.79},"geometry":{"type":"MultiPolygon","coordinates":[[[[115.47,-8.67],[115.45,-8.69],[115.43,-8.69],[115.45,-8.66],[115.47,-8.67]]],[[[115.46,-8.5],[115.48,-8.55],[115.44,-8.57],[115.37,-8.57],[115.36,-8.48],[115.38,-8.46],[115.4,-8.46],[115.39,-8.48],[115.41,-8.47],[115.41,-8.53],[115.46,-8.5]]],[[[115.56,-8.67],[115.63,-8.77],[115.59,-8.82],[115.51,-8.78],[115.45,-8.75],[115.45,-8.72],[115.49,-8.67],[115.56,-8.67]]]]}},{"type":"Feature","properties":{"id":"3314","nama":"Sragen","prov":"Jawa Tengah","ikk":99.1,"pdrb":33921.43,"pdrb_f":2283.39,"share":6.73},"geometry":{"type":"MultiPolygon","coordinates":[[[[110.99,-7.52],[110.77,-7.44],[110.77,-7.39],[110.8,-7.37],[110.79,-7.36],[110.8,-7.31],[110.84,-7.32],[110.82,-7.32],[110.84,-7.34],[110.86,-7.32],[110.83,-7.31],[110.85,-7.3],[110.82,-7.29],[110.84,-7.3],[110.83,-7.27],[110.86,-7.27],[110.96,-7.28],[111.03,-7.26],[111.07,-7.27],[111.1,-7.25],[111.15,-7.27],[111.15,-7.37],[111.12,-7.42],[111.15,-7.52],[111.13,-7.51],[111.11,-7.53],[111.08,-7.53],[111.07,-7.5],[111.04,-7.51],[111.05,-7.54],[110.99,-7.52]]],[[[110.81,-7.27],[110.81,-7.29],[110.8,-7.31],[110.79,-7.28],[110.81,-7.27]]]]}},{"type":"Feature","properties":{"id":"3317","nama":"Rembang","prov":"Jawa Tengah","ikk":101.76,"pdrb":17185.84,"pdrb_f":1447.53,"share":8.42},"geometry":{"type":"MultiPolygon","coordinates":[[[[111.29,-6.87],[111.26,-6.84],[111.27,-6.83],[111.24,-6.8],[111.23,-6.69],[111.38,-6.7],[111.46,-6.66],[111.49,-6.62],[111.56,-6.64],[111.69,-6.75],[111.68,-6.77],[111.66,-6.77],[111.65,-6.82],[111.62,-6.82],[111.61,-6.91],[111.57,-6.92],[111.49,-6.88],[111.39,-6.89],[111.29,-6.87]]]]}},{"type":"Feature","properties":{"id":"3316","nama":"Blora","prov":"Jawa Tengah","ikk":101.19,"pdrb":20834.42,"pdrb_f":990.51,"share":4.75},"geometry":{"type":"MultiPolygon","coordinates":[[[[111.36,-7.33],[111.24,-7.29],[111.21,-7.25],[111.24,-7.24],[111.25,-7.19],[111.21,-7.08],[111.22,-7.03],[111.17,-6.98],[111.11,-6.98],[111.11,-6.91],[111.14,-6.92],[111.14,-6.9],[111.2,-6.9],[111.23,-6.85],[111.38,-6.89],[111.49,-6.88],[111.58,-6.92],[111.57,-6.95],[111.62,-6.98],[111.62,-7.04],[111.62,-7.11],[111.59,-7.19],[111.57,-7.19],[111.54,-7.23],[111.49,-7.24],[111.49,-7.26],[111.45,-7.25],[111.45,-7.27],[111.44,-7.27],[111.42,-7.31],[111.46,-7.32],[111.45,-7.34],[111.46,-7.35],[111.44,-7.35],[111.46,-7.35],[111.46,-7.38],[111.36,-7.33]]]]}},{"type":"Feature","properties":{"id":"5102","nama":"Tabanan","prov":"Bali","ikk":108.69,"pdrb":17121.56,"pdrb_f":1626.93,"share":9.5},"geometry":{"type":"MultiPolygon","coordinates":[[[[115.07,-8.59],[114.92,-8.47],[114.93,-8.36],[114.95,-8.36],[114.96,-8.31],[114.99,-8.29],[115.09,-8.31],[115.11,-8.28],[115.18,-8.24],[115.19,-8.25],[115.21,-8.33],[115.2,-8.36],[115.22,-8.44],[115.2,-8.49],[115.2,-8.45],[115.18,-8.45],[115.18,-8.5],[115.14,-8.62],[115.12,-8.61],[115.1,-8.64],[115.07,-8.59]]]]}},{"type":"Feature","properties":{"id":"3311","nama":"Sukoharjo","prov":"Jawa Tengah","ikk":100.72,"pdrb":33951.06,"pdrb_f":2176.94,"share":6.41},"geometry":{"type":"MultiPolygon","coordinates":[[[[110.8,-7.79],[110.76,-7.83],[110.71,-7.79],[110.8,-7.64],[110.76,-7.64],[110.74,-7.6],[110.7,-7.59],[110.72,-7.55],[110.77,-7.55],[110.78,-7.58],[110.8,-7.57],[110.82,-7.59],[110.87,-7.57],[110.91,-7.58],[110.91,-7.61],[110.95,-7.62],[110.96,-7.68],[110.94,-7.78],[110.88,-7.75],[110.85,-7.81],[110.8,-7.79]]]]}},{"type":"Feature","properties":{"id":"5101","nama":"Jembrana","prov":"Bali","ikk":104.93,"pdrb":10488.93,"pdrb_f":1032.2,"share":9.84},"geometry":{"type":"MultiPolygon","coordinates":[[[[114.85,-8.34],[114.94,-8.39],[114.92,-8.47],[114.75,-8.4],[114.59,-8.4],[114.45,-8.22],[114.44,-8.16],[114.44,-8.18],[114.46,-8.17],[114.46,-8.19],[114.51,-8.21],[114.61,-8.18],[114.64,-8.22],[114.68,-8.23],[114.7,-8.2],[114.78,-8.26],[114.81,-8.25],[114.82,-8.33],[114.85,-8.34]]]]}},{"type":"Feature","properties":{"id":"3310","nama":"Klaten","prov":"Jawa Tengah","ikk":101.01,"pdrb":35131.44,"pdrb_f":2468.27,"share":7.03},"geometry":{"type":"MultiPolygon","coordinates":[[[[110.63,-7.8],[110.58,-7.81],[110.58,-7.79],[110.56,-7.78],[110.53,-7.8],[110.49,-7.77],[110.45,-7.54],[110.54,-7.63],[110.55,-7.6],[110.6,-7.59],[110.6,-7.57],[110.65,-7.59],[110.74,-7.6],[110.76,-7.64],[110.8,-7.64],[110.71,-7.8],[110.68,-7.81],[110.67,-7.79],[110.66,-7.8],[110.63,-7.8]]]]}},{"type":"Feature","properties":{"id":"3313","nama":"Karanganyar","prov":"Jawa Tengah","ikk":101.1,"pdrb":33709.11,"pdrb_f":2286.68,"share":6.78},"geometry":{"type":"MultiPolygon","coordinates":[[[[110.96,-7.73],[110.94,-7.74],[110.96,-7.68],[110.95,-7.62],[110.91,-7.61],[110.91,-7.58],[110.86,-7.57],[110.86,-7.54],[110.82,-7.53],[110.8,-7.46],[111.04,-7.54],[111.04,-7.51],[111.06,-7.5],[111.08,-7.53],[111.11,-7.53],[111.13,-7.51],[111.15,-7.52],[111.15,-7.57],[111.19,-7.62],[111.18,-7.71],[111.05,-7.76],[111.05,-7.78],[111.02,-7.76],[110.97,-7.77],[110.96,-7.73]]],[[[110.78,-7.53],[110.8,-7.53],[110.8,-7.55],[110.75,-7.54],[110.71,-7.53],[110.78,-7.53]]]]}},{"type":"Feature","properties":{"id":"3312","nama":"Wonogiri","prov":"Jawa Tengah","ikk":97.29,"pdrb":26141.91,"pdrb_f":1829.58,"share":7.0},"geometry":{"type":"MultiPolygon","coordinates":[[[[110.9,-8.17],[110.91,-8.2],[110.88,-8.21],[110.83,-8.2],[110.82,-8.14],[110.8,-8.16],[110.79,-8.15],[110.78,-8.07],[110.75,-8.03],[110.78,-7.8],[110.81,-7.79],[110.85,-7.81],[110.86,-7.75],[110.9,-7.75],[110.94,-7.78],[110.94,-7.74],[110.96,-7.73],[110.97,-7.77],[111.02,-7.76],[111.05,-7.77],[111.16,-7.71],[111.21,-7.72],[111.24,-7.75],[111.27,-7.74],[111.29,-7.74],[111.28,-7.79],[111.32,-7.85],[111.3,-7.86],[111.25,-7.95],[111.19,-7.94],[111.19,-7.91],[111.14,-7.93],[111.12,-8.06],[111.09,-8.06],[111.08,-8.02],[111.08,-8.05],[111.04,-8.08],[110.95,-8.06],[110.9,-8.17]]]]}},{"type":"Feature","properties":{"id":"1276","nama":"Kota Binjai","prov":"Sumatera Utara","ikk":90.24,"pdrb":9741.6,"pdrb_f":1010.03,"share":10.37},"geometry":{"type":"MultiPolygon","coordinates":[[[[98.5,3.57],[98.48,3.56],[98.48,3.53],[98.45,3.54],[98.46,3.6],[98.44,3.61],[98.47,3.62],[98.46,3.66],[98.52,3.67],[98.51,3.63],[98.53,3.62],[98.54,3.57],[98.5,3.57]]]]}},{"type":"Feature","properties":{"id":"1275","nama":"Kota Medan","prov":"Sumatera Utara","ikk":93.52,"pdrb":191540.51,"pdrb_f":34968.51,"share":18.26},"geometry":{"type":"MultiPolygon","coordinates":[[[[98.69,3.52],[98.66,3.52],[98.64,3.48],[98.64,3.51],[98.63,3.52],[98.59,3.5],[98.59,3.54],[98.61,3.56],[98.6,3.62],[98.65,3.62],[98.67,3.64],[98.66,3.68],[98.61,3.7],[98.65,3.73],[98.63,3.75],[98.63,3.78],[98.72,3.79],[98.7,3.75],[98.73,3.72],[98.7,3.72],[98.7,3.67],[98.67,3.67],[98.7,3.65],[98.71,3.6],[98.74,3.6],[98.72,3.59],[98.74,3.59],[98.72,3.55],[98.75,3.53],[98.69,3.52]]]]}},{"type":"Feature","properties":{"id":"1278","nama":"Kota Gunungsitoli","prov":"Sumatera Utara","ikk":100.15,"pdrb":4040.87,"pdrb_f":738.58,"share":18.28},"geometry":{"type":"MultiPolygon","coordinates":[[[[97.68,1.2],[97.69,1.18],[97.76,1.16],[97.69,1.15],[97.65,1.1],[97.65,1.13],[97.66,1.14],[97.62,1.16],[97.6,1.18],[97.61,1.2],[97.56,1.21],[97.57,1.25],[97.59,1.26],[97.56,1.28],[97.57,1.29],[97.51,1.27],[97.49,1.29],[97.53,1.3],[97.49,1.31],[97.48,1.35],[97.5,1.34],[97.51,1.36],[97.5,1.38],[97.54,1.42],[97.54,1.39],[97.68,1.2]]]]}},{"type":"Feature","properties":{"id":"1277","nama":"Kota Padangsidimpuan","prov":"Sumatera Utara","ikk":94.64,"pdrb":5267.67,"pdrb_f":537.94,"share":10.21},"geometry":{"type":"MultiPolygon","coordinates":[[[[99.34,1.35],[99.35,1.31],[99.31,1.3],[99.24,1.36],[99.22,1.41],[99.25,1.48],[99.27,1.47],[99.33,1.42],[99.34,1.35]]]]}},{"type":"Feature","properties":{"id":"1272","nama":"Kota Tanjung Balai","prov":"Sumatera Utara","ikk":94.46,"pdrb":7065.41,"pdrb_f":967.79,"share":13.7},"geometry":{"type":"MultiPolygon","coordinates":[[[[99.83,2.96],[99.83,2.93],[99.77,2.92],[99.75,2.95],[99.78,2.97],[99.77,3.01],[99.82,3.02],[99.81,2.98],[99.83,2.96]]]]}},{"type":"Feature","properties":{"id":"1271","nama":"Kota Sibolga","prov":"Sumatera Utara","ikk":100.06,"pdrb":4178.0,"pdrb_f":443.69,"share":10.62},"geometry":{"type":"MultiPolygon","coordinates":[[[[98.8,1.74],[98.8,1.72],[98.77,1.74],[98.77,1.76],[98.8,1.76],[98.8,1.74]]]]}},{"type":"Feature","properties":{"id":"1274","nama":"Kota Tebing Tinggi","prov":"Sumatera Utara","ikk":93.87,"pdrb":4637.74,"pdrb_f":641.69,"share":13.84},"geometry":{"type":"MultiPolygon","coordinates":[[[[99.16,3.31],[99.14,3.31],[99.14,3.27],[99.12,3.34],[99.16,3.35],[99.17,3.38],[99.17,3.35],[99.19,3.35],[99.19,3.31],[99.16,3.31]]]]}},{"type":"Feature","properties":{"id":"1273","nama":"Kota Pematang Siantar","prov":"Sumatera Utara","ikk":90.94,"pdrb":11210.47,"pdrb_f":1017.83,"share":9.08},"geometry":{"type":"MultiPolygon","coordinates":[[[[99.09,2.96],[99.1,2.96],[99.11,2.94],[99.02,2.89],[99.04,2.93],[99.02,2.96],[99.04,3.01],[99.11,3.02],[99.09,2.96]]]]}},{"type":"Feature","properties":{"id":"5207","nama":"Sumbawa Barat","prov":"Nusa Tenggara Barat","ikk":98.61,"pdrb":19842.09,"pdrb_f":649.31,"share":3.27},"geometry":{"type":"MultiPolygon","coordinates":[[[[116.74,-8.95],[116.75,-8.92],[116.73,-8.91],[116.75,-8.89],[116.73,-8.87],[116.77,-8.86],[116.79,-8.81],[116.8,-8.83],[116.82,-8.81],[116.77,-8.74],[116.79,-8.72],[116.77,-8.67],[116.75,-8.66],[116.79,-8.59],[116.83,-8.56],[116.82,-8.52],[116.84,-8.54],[116.89,-8.53],[116.88,-8.54],[116.89,-8.55],[117.08,-8.69],[117.08,-8.76],[117.04,-8.79],[117.08,-8.83],[117.06,-8.86],[117.09,-8.93],[117.07,-8.95],[117.07,-9.04],[117.04,-9.1],[117.01,-9.11],[116.94,-9.05],[116.88,-9.06],[116.73,-9.01],[116.74,-8.98],[116.72,-8.97],[116.74,-8.95]]]]}},{"type":"Feature","properties":{"id":"5206","nama":"Bima","prov":"Nusa Tenggara Barat","ikk":106.12,"pdrb":9170.05,"pdrb_f":558.69,"share":6.09},"geometry":{"type":"MultiPolygon","coordinates":[[[[118.74,-8.77],[118.91,-8.77],[118.95,-8.79],[118.96,-8.82],[118.94,-8.83],[118.84,-8.84],[118.72,-8.79],[118.48,-8.88],[118.49,-8.77],[118.54,-8.68],[118.49,-8.54],[118.51,-8.51],[118.5,-8.44],[118.54,-8.39],[118.45,-8.27],[118.49,-8.24],[118.66,-8.3],[118.7,-8.38],[118.65,-8.55],[118.71,-8.5],[118.74,-8.52],[118.79,-8.51],[118.8,-8.53],[118.84,-8.5],[118.9,-8.49],[118.86,-8.42],[118.81,-8.41],[118.8,-8.43],[118.74,-8.4],[118.73,-8.35],[118.74,-8.34],[118.82,-8.28],[119.0,-8.31],[118.99,-8.38],[119.05,-8.46],[119.03,-8.47],[119.05,-8.51],[119.01,-8.54],[119.04,-8.64],[119.08,-8.65],[119.13,-8.63],[119.11,-8.6],[119.15,-8.59],[119.15,-8.57],[119.17,-8.56],[119.16,-8.58],[119.19,-8.61],[119.17,-8.61],[119.18,-8.63],[119.15,-8.64],[119.17,-8.65],[119.16,-8.66],[119.18,-8.7],[119.15,-8.71],[119.17,-8.72],[119.13,-8.75],[119.1,-8.73],[119.1,-8.75],[119.03,-8.73],[118.97,-8.75],[118.91,-8.68],[118.85,-8.73],[118.81,-8.7],[118.78,-8.71],[118.76,-8.69],[118.69,-8.75],[118.73,-8.76],[118.73,-8.78],[118.74,-8.77]]],[[[118.16,-8.22],[118.18,-8.27],[118.22,-8.28],[118.23,-8.33],[118.26,-8.35],[118.28,-8.34],[118.27,-8.36],[118.32,-8.38],[118.3,-8.43],[118.24,-8.44],[118.21,-8.44],[118.1,-8.38],[117.92,-8.22],[117.85,-8.21],[117.77,-8.14],[117.92,-8.08],[117.96,-8.11],[118.08,-8.1],[118.14,-8.13],[118.16,-8.22]]],[[[119.07,-8.13],[119.11,-8.16],[119.12,-8.22],[119.06,-8.26],[119.01,-8.25],[119.0,-8.2],[119.01,-8.15],[119.07,-8.13]]],[[[119.28,-8.41],[119.32,-8.4],[119.33,-8.43],[119.32,-8.43],[119.32,-8.45],[119.3,-8.43],[119.28,-8.47],[119.27,-8.44],[119.27,-8.4],[119.28,-8.39],[119.28,-8.41]]]]}},{"type":"Feature","properties":{"id":"5208","nama":"Lombok Utara","prov":"Nusa Tenggara Barat","ikk":93.21,"pdrb":3853.89,"pdrb_f":385.33,"share":10.0},"geometry":{"type":"MultiPolygon","coordinates":[[[[116.13,-8.46],[116.04,-8.47],[116.04,-8.42],[116.1,-8.39],[116.1,-8.36],[116.12,-8.37],[116.18,-8.34],[116.24,-8.26],[116.35,-8.21],[116.49,-8.24],[116.47,-8.27],[116.47,-8.33],[116.42,-8.39],[116.43,-8.42],[116.41,-8.43],[116.38,-8.41],[116.33,-8.41],[116.22,-8.46],[116.21,-8.48],[116.13,-8.46]]]]}},{"type":"Feature","properties":{"id":"1118","nama":"Pidie Jaya","prov":"Aceh","ikk":93.0,"pdrb":3051.61,"pdrb_f":199.26,"share":6.53},"geometry":{"type":"MultiPolygon","coordinates":[[[[96.26,5.26],[96.34,5.23],[96.34,5.16],[96.37,5.05],[96.33,4.96],[96.34,4.94],[96.32,4.92],[96.26,4.91],[96.19,5.0],[96.21,5.04],[96.19,5.08],[96.16,5.07],[96.08,5.09],[96.02,5.14],[96.06,5.2],[96.04,5.24],[96.06,5.25],[96.05,5.29],[96.19,5.26],[96.26,5.26]]]]}},{"type":"Feature","properties":{"id":"5203","nama":"Lombok Timur","prov":"Nusa Tenggara Barat","ikk":98.89,"pdrb":16956.31,"pdrb_f":2000.4,"share":11.8},"geometry":{"type":"MultiPolygon","coordinates":[[[[116.5,-8.81],[116.48,-8.81],[116.5,-8.81],[116.5,-8.86],[116.51,-8.84],[116.53,-8.84],[116.52,-8.83],[116.54,-8.83],[116.54,-8.87],[116.55,-8.85],[116.59,-8.86],[116.51,-8.92],[116.53,-8.9],[116.51,-8.87],[116.5,-8.91],[116.43,-8.92],[116.47,-8.84],[116.47,-8.82],[116.44,-8.84],[116.43,-8.83],[116.4,-8.86],[116.4,-8.82],[116.45,-8.74],[116.43,-8.72],[116.43,-8.69],[116.38,-8.66],[116.38,-8.53],[116.4,-8.44],[116.43,-8.42],[116.42,-8.39],[116.47,-8.33],[116.47,-8.27],[116.49,-8.25],[116.64,-8.29],[116.72,-8.35],[116.71,-8.44],[116.66,-8.49],[116.68,-8.5],[116.66,-8.53],[116.67,-8.56],[116.5,-8.81]]]]}},{"type":"Feature","properties":{"id":"5202","nama":"Lombok Tengah","prov":"Nusa Tenggara Barat","ikk":96.15,"pdrb":14287.28,"pdrb_f":2345.25,"share":16.41},"geometry":{"type":"MultiPolygon","coordinates":[[[[116.22,-8.91],[116.17,-8.91],[116.16,-8.87],[116.11,-8.87],[116.09,-8.84],[116.14,-8.76],[116.13,-8.74],[116.17,-8.73],[116.17,-8.67],[116.2,-8.67],[116.18,-8.62],[116.25,-8.59],[116.3,-8.55],[116.32,-8.5],[116.31,-8.45],[116.34,-8.41],[116.38,-8.41],[116.41,-8.43],[116.38,-8.6],[116.38,-8.66],[116.45,-8.72],[116.4,-8.82],[116.39,-8.95],[116.37,-8.95],[116.38,-8.9],[116.34,-8.9],[116.35,-8.93],[116.28,-8.89],[116.27,-8.91],[116.22,-8.91]]]]}},{"type":"Feature","properties":{"id":"5205","nama":"Dompu","prov":"Nusa Tenggara Barat","ikk":104.41,"pdrb":5740.37,"pdrb_f":488.9,"share":8.52},"geometry":{"type":"MultiPolygon","coordinates":[[[[118.2,-8.43],[118.3,-8.43],[118.32,-8.4],[118.32,-8.36],[118.39,-8.33],[118.39,-8.3],[118.45,-8.27],[118.54,-8.39],[118.5,-8.44],[118.51,-8.51],[118.49,-8.54],[118.54,-8.68],[118.49,-8.77],[118.48,-8.88],[118.42,-8.87],[118.38,-8.83],[118.37,-8.78],[118.43,-8.72],[118.42,-8.62],[118.39,-8.61],[118.39,-8.65],[118.41,-8.67],[118.33,-8.71],[118.28,-8.69],[118.19,-8.71],[118.18,-8.65],[118.2,-8.67],[118.24,-8.65],[118.25,-8.67],[118.27,-8.66],[118.29,-8.63],[118.28,-8.59],[118.25,-8.59],[118.23,-8.55],[118.19,-8.57],[118.18,-8.53],[118.14,-8.51],[118.13,-8.48],[118.1,-8.49],[118.08,-8.45],[117.98,-8.46],[117.82,-8.37],[117.77,-8.3],[117.69,-8.24],[117.73,-8.15],[117.77,-8.14],[117.85,-8.21],[117.93,-8.22],[118.05,-8.34],[118.2,-8.43]]]]}},{"type":"Feature","properties":{"id":"5204","nama":"Sumbawa","prov":"Nusa Tenggara Barat","ikk":93.15,"pdrb":11752.86,"pdrb_f":1534.74,"share":13.06},"geometry":{"type":"MultiPolygon","coordinates":[[[[117.63,-8.5],[117.64,-8.56],[117.69,-8.58],[117.74,-8.57],[117.73,-8.59],[117.76,-8.6],[117.75,-8.63],[117.78,-8.63],[117.75,-8.64],[117.77,-8.66],[117.77,-8.71],[117.8,-8.73],[117.87,-8.7],[117.9,-8.7],[117.89,-8.72],[117.9,-8.74],[117.92,-8.72],[117.96,-8.74],[118.04,-8.67],[118.13,-8.65],[118.18,-8.65],[118.19,-8.71],[118.31,-8.69],[118.33,-8.72],[118.29,-8.74],[118.28,-8.77],[118.19,-8.85],[118.13,-8.88],[118.08,-8.84],[118.01,-8.85],[117.98,-8.89],[117.94,-8.9],[117.88,-8.94],[117.84,-8.93],[117.82,-8.9],[117.77,-8.93],[117.69,-8.92],[117.55,-9.0],[117.36,-9.06],[117.19,-9.02],[117.14,-9.08],[117.04,-9.1],[117.07,-9.04],[117.07,-8.95],[117.09,-8.93],[117.06,-8.86],[117.08,-8.83],[117.04,-8.79],[117.08,-8.76],[117.09,-8.71],[116.88,-8.54],[116.95,-8.52],[116.99,-8.48],[117.0,-8.51],[117.02,-8.46],[117.1,-8.42],[117.09,-8.4],[117.11,-8.37],[117.16,-8.36],[117.2,-8.41],[117.24,-8.4],[117.39,-8.47],[117.41,-8.47],[117.43,-8.4],[117.47,-8.41],[117.56,-8.4],[117.57,-8.5],[117.59,-8.5],[117.57,-8.45],[117.59,-8.43],[117.62,-8.44],[117.63,-8.5]]],[[[116.96,-8.42],[116.9,-8.45],[116.84,-8.45],[116.96,-8.42]]],[[[117.05,-8.38],[117.02,-8.42],[116.99,-8.42],[117.0,-8.43],[116.98,-8.43],[116.99,-8.4],[117.02,-8.41],[117.05,-8.38]]],[[[117.41,-8.13],[117.36,-8.15],[117.34,-8.15],[117.38,-8.13],[117.41,-8.13]]],[[[117.73,-8.49],[117.75,-8.54],[117.8,-8.55],[117.76,-8.57],[117.74,-8.56],[117.7,-8.5],[117.72,-8.47],[117.73,-8.49]]],[[[117.67,-8.46],[117.68,-8.52],[117.65,-8.53],[117.64,-8.48],[117.65,-8.45],[117.67,-8.46]]],[[[117.59,-8.15],[117.66,-8.15],[117.69,-8.18],[117.61,-8.24],[117.55,-8.37],[117.53,-8.39],[117.47,-8.36],[117.51,-8.27],[117.48,-8.26],[117.48,-8.19],[117.55,-8.14],[117.59,-8.15]]],[[[117.97,-8.61],[118.0,-8.63],[118.0,-8.69],[117.98,-8.69],[117.99,-8.67],[117.99,-8.65],[117.95,-8.67],[117.98,-8.64],[117.95,-8.61],[117.97,-8.61]]]]}},{"type":"Feature","properties":{"id":"3308","nama":"Magelang","prov":"Jawa Tengah","ikk":98.13,"pdrb":29160.54,"pdrb_f":2907.93,"share":9.97},"geometry":{"type":"MultiPolygon","coordinates":[[[[110.25,-7.64],[110.14,-7.65],[110.1,-7.57],[110.06,-7.57],[110.04,-7.53],[110.07,-7.39],[110.2,-7.38],[110.22,-7.4],[110.24,-7.37],[110.26,-7.38],[110.32,-7.35],[110.33,-7.32],[110.38,-7.33],[110.44,-7.45],[110.42,-7.49],[110.38,-7.51],[110.45,-7.54],[110.3,-7.66],[110.27,-7.71],[110.27,-7.65],[110.25,-7.64]],[[110.23,-7.47],[110.22,-7.43],[110.2,-7.49],[110.24,-7.5],[110.23,-7.47]]]]}},{"type":"Feature","properties":{"id":"3307","nama":"Wonosobo","prov":"Jawa Tengah","ikk":98.91,"pdrb":16924.73,"pdrb_f":1164.96,"share":6.88},"geometry":{"type":"MultiPolygon","coordinates":[[[[109.97,-7.53],[109.86,-7.53],[109.82,-7.6],[109.8,-7.61],[109.76,-7.6],[109.74,-7.54],[109.77,-7.52],[109.75,-7.44],[109.83,-7.45],[109.83,-7.42],[109.75,-7.39],[109.79,-7.36],[109.86,-7.24],[109.91,-7.22],[109.92,-7.19],[109.99,-7.26],[110.0,-7.31],[110.07,-7.39],[110.05,-7.53],[110.01,-7.58],[109.98,-7.58],[109.97,-7.53]]]]}},{"type":"Feature","properties":{"id":"5201","nama":"Lombok Barat","prov":"Nusa Tenggara Barat","ikk":100.19,"pdrb":12280.94,"pdrb_f":1437.97,"share":11.71},"geometry":{"type":"MultiPolygon","coordinates":[[[[116.03,-8.72],[116.05,-8.73],[116.04,-8.76],[116.06,-8.77],[116.06,-8.74],[116.08,-8.73],[116.06,-8.74],[116.07,-8.62],[116.15,-8.61],[116.17,-8.59],[116.07,-8.55],[116.04,-8.47],[116.13,-8.47],[116.14,-8.45],[116.21,-8.48],[116.22,-8.46],[116.33,-8.41],[116.31,-8.45],[116.32,-8.5],[116.3,-8.55],[116.25,-8.59],[116.18,-8.62],[116.2,-8.67],[116.17,-8.67],[116.17,-8.73],[116.13,-8.74],[116.14,-8.76],[116.09,-8.84],[116.11,-8.87],[116.08,-8.87],[116.08,-8.9],[116.04,-8.87],[116.08,-8.86],[116.02,-8.86],[116.02,-8.9],[116.01,-8.9],[115.93,-8.83],[115.91,-8.84],[115.83,-8.81],[115.82,-8.75],[115.87,-8.72],[115.88,-8.76],[115.9,-8.75],[115.92,-8.78],[115.97,-8.73],[116.01,-8.75],[116.03,-8.72]]]]}},{"type":"Feature","properties":{"id":"3309","nama":"Boyolali","prov":"Jawa Tengah","ikk":99.67,"pdrb":28890.03,"pdrb_f":2009.29,"share":6.95},"geometry":{"type":"MultiPolygon","coordinates":[[[[110.57,-7.59],[110.53,-7.63],[110.47,-7.55],[110.38,-7.51],[110.42,-7.49],[110.46,-7.41],[110.48,-7.4],[110.55,-7.45],[110.58,-7.42],[110.6,-7.45],[110.56,-7.44],[110.59,-7.48],[110.66,-7.5],[110.66,-7.47],[110.63,-7.46],[110.65,-7.45],[110.62,-7.45],[110.65,-7.33],[110.61,-7.34],[110.6,-7.31],[110.64,-7.26],[110.63,-7.22],[110.67,-7.23],[110.69,-7.24],[110.71,-7.22],[110.69,-7.19],[110.74,-7.14],[110.77,-7.18],[110.76,-7.19],[110.78,-7.18],[110.77,-7.24],[110.79,-7.24],[110.83,-7.2],[110.86,-7.21],[110.82,-7.25],[110.83,-7.26],[110.76,-7.27],[110.78,-7.27],[110.77,-7.31],[110.8,-7.27],[110.8,-7.33],[110.79,-7.36],[110.8,-7.37],[110.77,-7.39],[110.77,-7.44],[110.8,-7.46],[110.82,-7.52],[110.71,-7.53],[110.73,-7.55],[110.7,-7.59],[110.6,-7.57],[110.6,-7.59],[110.57,-7.59]]]]}},{"type":"Feature","properties":{"id":"3304","nama":"Banjarnegara","prov":"Jawa Tengah","ikk":100.34,"pdrb":19008.78,"pdrb_f":1475.02,"share":7.76},"geometry":{"type":"MultiPolygon","coordinates":[[[[109.41,-7.48],[109.44,-7.45],[109.51,-7.45],[109.5,-7.41],[109.55,-7.4],[109.52,-7.34],[109.53,-7.32],[109.56,-7.33],[109.58,-7.29],[109.54,-7.24],[109.59,-7.21],[109.61,-7.21],[109.64,-7.18],[109.68,-7.17],[109.69,-7.19],[109.72,-7.2],[109.8,-7.17],[109.83,-7.19],[109.89,-7.18],[109.92,-7.19],[109.91,-7.22],[109.87,-7.23],[109.75,-7.39],[109.83,-7.42],[109.83,-7.45],[109.76,-7.44],[109.73,-7.48],[109.68,-7.5],[109.64,-7.48],[109.59,-7.51],[109.55,-7.52],[109.5,-7.5],[109.41,-7.54],[109.36,-7.52],[109.36,-7.49],[109.41,-7.48]]]]}},{"type":"Feature","properties":{"id":"3303","nama":"Purbalingga","prov":"Jawa Tengah","ikk":99.22,"pdrb":21626.94,"pdrb_f":1460.66,"share":6.75},"geometry":{"type":"MultiPolygon","coordinates":[[[[109.42,-7.48],[109.32,-7.48],[109.34,-7.45],[109.33,-7.43],[109.22,-7.25],[109.38,-7.19],[109.41,-7.2],[109.44,-7.16],[109.48,-7.22],[109.53,-7.23],[109.58,-7.29],[109.56,-7.33],[109.53,-7.33],[109.55,-7.4],[109.5,-7.41],[109.51,-7.45],[109.44,-7.45],[109.42,-7.48]]]]}},{"type":"Feature","properties":{"id":"3306","nama":"Purworejo","prov":"Jawa Tengah","ikk":97.13,"pdrb":16583.69,"pdrb_f":1599.47,"share":9.64},"geometry":{"type":"MultiPolygon","coordinates":[[[[109.97,-7.88],[109.82,-7.83],[109.84,-7.77],[109.83,-7.72],[109.8,-7.69],[109.8,-7.65],[109.81,-7.59],[109.86,-7.56],[109.86,-7.53],[109.97,-7.53],[109.98,-7.58],[110.0,-7.59],[110.02,-7.57],[110.04,-7.53],[110.06,-7.58],[110.1,-7.57],[110.14,-7.64],[110.12,-7.67],[110.14,-7.69],[110.13,-7.74],[110.06,-7.81],[110.04,-7.88],[109.97,-7.88]]]]}},{"type":"Feature","properties":{"id":"3305","nama":"Kebumen","prov":"Jawa Tengah","ikk":96.9,"pdrb":25253.4,"pdrb_f":2086.26,"share":8.26},"geometry":{"type":"MultiPolygon","coordinates":[[[[109.61,-7.78],[109.47,-7.76],[109.41,-7.78],[109.39,-7.76],[109.4,-7.7],[109.38,-7.69],[109.39,-7.64],[109.41,-7.65],[109.45,-7.62],[109.42,-7.57],[109.44,-7.53],[109.5,-7.5],[109.55,-7.52],[109.58,-7.51],[109.64,-7.48],[109.68,-7.5],[109.75,-7.46],[109.77,-7.52],[109.74,-7.54],[109.74,-7.57],[109.78,-7.61],[109.81,-7.6],[109.8,-7.69],[109.83,-7.72],[109.84,-7.77],[109.82,-7.83],[109.61,-7.78]]]]}},{"type":"Feature","properties":{"id":"3302","nama":"Banyumas","prov":"Jawa Tengah","ikk":100.24,"pdrb":50668.64,"pdrb_f":6470.35,"share":12.77},"geometry":{"type":"MultiPolygon","coordinates":[[[[109.17,-7.55],[109.16,-7.58],[109.07,-7.57],[108.97,-7.52],[108.96,-7.47],[108.9,-7.47],[108.89,-7.45],[108.93,-7.43],[108.97,-7.33],[109.03,-7.33],[109.03,-7.35],[109.14,-7.27],[109.17,-7.27],[109.2,-7.25],[109.25,-7.27],[109.34,-7.45],[109.32,-7.48],[109.36,-7.49],[109.39,-7.54],[109.43,-7.54],[109.42,-7.57],[109.45,-7.62],[109.41,-7.65],[109.39,-7.64],[109.38,-7.66],[109.36,-7.64],[109.26,-7.62],[109.27,-7.59],[109.17,-7.55]]]]}},{"type":"Feature","properties":{"id":"3301","nama":"Cilacap","prov":"Jawa Tengah","ikk":100.74,"pdrb":108031.28,"pdrb_f":6604.2,"share":6.11},"geometry":{"type":"MultiPolygon","coordinates":[[[[108.8,-7.68],[108.73,-7.61],[108.75,-7.56],[108.72,-7.48],[108.72,-7.43],[108.69,-7.4],[108.68,-7.36],[108.65,-7.34],[108.6,-7.35],[108.56,-7.34],[108.56,-7.29],[108.58,-7.24],[108.56,-7.17],[108.63,-7.14],[108.69,-7.15],[108.72,-7.19],[108.81,-7.2],[108.82,-7.23],[108.86,-7.24],[108.85,-7.25],[108.87,-7.27],[108.91,-7.29],[108.97,-7.33],[108.93,-7.43],[108.89,-7.45],[108.9,-7.47],[108.96,-7.47],[108.97,-7.52],[109.07,-7.57],[109.16,-7.58],[109.17,-7.55],[109.2,-7.56],[109.27,-7.59],[109.26,-7.62],[109.38,-7.66],[109.39,-7.72],[109.1,-7.69],[109.03,-7.72],[109.02,-7.75],[109.04,-7.76],[109.04,-7.78],[108.86,-7.74],[108.8,-7.74],[108.79,-7.74],[108.8,-7.71],[108.78,-7.7],[108.8,-7.68]]]]}},{"type":"Feature","properties":{"id":"3403","nama":"Gunung Kidul","prov":"Di Yogyakarta","ikk":108.09,"pdrb":17409.68,"pdrb_f":1537.45,"share":8.83},"geometry":{"type":"MultiPolygon","coordinates":[[[[110.6,-8.15],[110.38,-8.07],[110.33,-8.01],[110.36,-7.99],[110.35,-7.98],[110.4,-7.98],[110.44,-7.97],[110.45,-7.95],[110.45,-7.97],[110.47,-7.95],[110.48,-7.97],[110.5,-7.9],[110.47,-7.87],[110.48,-7.85],[110.54,-7.82],[110.56,-7.78],[110.59,-7.81],[110.66,-7.8],[110.67,-7.79],[110.68,-7.81],[110.71,-7.79],[110.75,-7.83],[110.77,-7.81],[110.79,-7.82],[110.75,-8.03],[110.78,-8.07],[110.79,-8.15],[110.82,-8.14],[110.83,-8.18],[110.83,-8.2],[110.8,-8.19],[110.71,-8.2],[110.71,-8.18],[110.6,-8.15]]]]}},{"type":"Feature","properties":{"id":"3402","nama":"Bantul","prov":"Di Yogyakarta","ikk":103.51,"pdrb":24094.68,"pdrb_f":2076.05,"share":8.62},"geometry":{"type":"MultiPolygon","coordinates":[[[[110.33,-8.01],[110.34,-8.03],[110.2,-7.98],[110.27,-7.91],[110.22,-7.84],[110.29,-7.78],[110.29,-7.83],[110.32,-7.82],[110.35,-7.77],[110.35,-7.83],[110.39,-7.84],[110.41,-7.83],[110.4,-7.79],[110.42,-7.79],[110.43,-7.84],[110.48,-7.82],[110.52,-7.83],[110.48,-7.84],[110.47,-7.87],[110.5,-7.89],[110.49,-7.94],[110.47,-7.97],[110.45,-7.95],[110.44,-7.97],[110.4,-7.98],[110.35,-7.98],[110.36,-7.99],[110.33,-8.01]]]]}},{"type":"Feature","properties":{"id":"3404","nama":"Sleman","prov":"Di Yogyakarta","ikk":107.11,"pdrb":44274.03,"pdrb_f":6220.03,"share":14.05},"geometry":{"type":"MultiPolygon","coordinates":[[[[110.35,-7.77],[110.29,-7.84],[110.29,-7.78],[110.23,-7.82],[110.22,-7.74],[110.37,-7.61],[110.45,-7.54],[110.49,-7.77],[110.54,-7.79],[110.55,-7.82],[110.43,-7.84],[110.42,-7.78],[110.35,-7.77]]]]}},{"type":"Feature","properties":{"id":"3401","nama":"Kulon Progo","prov":"Di Yogyakarta","ikk":103.03,"pdrb":10881.1,"pdrb_f":1678.56,"share":15.43},"geometry":{"type":"MultiPolygon","coordinates":[[[[110.16,-7.95],[110.0,-7.89],[110.04,-7.88],[110.06,-7.81],[110.13,-7.75],[110.14,-7.69],[110.12,-7.67],[110.13,-7.65],[110.26,-7.65],[110.27,-7.71],[110.23,-7.71],[110.22,-7.74],[110.24,-7.8],[110.22,-7.84],[110.27,-7.88],[110.27,-7.92],[110.25,-7.93],[110.21,-7.98],[110.16,-7.95]]]]}},{"type":"Feature","properties":{"id":"3216","nama":"Bekasi","prov":"Jawa Barat","ikk":111.29,"pdrb":308568.27,"pdrb_f":18563.13,"share":6.02},"geometry":{"type":"MultiPolygon","coordinates":[[[[107.12,-6.47],[107.06,-6.43],[107.06,-6.4],[107.01,-6.4],[106.99,-6.36],[107.04,-6.32],[107.04,-6.29],[107.01,-6.28],[107.04,-6.23],[107.01,-6.17],[106.97,-6.17],[106.97,-6.09],[107.01,-6.08],[106.97,-6.05],[107.01,-6.06],[107.02,-6.03],[106.99,-6.01],[107.02,-5.97],[106.99,-5.94],[107.03,-5.91],[107.1,-5.94],[107.09,-6.03],[107.19,-6.09],[107.27,-6.11],[107.28,-6.15],[107.29,-6.14],[107.28,-6.16],[107.3,-6.2],[107.27,-6.22],[107.28,-6.23],[107.27,-6.23],[107.27,-6.28],[107.22,-6.32],[107.23,-6.35],[107.2,-6.37],[107.22,-6.4],[107.2,-6.42],[107.22,-6.46],[107.17,-6.49],[107.12,-6.47]]]]}},{"type":"Feature","properties":{"id":"5320","nama":"Sabu Raijua","prov":"Nusa Tenggara Timur","ikk":109.32,"pdrb":911.4,"pdrb_f":114.61,"share":12.58},"geometry":{"type":"MultiPolygon","coordinates":[[[[121.64,-10.61],[121.57,-10.64],[121.53,-10.64],[121.56,-10.6],[121.64,-10.61]]],[[[121.94,-10.56],[121.88,-10.62],[121.84,-10.63],[121.8,-10.61],[121.75,-10.62],[121.7,-10.59],[121.69,-10.57],[121.83,-10.5],[121.85,-10.45],[121.89,-10.42],[122.0,-10.44],[122.01,-10.46],[121.99,-10.55],[121.94,-10.56]]]]}},{"type":"Feature","properties":{"id":"6211","nama":"Gunung Mas","prov":"Kalimantan Tengah","ikk":111.22,"pdrb":4611.93,"pdrb_f":561.77,"share":12.18},"geometry":{"type":"MultiPolygon","coordinates":[[[[113.64,-1.6],[113.56,-1.65],[113.5,-1.64],[113.48,-1.61],[113.36,-1.53],[113.19,-1.25],[113.2,-1.17],[113.24,-1.15],[113.25,-1.11],[113.29,-1.06],[113.23,-0.94],[113.22,-0.89],[113.23,-0.86],[113.19,-0.8],[113.18,-0.74],[113.23,-0.68],[113.17,-0.6],[113.16,-0.54],[113.22,-0.51],[113.26,-0.45],[113.27,-0.42],[113.26,-0.38],[113.32,-0.4],[113.37,-0.38],[113.4,-0.35],[113.42,-0.3],[113.45,-0.29],[113.49,-0.31],[113.47,-0.38],[113.58,-0.39],[113.58,-0.39],[113.58,-0.37],[113.63,-0.35],[113.72,-0.39],[113.73,-0.41],[113.73,-0.41],[113.72,-0.42],[113.76,-0.48],[113.76,-0.54],[113.74,-0.55],[113.74,-0.6],[113.68,-0.67],[113.7,-0.7],[113.68,-0.8],[113.75,-0.84],[113.81,-0.96],[113.93,-1.0],[113.99,-1.07],[113.97,-1.11],[114.0,-1.29],[114.0,-1.52],[113.98,-1.54],[113.86,-1.53],[113.86,-1.6],[113.75,-1.61],[113.68,-1.58],[113.64,-1.6]]]]}},{"type":"Feature","properties":{"id":"3215","nama":"Karawang","prov":"Jawa Barat","ikk":107.68,"pdrb":204774.02,"pdrb_f":9545.57,"share":4.66},"geometry":{"type":"MultiPolygon","coordinates":[[[[107.29,-6.5],[107.25,-6.57],[107.22,-6.59],[107.19,-6.58],[107.16,-6.51],[107.18,-6.47],[107.22,-6.46],[107.2,-6.42],[107.22,-6.4],[107.2,-6.37],[107.23,-6.35],[107.22,-6.32],[107.27,-6.28],[107.27,-6.23],[107.28,-6.23],[107.27,-6.22],[107.3,-6.2],[107.28,-6.16],[107.29,-6.14],[107.25,-6.1],[107.14,-6.07],[107.09,-6.03],[107.1,-5.94],[107.17,-5.99],[107.31,-5.96],[107.37,-5.99],[107.48,-6.15],[107.62,-6.18],[107.64,-6.21],[107.58,-6.26],[107.58,-6.32],[107.53,-6.42],[107.5,-6.41],[107.45,-6.44],[107.42,-6.44],[107.43,-6.46],[107.37,-6.47],[107.39,-6.51],[107.35,-6.49],[107.29,-6.5]]]]}},{"type":"Feature","properties":{"id":"6210","nama":"Pulang Pisau","prov":"Kalimantan Tengah","ikk":100.79,"pdrb":4286.26,"pdrb_f":588.2,"share":13.72},"geometry":{"type":"MultiPolygon","coordinates":[[[[114.15,-3.22],[114.14,-3.27],[114.17,-3.33],[114.16,-3.36],[114.15,-3.38],[114.05,-3.32],[114.04,-3.35],[113.96,-3.37],[113.8,-3.46],[113.63,-3.46],[113.58,-3.44],[113.63,-3.32],[113.6,-3.17],[113.63,-3.14],[113.65,-3.09],[113.67,-3.09],[113.66,-3.05],[113.7,-3.03],[113.71,-2.96],[113.68,-2.94],[113.66,-2.91],[113.58,-2.74],[113.75,-2.52],[113.75,-2.52],[113.76,-2.4],[114.02,-2.4],[114.04,-2.31],[114.08,-2.27],[114.11,-2.19],[113.93,-2.16],[113.83,-2.01],[113.83,-1.81],[113.8,-1.6],[113.86,-1.6],[113.86,-1.53],[113.98,-1.53],[114.03,-1.59],[113.98,-1.67],[113.97,-1.73],[114.0,-1.85],[114.17,-2.09],[114.18,-2.19],[114.23,-2.23],[114.26,-2.23],[114.26,-2.38],[114.33,-2.37],[114.35,-2.74],[114.28,-2.8],[114.28,-2.87],[114.21,-2.94],[114.28,-3.04],[114.22,-3.19],[114.17,-3.17],[114.15,-3.19],[114.15,-3.22]]]]}},{"type":"Feature","properties":{"id":"3218","nama":"Pangandaran","prov":"Jawa Barat","ikk":96.72,"pdrb":9850.57,"pdrb_f":884.33,"share":8.98},"geometry":{"type":"MultiPolygon","coordinates":[[[[108.53,-7.57],[108.65,-7.54],[108.65,-7.47],[108.72,-7.47],[108.75,-7.56],[108.73,-7.61],[108.8,-7.67],[108.78,-7.7],[108.68,-7.68],[108.66,-7.7],[108.67,-7.73],[108.64,-7.69],[108.54,-7.69],[108.5,-7.71],[108.5,-7.75],[108.5,-7.79],[108.45,-7.82],[108.34,-7.82],[108.32,-7.79],[108.31,-7.72],[108.33,-7.71],[108.31,-7.69],[108.36,-7.68],[108.37,-7.66],[108.37,-7.61],[108.33,-7.51],[108.4,-7.48],[108.41,-7.5],[108.45,-7.5],[108.46,-7.53],[108.52,-7.53],[108.53,-7.57]]]]}},{"type":"Feature","properties":{"id":"6213","nama":"Murung Raya","prov":"Kalimantan Tengah","ikk":116.12,"pdrb":7460.76,"pdrb_f":456.58,"share":6.12},"geometry":{"type":"MultiPolygon","coordinates":[[[[114.59,-0.86],[114.47,-0.83],[114.23,-0.86],[114.22,-0.81],[114.15,-0.8],[114.06,-0.58],[114.08,-0.55],[114.01,-0.48],[113.99,-0.38],[113.94,-0.39],[113.92,-0.47],[113.85,-0.44],[113.76,-0.48],[113.72,-0.42],[113.73,-0.41],[113.73,-0.41],[113.72,-0.39],[113.63,-0.35],[113.58,-0.37],[113.58,-0.39],[113.58,-0.39],[113.47,-0.38],[113.49,-0.31],[113.44,-0.29],[113.42,-0.3],[113.4,-0.35],[113.33,-0.4],[113.24,-0.38],[113.22,-0.33],[113.26,-0.28],[113.31,-0.25],[113.29,-0.21],[113.33,-0.15],[113.42,-0.11],[113.44,-0.06],[113.42,-0.05],[113.43,0.01],[113.4,0.03],[113.39,0.08],[113.41,0.12],[113.31,0.17],[113.26,0.23],[113.32,0.27],[113.44,0.26],[113.48,0.29],[113.59,0.36],[113.58,0.4],[113.65,0.44],[113.67,0.5],[113.8,0.59],[113.83,0.58],[113.85,0.61],[113.82,0.64],[113.85,0.66],[113.92,0.64],[113.97,0.66],[114.0,0.64],[114.03,0.67],[114.12,0.7],[114.16,0.68],[114.18,0.62],[114.24,0.64],[114.26,0.61],[114.32,0.59],[114.33,0.63],[114.37,0.59],[114.51,0.56],[114.55,0.59],[114.55,0.63],[114.6,0.63],[114.66,0.7],[114.72,0.7],[114.83,0.76],[114.87,0.74],[114.91,0.77],[114.91,0.79],[114.97,0.75],[115.01,0.6],[115.11,0.45],[115.13,0.43],[115.13,0.37],[115.05,0.3],[115.02,0.33],[114.9,0.32],[114.89,0.28],[114.91,0.26],[114.84,0.23],[114.83,0.19],[114.76,0.14],[114.79,0.12],[114.81,0.07],[114.84,0.07],[114.89,0.04],[114.93,-0.19],[115.0,-0.18],[114.99,-0.24],[115.02,-0.27],[115.04,-0.29],[115.04,-0.34],[115.01,-0.37],[115.02,-0.5],[115.0,-0.52],[115.0,-0.52],[115.0,-0.56],[114.95,-0.61],[114.92,-0.62],[114.93,-0.64],[114.87,-0.71],[114.83,-0.74],[114.7,-0.75],[114.59,-0.86]]]]}},{"type":"Feature","properties":{"id":"3217","nama":"Bandung Barat","prov":"Jawa Barat","ikk":108.57,"pdrb":38736.85,"pdrb_f":2746.42,"share":7.09},"geometry":{"type":"MultiPolygon","coordinates":[[[[107.45,-7.05],[107.42,-7.06],[107.39,-7.12],[107.31,-7.11],[107.25,-7.05],[107.18,-7.06],[107.19,-6.97],[107.22,-6.94],[107.34,-6.89],[107.35,-6.85],[107.32,-6.85],[107.31,-6.8],[107.28,-6.77],[107.29,-6.73],[107.32,-6.73],[107.34,-6.69],[107.45,-6.7],[107.53,-6.76],[107.58,-6.78],[107.57,-6.74],[107.59,-6.73],[107.6,-6.76],[107.71,-6.79],[107.73,-6.81],[107.72,-6.83],[107.66,-6.83],[107.62,-6.86],[107.6,-6.84],[107.57,-6.88],[107.55,-6.83],[107.51,-6.9],[107.53,-6.94],[107.49,-7.0],[107.47,-6.99],[107.48,-7.06],[107.45,-7.05]]]]}},{"type":"Feature","properties":{"id":"5321","nama":"Malaka","prov":"Nusa Tenggara Timur","ikk":78.34,"pdrb":2214.37,"pdrb_f":249.26,"share":11.26},"geometry":{"type":"MultiPolygon","coordinates":[[[[124.87,-9.72],[124.81,-9.79],[124.8,-9.75],[124.82,-9.67],[124.79,-9.64],[124.81,-9.61],[124.77,-9.6],[124.72,-9.64],[124.66,-9.64],[124.63,-9.61],[124.65,-9.58],[124.7,-9.58],[124.7,-9.56],[124.75,-9.56],[124.75,-9.54],[124.72,-9.5],[124.78,-9.47],[124.79,-9.42],[124.77,-9.4],[124.8,-9.38],[124.81,-9.34],[124.85,-9.36],[124.84,-9.39],[124.87,-9.38],[124.89,-9.39],[124.9,-9.36],[124.96,-9.39],[125.0,-9.36],[124.99,-9.33],[125.01,-9.3],[125.05,-9.32],[125.05,-9.36],[125.08,-9.39],[125.09,-9.46],[125.01,-9.54],[124.98,-9.64],[124.95,-9.68],[124.87,-9.72]]]]}},{"type":"Feature","properties":{"id":"3212","nama":"Indramayu","prov":"Jawa Barat","ikk":105.96,"pdrb":70821.73,"pdrb_f":4115.05,"share":5.81},"geometry":{"type":"MultiPolygon","coordinates":[[[[108.21,-6.57],[108.19,-6.61],[108.16,-6.61],[108.12,-6.54],[108.07,-6.58],[108.07,-6.61],[108.03,-6.64],[108.02,-6.68],[107.85,-6.57],[107.89,-6.56],[107.92,-6.52],[107.91,-6.5],[107.92,-6.48],[107.9,-6.48],[107.89,-6.46],[107.89,-6.39],[107.92,-6.36],[107.92,-6.25],[107.95,-6.26],[108.13,-6.34],[108.21,-6.27],[108.2,-6.24],[108.17,-6.22],[108.3,-6.25],[108.34,-6.27],[108.34,-6.25],[108.36,-6.25],[108.38,-6.35],[108.47,-6.46],[108.54,-6.48],[108.54,-6.52],[108.45,-6.57],[108.44,-6.52],[108.39,-6.53],[108.31,-6.62],[108.27,-6.61],[108.28,-6.59],[108.21,-6.57]]]]}},{"type":"Feature","properties":{"id":"6212","nama":"Barito Timur","prov":"Kalimantan Tengah","ikk":101.42,"pdrb":6318.68,"pdrb_f":439.58,"share":6.96},"geometry":{"type":"MultiPolygon","coordinates":[[[[115.32,-2.12],[115.3,-2.14],[115.29,-2.23],[115.26,-2.23],[115.24,-2.19],[115.25,-2.21],[115.04,-2.35],[115.0,-2.4],[114.91,-2.24],[114.95,-2.22],[114.92,-2.23],[114.93,-2.19],[114.91,-2.17],[114.96,-1.98],[114.96,-1.85],[114.99,-1.74],[115.03,-1.69],[115.1,-1.67],[115.15,-1.64],[115.31,-1.65],[115.33,-1.61],[115.36,-1.62],[115.36,-1.62],[115.37,-1.65],[115.34,-1.69],[115.3,-1.83],[115.32,-1.89],[115.42,-1.89],[115.42,-1.93],[115.44,-1.95],[115.42,-2.01],[115.42,-2.01],[115.4,-2.01],[115.41,-2.06],[115.35,-2.07],[115.35,-2.09],[115.32,-2.12]]]]}},{"type":"Feature","properties":{"id":"3211","nama":"Sumedang","prov":"Jawa Barat","ikk":101.51,"pdrb":29497.67,"pdrb_f":3047.06,"share":10.33},"geometry":{"type":"MultiPolygon","coordinates":[[[[107.96,-6.96],[107.92,-6.95],[107.83,-6.97],[107.75,-6.95],[107.75,-6.83],[107.78,-6.8],[107.8,-6.81],[107.84,-6.78],[107.84,-6.7],[107.82,-6.68],[107.85,-6.65],[107.85,-6.58],[107.91,-6.59],[107.99,-6.67],[108.03,-6.68],[108.03,-6.64],[108.09,-6.67],[108.16,-6.72],[108.15,-6.75],[108.17,-6.78],[108.16,-6.83],[108.18,-6.83],[108.19,-6.89],[108.21,-6.89],[108.22,-6.93],[108.18,-6.96],[108.13,-7.04],[108.07,-6.98],[108.04,-7.0],[107.96,-6.96]]]]}},{"type":"Feature","properties":{"id":"3214","nama":"Purwakarta","prov":"Jawa Barat","ikk":107.59,"pdrb":56989.15,"pdrb_f":3881.83,"share":6.81},"geometry":{"type":"MultiPolygon","coordinates":[[[[107.54,-6.76],[107.41,-6.69],[107.34,-6.69],[107.32,-6.73],[107.3,-6.73],[107.25,-6.69],[107.26,-6.64],[107.22,-6.59],[107.25,-6.57],[107.31,-6.49],[107.35,-6.49],[107.39,-6.51],[107.37,-6.47],[107.43,-6.46],[107.42,-6.44],[107.48,-6.43],[107.5,-6.41],[107.53,-6.42],[107.57,-6.49],[107.55,-6.56],[107.59,-6.6],[107.58,-6.64],[107.6,-6.66],[107.59,-6.73],[107.57,-6.74],[107.58,-6.78],[107.54,-6.76]]]]}},{"type":"Feature","properties":{"id":"3213","nama":"Subang","prov":"Jawa Barat","ikk":106.39,"pdrb":34785.68,"pdrb_f":3503.99,"share":10.07},"geometry":{"type":"MultiPolygon","coordinates":[[[[107.78,-6.8],[107.74,-6.81],[107.6,-6.76],[107.58,-6.69],[107.6,-6.65],[107.58,-6.63],[107.59,-6.6],[107.55,-6.56],[107.57,-6.49],[107.53,-6.43],[107.58,-6.32],[107.58,-6.26],[107.64,-6.21],[107.73,-6.24],[107.84,-6.19],[107.85,-6.21],[107.9,-6.18],[107.89,-6.22],[107.92,-6.26],[107.92,-6.36],[107.89,-6.39],[107.89,-6.46],[107.9,-6.48],[107.92,-6.48],[107.91,-6.5],[107.92,-6.51],[107.89,-6.56],[107.85,-6.57],[107.85,-6.65],[107.82,-6.68],[107.84,-6.7],[107.84,-6.78],[107.8,-6.81],[107.78,-6.8]]]]}},{"type":"Feature","properties":{"id":"3528","nama":"Pamekasan","prov":"Jawa Timur","ikk":95.01,"pdrb":13969.41,"pdrb_f":1573.86,"share":11.27},"geometry":{"type":"MultiPolygon","coordinates":[[[[113.56,-7.2],[113.55,-7.23],[113.51,-7.25],[113.5,-7.23],[113.39,-7.22],[113.38,-7.19],[113.38,-7.21],[113.36,-7.1],[113.4,-7.07],[113.4,-7.03],[113.43,-7.0],[113.43,-6.96],[113.46,-6.95],[113.48,-6.91],[113.48,-6.9],[113.64,-6.89],[113.64,-6.92],[113.65,-6.92],[113.61,-6.98],[113.62,-7.01],[113.58,-7.02],[113.58,-7.04],[113.61,-7.04],[113.59,-7.06],[113.62,-7.1],[113.56,-7.2]]]]}},{"type":"Feature","properties":{"id":"3527","nama":"Sampang","prov":"Jawa Timur","ikk":93.32,"pdrb":15439.52,"pdrb_f":1924.46,"share":12.46},"geometry":{"type":"MultiPolygon","coordinates":[[[[113.27,-7.22],[113.17,-7.23],[113.16,-7.21],[113.15,-7.22],[113.1,-7.23],[113.04,-7.21],[113.06,-7.2],[113.06,-7.16],[113.1,-7.16],[113.09,-7.13],[113.12,-7.12],[113.11,-7.08],[113.12,-7.08],[113.11,-7.03],[113.13,-7.03],[113.15,-6.99],[113.11,-6.99],[113.09,-6.95],[113.12,-6.93],[113.12,-6.89],[113.16,-6.89],[113.48,-6.9],[113.46,-6.95],[113.43,-6.96],[113.43,-7.0],[113.4,-7.03],[113.4,-7.07],[113.36,-7.1],[113.36,-7.15],[113.38,-7.15],[113.37,-7.19],[113.38,-7.21],[113.38,-7.19],[113.4,-7.2],[113.39,-7.22],[113.27,-7.22]]]]}},{"type":"Feature","properties":{"id":"3210","nama":"Majalengka","prov":"Jawa Barat","ikk":100.2,"pdrb":29321.24,"pdrb_f":3436.5,"share":11.72},"geometry":{"type":"MultiPolygon","coordinates":[[[[108.28,-7.06],[108.18,-7.06],[108.16,-7.07],[108.13,-7.04],[108.18,-6.96],[108.22,-6.93],[108.21,-6.89],[108.19,-6.89],[108.18,-6.83],[108.16,-6.83],[108.17,-6.78],[108.15,-6.75],[108.16,-6.72],[108.04,-6.64],[108.07,-6.61],[108.07,-6.58],[108.12,-6.54],[108.16,-6.61],[108.19,-6.61],[108.21,-6.57],[108.28,-6.59],[108.27,-6.61],[108.28,-6.62],[108.3,-6.61],[108.31,-6.62],[108.32,-6.61],[108.34,-6.62],[108.34,-6.67],[108.37,-6.7],[108.35,-6.75],[108.4,-6.78],[108.41,-6.89],[108.38,-7.0],[108.39,-7.06],[108.39,-7.07],[108.36,-7.05],[108.34,-7.07],[108.28,-7.06]]]]}},{"type":"Feature","properties":{"id":"3529","nama":"Sumenep","prov":"Jawa Timur","ikk":101.33,"pdrb":28554.01,"pdrb_f":2321.36,"share":8.13},"geometry":{"type":"MultiPolygon","coordinates":[[[[113.78,-7.21],[113.81,-7.22],[113.8,-7.24],[113.75,-7.22],[113.78,-7.21]]],[[[113.93,-7.18],[113.96,-7.23],[113.93,-7.2],[113.88,-7.2],[113.93,-7.18]]],[[[113.83,-7.13],[113.68,-7.11],[113.6,-7.13],[113.62,-7.09],[113.59,-7.06],[113.61,-7.04],[113.58,-7.03],[113.58,-7.02],[113.62,-7.01],[113.61,-6.98],[113.65,-6.92],[113.64,-6.92],[113.64,-6.89],[113.79,-6.89],[113.91,-6.86],[113.96,-6.87],[114.09,-6.93],[114.12,-6.98],[113.99,-7.01],[113.96,-7.04],[113.93,-7.02],[113.95,-7.06],[113.91,-7.05],[113.87,-7.09],[113.89,-7.13],[113.83,-7.13]]],[[[113.95,-7.06],[114.05,-7.08],[114.06,-7.11],[113.99,-7.11],[113.94,-7.09],[113.94,-7.07],[113.95,-7.06]]],[[[114.57,-7.13],[114.62,-7.15],[114.58,-7.17],[114.57,-7.15],[114.51,-7.14],[114.57,-7.13]]],[[[114.5,-7.14],[114.51,-7.15],[114.48,-7.16],[114.48,-7.14],[114.5,-7.14]]],[[[114.37,-7.11],[114.41,-7.17],[114.39,-7.18],[114.31,-7.16],[114.28,-7.11],[114.28,-7.08],[114.33,-7.06],[114.37,-7.11]]],[[[114.19,-6.97],[114.18,-7.0],[114.16,-7.0],[114.17,-6.97],[114.19,-6.97]]],[[[115.27,-6.83],[115.27,-6.86],[115.28,-6.83],[115.29,-6.85],[115.3,-6.83],[115.41,-6.84],[115.56,-6.91],[115.58,-6.93],[115.54,-6.96],[115.5,-6.95],[115.46,-6.91],[115.42,-6.91],[115.41,-6.93],[115.37,-6.9],[115.37,-6.87],[115.36,-6.91],[115.33,-6.87],[115.35,-6.91],[115.32,-6.92],[115.33,-6.93],[115.38,-6.97],[115.37,-6.97],[115.4,-6.99],[115.33,-7.0],[115.31,-6.97],[115.33,-6.99],[115.34,-6.97],[115.3,-6.95],[115.3,-6.97],[115.28,-6.97],[115.29,-7.01],[115.26,-6.98],[115.27,-6.91],[115.26,-6.94],[115.24,-6.93],[115.21,-6.94],[115.21,-6.89],[115.26,-6.87],[115.23,-6.84],[115.27,-6.83]]],[[[114.42,-5.55],[114.45,-5.55],[114.45,-5.58],[114.42,-5.58],[114.39,-5.56],[114.4,-5.54],[114.41,-5.53],[114.42,-5.55]]],[[[114.44,-5.44],[114.43,-5.46],[114.42,-5.45],[114.41,-5.43],[114.44,-5.44]]],[[[114.61,-5.05],[114.61,-5.1],[114.59,-5.09],[114.59,-5.06],[114.61,-5.05]]],[[[115.64,-7.06],[115.62,-7.06],[115.6,-7.04],[115.64,-7.03],[115.64,-7.06]]],[[[115.54,-7.0],[115.53,-7.03],[115.51,-7.02],[115.52,-7.0],[115.54,-6.98],[115.54,-7.0]]],[[[115.47,-6.98],[115.48,-7.01],[115.43,-6.99],[115.47,-6.98]]],[[[115.62,-6.96],[115.68,-7.01],[115.6,-6.99],[115.57,-6.96],[115.57,-6.94],[115.62,-6.96]]],[[[115.91,-7.11],[115.89,-7.2],[115.83,-7.21],[115.75,-7.17],[115.74,-7.15],[115.76,-7.13],[115.77,-7.15],[115.78,-7.11],[115.81,-7.15],[115.89,-7.17],[115.87,-7.16],[115.89,-7.16],[115.87,-7.13],[115.89,-7.12],[115.89,-7.14],[115.91,-7.11]]]]}},{"type":"Feature","properties":{"id":"3524","nama":"Lamongan","prov":"Jawa Timur","ikk":95.14,"pdrb":33924.08,"pdrb_f":3881.99,"share":11.44},"geometry":{"type":"MultiPolygon","coordinates":[[[[112.15,-7.37],[112.08,-7.38],[112.08,-7.32],[112.09,-7.23],[112.16,-7.15],[112.15,-7.11],[112.18,-7.1],[112.18,-7.08],[112.22,-7.07],[112.2,-6.92],[112.17,-6.9],[112.22,-6.87],[112.43,-6.87],[112.45,-6.89],[112.42,-6.91],[112.42,-6.95],[112.38,-6.95],[112.37,-6.99],[112.45,-7.0],[112.45,-7.01],[112.51,-7.01],[112.5,-7.03],[112.55,-7.05],[112.54,-7.1],[112.47,-7.13],[112.47,-7.16],[112.51,-7.16],[112.5,-7.19],[112.45,-7.21],[112.4,-7.26],[112.41,-7.31],[112.31,-7.37],[112.21,-7.35],[112.15,-7.37]]]]}},{"type":"Feature","properties":{"id":"3674","nama":"Kota Tangerang Selatan","prov":"Banten","ikk":103.29,"pdrb":76706.57,"pdrb_f":10377.08,"share":13.53},"geometry":{"type":"MultiPolygon","coordinates":[[[[106.78,-6.33],[106.77,-6.36],[106.65,-6.36],[106.65,-6.27],[106.64,-6.23],[106.69,-6.23],[106.7,-6.26],[106.75,-6.25],[106.78,-6.33]]]]}},{"type":"Feature","properties":{"id":"3523","nama":"Tuban","prov":"Jawa Timur","ikk":95.03,"pdrb":54111.07,"pdrb_f":5732.24,"share":10.59},"geometry":{"type":"MultiPolygon","coordinates":[[[[111.89,-7.12],[111.86,-7.13],[111.82,-7.09],[111.71,-7.08],[111.66,-7.04],[111.65,-7.0],[111.57,-6.95],[111.58,-6.91],[111.61,-6.9],[111.62,-6.82],[111.66,-6.82],[111.66,-6.77],[111.69,-6.75],[111.84,-6.8],[111.96,-6.76],[112.05,-6.89],[112.17,-6.9],[112.2,-6.92],[112.21,-7.03],[112.22,-7.04],[112.22,-7.07],[112.18,-7.08],[112.16,-7.11],[112.12,-7.11],[112.12,-7.09],[112.09,-7.09],[112.08,-7.07],[112.04,-7.08],[112.02,-7.07],[112.01,-7.13],[111.99,-7.12],[111.98,-7.16],[111.97,-7.14],[111.95,-7.13],[111.93,-7.16],[111.93,-7.13],[111.89,-7.12]]]]}},{"type":"Feature","properties":{"id":"3673","nama":"Kota Serang","prov":"Banten","ikk":93.01,"pdrb":28259.41,"pdrb_f":5021.55,"share":17.77},"geometry":{"type":"MultiPolygon","coordinates":[[[[106.22,-6.09],[106.22,-6.13],[106.24,-6.13],[106.26,-6.15],[106.23,-6.19],[106.17,-6.22],[106.13,-6.2],[106.15,-6.17],[106.12,-6.18],[106.07,-6.18],[106.07,-6.13],[106.15,-6.07],[106.15,-6.02],[106.22,-6.02],[106.22,-6.09]]]]}},{"type":"Feature","properties":{"id":"3526","nama":"Bangkalan","prov":"Jawa Timur","ikk":96.7,"pdrb":18290.98,"pdrb_f":2737.19,"share":14.96},"geometry":{"type":"MultiPolygon","coordinates":[[[[112.92,-7.18],[112.86,-7.16],[112.7,-7.17],[112.69,-7.15],[112.71,-7.1],[112.68,-7.07],[112.68,-7.03],[112.72,-7.04],[112.77,-7.0],[112.83,-6.93],[112.82,-6.91],[112.84,-6.92],[112.85,-6.9],[113.06,-6.88],[113.12,-6.89],[113.12,-6.93],[113.09,-6.95],[113.11,-6.99],[113.15,-6.99],[113.13,-7.03],[113.11,-7.03],[113.12,-7.08],[113.11,-7.08],[113.12,-7.12],[113.09,-7.13],[113.1,-7.16],[113.06,-7.16],[113.06,-7.2],[113.04,-7.21],[112.92,-7.18]]]]}},{"type":"Feature","properties":{"id":"3525","nama":"Gresik","prov":"Jawa Timur","ikk":102.92,"pdrb":125125.85,"pdrb_f":11479.77,"share":9.17},"geometry":{"type":"MultiPolygon","coordinates":[[[[112.58,-7.39],[112.49,-7.4],[112.48,-7.31],[112.37,-7.32],[112.41,-7.3],[112.4,-7.26],[112.42,-7.25],[112.42,-7.23],[112.5,-7.19],[112.51,-7.16],[112.47,-7.16],[112.47,-7.13],[112.54,-7.1],[112.55,-7.05],[112.52,-7.05],[112.5,-7.03],[112.51,-7.01],[112.48,-7.0],[112.45,-7.02],[112.45,-7.0],[112.37,-6.99],[112.38,-6.95],[112.42,-6.95],[112.44,-6.88],[112.51,-6.91],[112.54,-6.88],[112.52,-6.87],[112.57,-6.85],[112.58,-6.89],[112.62,-6.89],[112.62,-6.91],[112.62,-6.92],[112.59,-6.93],[112.65,-7.04],[112.62,-7.12],[112.68,-7.18],[112.62,-7.21],[112.6,-7.2],[112.59,-7.22],[112.63,-7.26],[112.63,-7.31],[112.65,-7.32],[112.66,-7.35],[112.58,-7.39]]],[[[112.74,-5.79],[112.73,-5.83],[112.69,-5.85],[112.63,-5.84],[112.62,-5.87],[112.62,-5.86],[112.58,-5.84],[112.57,-5.81],[112.61,-5.75],[112.67,-5.74],[112.69,-5.72],[112.72,-5.74],[112.74,-5.79]]]]}},{"type":"Feature","properties":{"id":"3520","nama":"Magetan","prov":"Jawa Timur","ikk":93.68,"pdrb":16085.77,"pdrb_f":1364.91,"share":8.49},"geometry":{"type":"MultiPolygon","coordinates":[[[[111.31,-7.8],[111.28,-7.79],[111.29,-7.74],[111.24,-7.75],[111.18,-7.71],[111.19,-7.62],[111.37,-7.58],[111.38,-7.54],[111.43,-7.53],[111.47,-7.51],[111.51,-7.52],[111.51,-7.55],[111.45,-7.62],[111.47,-7.64],[111.49,-7.63],[111.48,-7.66],[111.51,-7.65],[111.5,-7.7],[111.46,-7.73],[111.45,-7.78],[111.31,-7.8]]]]}},{"type":"Feature","properties":{"id":"3522","nama":"Bojonegoro","prov":"Jawa Timur","ikk":93.31,"pdrb":67793.79,"pdrb_f":5138.46,"share":7.58},"geometry":{"type":"MultiPolygon","coordinates":[[[[111.91,-7.43],[111.82,-7.44],[111.77,-7.47],[111.58,-7.35],[111.53,-7.37],[111.44,-7.36],[111.46,-7.35],[111.45,-7.34],[111.46,-7.32],[111.42,-7.31],[111.45,-7.25],[111.49,-7.26],[111.49,-7.24],[111.54,-7.23],[111.61,-7.14],[111.63,-7.06],[111.62,-6.98],[111.7,-7.08],[111.82,-7.09],[111.86,-7.13],[111.93,-7.13],[111.93,-7.16],[111.95,-7.13],[111.97,-7.14],[111.98,-7.17],[111.99,-7.12],[112.01,-7.13],[112.02,-7.07],[112.04,-7.08],[112.08,-7.07],[112.09,-7.09],[112.12,-7.09],[112.12,-7.11],[112.13,-7.1],[112.16,-7.11],[112.12,-7.21],[112.09,-7.23],[112.08,-7.38],[112.02,-7.41],[111.94,-7.41],[111.96,-7.43],[111.91,-7.43]]]]}},{"type":"Feature","properties":{"id":"3672","nama":"Kota Cilegon","prov":"Banten","ikk":90.32,"pdrb":93753.72,"pdrb_f":5967.66,"share":6.37},"geometry":{"type":"MultiPolygon","coordinates":[[[[106.0,-6.05],[105.98,-6.04],[105.99,-6.05],[105.96,-6.06],[105.92,-6.04],[105.99,-5.98],[106.0,-5.91],[106.04,-5.88],[106.04,-5.94],[106.09,-6.01],[106.05,-6.08],[106.02,-6.08],[106.03,-6.04],[106.0,-6.05]]]]}},{"type":"Feature","properties":{"id":"7318","nama":"Tana Toraja","prov":"Sulawesi Selatan","ikk":101.86,"pdrb":5754.77,"pdrb_f":592.44,"share":10.29},"geometry":{"type":"MultiPolygon","coordinates":[[[[119.78,-3.24],[119.77,-3.27],[119.71,-3.31],[119.73,-3.39],[119.69,-3.39],[119.65,-3.36],[119.64,-3.32],[119.61,-3.29],[119.56,-3.27],[119.51,-3.3],[119.48,-3.28],[119.49,-3.3],[119.45,-3.28],[119.44,-3.3],[119.37,-3.21],[119.37,-3.19],[119.43,-3.17],[119.47,-3.19],[119.54,-3.14],[119.63,-3.13],[119.57,-3.0],[119.58,-2.95],[119.55,-2.9],[119.57,-2.87],[119.56,-2.81],[119.59,-2.74],[119.69,-2.75],[119.67,-2.77],[119.7,-2.85],[119.69,-2.88],[119.71,-2.95],[119.77,-2.96],[119.79,-2.93],[119.81,-2.95],[119.81,-3.02],[119.84,-3.01],[119.86,-3.05],[119.87,-3.03],[119.89,-3.03],[119.89,-3.05],[119.95,-3.07],[119.99,-3.13],[119.96,-3.17],[119.99,-3.2],[119.98,-3.25],[120.02,-3.28],[120.04,-3.35],[120.03,-3.38],[120.0,-3.3],[119.95,-3.3],[119.91,-3.26],[119.85,-3.28],[119.84,-3.26],[119.78,-3.24]]]]}},{"type":"Feature","properties":{"id":"3521","nama":"Ngawi","prov":"Jawa Timur","ikk":93.92,"pdrb":16424.65,"pdrb_f":1601.02,"share":9.75},"geometry":{"type":"MultiPolygon","coordinates":[[[[111.25,-7.6],[111.19,-7.62],[111.15,-7.56],[111.15,-7.5],[111.12,-7.42],[111.15,-7.37],[111.16,-7.31],[111.14,-7.3],[111.15,-7.26],[111.21,-7.25],[111.24,-7.29],[111.29,-7.29],[111.34,-7.32],[111.34,-7.34],[111.41,-7.35],[111.46,-7.38],[111.47,-7.36],[111.52,-7.37],[111.58,-7.35],[111.67,-7.41],[111.65,-7.45],[111.6,-7.48],[111.59,-7.52],[111.55,-7.54],[111.56,-7.55],[111.46,-7.51],[111.38,-7.54],[111.37,-7.58],[111.31,-7.59],[111.28,-7.61],[111.25,-7.6]]]]}},{"type":"Feature","properties":{"id":"3671","nama":"Kota Tangerang","prov":"Banten","ikk":97.89,"pdrb":131617.38,"pdrb_f":10338.78,"share":7.86},"geometry":{"type":"MultiPolygon","coordinates":[[[[106.63,-6.23],[106.6,-6.21],[106.59,-6.22],[106.57,-6.21],[106.55,-6.18],[106.59,-6.15],[106.61,-6.15],[106.64,-6.11],[106.66,-6.12],[106.68,-6.12],[106.68,-6.1],[106.69,-6.11],[106.69,-6.17],[106.72,-6.19],[106.72,-6.22],[106.74,-6.23],[106.75,-6.25],[106.7,-6.26],[106.69,-6.23],[106.63,-6.23]]]]}},{"type":"Feature","properties":{"id":"7315","nama":"Pinrang","prov":"Sulawesi Selatan","ikk":97.0,"pdrb":16043.55,"pdrb_f":1519.32,"share":9.47},"geometry":{"type":"MultiPolygon","coordinates":[[[[119.55,-3.92],[119.45,-3.7],[119.46,-3.64],[119.51,-3.6],[119.51,-3.56],[119.47,-3.5],[119.49,-3.48],[119.47,-3.38],[119.43,-3.34],[119.45,-3.33],[119.44,-3.28],[119.49,-3.3],[119.48,-3.28],[119.51,-3.3],[119.56,-3.27],[119.62,-3.29],[119.64,-3.32],[119.65,-3.36],[119.69,-3.39],[119.7,-3.52],[119.76,-3.7],[119.79,-3.73],[119.75,-3.76],[119.72,-3.91],[119.64,-3.98],[119.63,-3.97],[119.61,-3.98],[119.59,-3.97],[119.59,-4.01],[119.61,-4.0],[119.59,-4.02],[119.6,-4.04],[119.55,-3.92]]]]}},{"type":"Feature","properties":{"id":"7314","nama":"Sidenreng Rappang","prov":"Sulawesi Selatan","ikk":98.24,"pdrb":10760.17,"pdrb_f":1522.63,"share":14.15},"geometry":{"type":"MultiPolygon","coordinates":[[[[119.9,-3.97],[119.89,-4.11],[119.85,-4.1],[119.78,-4.13],[119.75,-4.13],[119.71,-4.08],[119.72,-4.08],[119.71,-4.06],[119.73,-4.02],[119.69,-4.01],[119.69,-3.99],[119.66,-3.96],[119.72,-3.9],[119.75,-3.76],[119.77,-3.75],[119.78,-3.72],[119.87,-3.82],[119.9,-3.82],[119.97,-3.79],[119.94,-3.76],[119.93,-3.68],[120.0,-3.66],[119.99,-3.63],[120.1,-3.48],[120.17,-3.5],[120.2,-3.58],[120.29,-3.65],[120.32,-3.65],[120.33,-3.68],[120.29,-3.72],[120.24,-3.71],[120.19,-3.77],[120.15,-3.77],[120.1,-3.84],[120.06,-3.85],[120.02,-3.94],[119.91,-3.93],[119.9,-3.97]]]]}},{"type":"Feature","properties":{"id":"7317","nama":"Luwu","prov":"Sulawesi Selatan","ikk":99.82,"pdrb":13081.73,"pdrb_f":1175.58,"share":8.99},"geometry":{"type":"MultiPolygon","coordinates":[[[[120.17,-3.5],[120.1,-3.49],[120.05,-3.4],[120.02,-3.39],[120.04,-3.35],[120.02,-3.28],[119.98,-3.24],[119.99,-3.18],[120.04,-3.13],[120.02,-3.07],[120.07,-3.03],[120.13,-3.08],[120.17,-3.05],[120.25,-3.05],[120.26,-3.08],[120.26,-3.16],[120.34,-3.19],[120.38,-3.2],[120.39,-3.25],[120.42,-3.25],[120.42,-3.26],[120.4,-3.29],[120.4,-3.43],[120.38,-3.5],[120.42,-3.57],[120.41,-3.66],[120.29,-3.65],[120.2,-3.58],[120.17,-3.5]]],[[[120.27,-2.94],[120.21,-2.96],[120.22,-2.9],[120.18,-2.88],[120.05,-2.95],[120.05,-2.88],[119.95,-2.86],[119.96,-2.81],[119.94,-2.78],[119.9,-2.78],[119.88,-2.74],[120.08,-2.69],[120.1,-2.67],[120.13,-2.67],[120.13,-2.7],[120.18,-2.76],[120.26,-2.82],[120.27,-2.89],[120.29,-2.91],[120.27,-2.94]]]]}},{"type":"Feature","properties":{"id":"7316","nama":"Enrekang","prov":"Sulawesi Selatan","ikk":98.41,"pdrb":5677.13,"pdrb_f":705.88,"share":12.43},"geometry":{"type":"MultiPolygon","coordinates":[[[[119.77,-3.71],[119.69,-3.45],[119.7,-3.39],[119.73,-3.39],[119.72,-3.3],[119.77,-3.27],[119.78,-3.24],[119.84,-3.26],[119.85,-3.28],[119.88,-3.26],[119.92,-3.26],[119.95,-3.3],[120.0,-3.3],[120.03,-3.4],[120.06,-3.41],[120.1,-3.5],[120.04,-3.54],[119.99,-3.63],[120.0,-3.66],[119.92,-3.69],[119.94,-3.76],[119.97,-3.79],[119.9,-3.82],[119.87,-3.82],[119.77,-3.71]]]]}},{"type":"Feature","properties":{"id":"7311","nama":"Bone","prov":"Sulawesi Selatan","ikk":96.01,"pdrb":28447.38,"pdrb_f":2660.52,"share":9.35},"geometry":{"type":"MultiPolygon","coordinates":[[[[120.15,-5.06],[120.12,-5.05],[120.06,-5.13],[119.92,-5.13],[119.89,-5.1],[119.86,-5.09],[119.85,-5.05],[119.88,-5.0],[119.9,-4.92],[119.95,-4.86],[119.93,-4.85],[119.97,-4.78],[119.88,-4.72],[119.81,-4.77],[119.81,-4.81],[119.77,-4.82],[119.75,-4.8],[119.73,-4.82],[119.7,-4.8],[119.75,-4.8],[119.77,-4.76],[119.8,-4.77],[119.82,-4.74],[119.81,-4.7],[119.76,-4.68],[119.75,-4.64],[119.8,-4.6],[119.8,-4.53],[119.9,-4.52],[119.98,-4.54],[120.03,-4.52],[120.06,-4.5],[120.06,-4.42],[120.05,-4.4],[120.1,-4.39],[120.1,-4.33],[120.06,-4.32],[120.09,-4.25],[120.15,-4.22],[120.23,-4.24],[120.25,-4.27],[120.28,-4.25],[120.37,-4.22],[120.37,-4.3],[120.39,-4.34],[120.36,-4.37],[120.35,-4.43],[120.4,-4.48],[120.38,-4.51],[120.38,-4.55],[120.41,-4.55],[120.39,-4.55],[120.4,-4.6],[120.46,-4.66],[120.4,-4.71],[120.38,-4.84],[120.29,-4.85],[120.31,-4.86],[120.31,-4.91],[120.29,-4.92],[120.31,-4.94],[120.29,-4.95],[120.31,-5.0],[120.29,-5.04],[120.29,-5.11],[120.26,-5.1],[120.26,-5.12],[120.23,-5.09],[120.21,-5.1],[120.19,-5.07],[120.16,-5.08],[120.15,-5.06]]],[[[120.49,-4.53],[120.52,-4.55],[120.51,-4.57],[120.48,-4.54],[120.47,-4.53],[120.49,-4.53]]]]}},{"type":"Feature","properties":{"id":"7310","nama":"Barru","prov":"Sulawesi Selatan","ikk":92.19,"pdrb":6086.9,"pdrb_f":955.74,"share":15.7},"geometry":{"type":"MultiPolygon","coordinates":[[[[119.63,-4.58],[119.58,-4.53],[119.64,-4.3],[119.6,-4.24],[119.63,-4.24],[119.61,-4.22],[119.64,-4.17],[119.61,-4.14],[119.61,-4.08],[119.62,-4.07],[119.7,-4.08],[119.75,-4.12],[119.73,-4.17],[119.76,-4.21],[119.71,-4.23],[119.73,-4.26],[119.75,-4.28],[119.76,-4.47],[119.81,-4.55],[119.8,-4.6],[119.76,-4.63],[119.76,-4.68],[119.81,-4.7],[119.82,-4.74],[119.8,-4.77],[119.77,-4.76],[119.75,-4.8],[119.7,-4.8],[119.68,-4.77],[119.69,-4.72],[119.64,-4.73],[119.62,-4.71],[119.66,-4.66],[119.63,-4.58]]]]}},{"type":"Feature","properties":{"id":"3209","nama":"Cirebon","prov":"Jawa Barat","ikk":103.75,"pdrb":41875.88,"pdrb_f":4286.11,"share":10.24},"geometry":{"type":"MultiPolygon","coordinates":[[[[108.45,-6.78],[108.4,-6.79],[108.36,-6.76],[108.37,-6.7],[108.34,-6.67],[108.35,-6.62],[108.32,-6.62],[108.36,-6.56],[108.43,-6.52],[108.45,-6.57],[108.54,-6.52],[108.56,-6.69],[108.54,-6.7],[108.55,-6.73],[108.52,-6.74],[108.54,-6.8],[108.57,-6.75],[108.59,-6.74],[108.63,-6.77],[108.65,-6.75],[108.69,-6.8],[108.75,-6.81],[108.81,-6.78],[108.81,-6.76],[108.85,-6.74],[108.82,-6.83],[108.76,-6.9],[108.76,-6.98],[108.74,-7.01],[108.7,-6.94],[108.68,-6.92],[108.65,-6.94],[108.66,-6.9],[108.64,-6.91],[108.53,-6.88],[108.51,-6.85],[108.51,-6.79],[108.46,-6.8],[108.45,-6.78]]]]}},{"type":"Feature","properties":{"id":"7313","nama":"Wajo","prov":"Sulawesi Selatan","ikk":95.59,"pdrb":15781.92,"pdrb_f":1299.8,"share":8.24},"geometry":{"type":"MultiPolygon","coordinates":[[[[120.14,-4.22],[120.07,-4.28],[120.04,-4.28],[120.03,-4.23],[120.03,-4.26],[119.96,-4.27],[119.94,-4.21],[119.95,-4.18],[119.92,-4.18],[119.92,-4.16],[119.93,-4.14],[119.89,-4.11],[119.91,-4.07],[119.89,-4.02],[119.91,-3.93],[120.0,-3.93],[120.02,-3.94],[120.06,-3.85],[120.1,-3.84],[120.15,-3.77],[120.19,-3.77],[120.24,-3.71],[120.26,-3.72],[120.3,-3.72],[120.33,-3.68],[120.33,-3.65],[120.41,-3.66],[120.44,-3.69],[120.44,-3.74],[120.36,-3.85],[120.34,-3.94],[120.36,-4.02],[120.33,-4.1],[120.37,-4.14],[120.38,-4.2],[120.34,-4.24],[120.28,-4.25],[120.25,-4.27],[120.23,-4.24],[120.14,-4.22]]]]}},{"type":"Feature","properties":{"id":"3208","nama":"Kuningan","prov":"Jawa Barat","ikk":99.49,"pdrb":21937.73,"pdrb_f":1778.42,"share":8.11},"geometry":{"type":"MultiPolygon","coordinates":[[[[108.51,-7.13],[108.44,-7.12],[108.39,-7.07],[108.39,-6.95],[108.41,-6.89],[108.4,-6.79],[108.51,-6.79],[108.51,-6.85],[108.53,-6.88],[108.64,-6.91],[108.66,-6.9],[108.65,-6.93],[108.7,-6.94],[108.74,-7.01],[108.75,-6.99],[108.78,-7.0],[108.79,-7.02],[108.78,-7.03],[108.77,-7.11],[108.73,-7.12],[108.68,-7.16],[108.64,-7.14],[108.59,-7.15],[108.56,-7.17],[108.56,-7.19],[108.51,-7.16],[108.51,-7.13]]]]}},{"type":"Feature","properties":{"id":"7312","nama":"Soppeng","prov":"Sulawesi Selatan","ikk":95.61,"pdrb":9073.58,"pdrb_f":1127.31,"share":12.42},"geometry":{"type":"MultiPolygon","coordinates":[[[[120.05,-4.4],[120.06,-4.5],[120.04,-4.52],[119.98,-4.54],[119.9,-4.52],[119.87,-4.53],[119.8,-4.52],[119.76,-4.47],[119.75,-4.28],[119.71,-4.23],[119.76,-4.21],[119.73,-4.16],[119.75,-4.13],[119.81,-4.13],[119.81,-4.11],[119.85,-4.1],[119.92,-4.12],[119.92,-4.17],[119.95,-4.18],[119.94,-4.21],[119.96,-4.27],[120.03,-4.26],[120.03,-4.23],[120.04,-4.28],[120.07,-4.28],[120.06,-4.32],[120.1,-4.33],[120.1,-4.39],[120.05,-4.4]]]]}},{"type":"Feature","properties":{"id":"6474","nama":"Kota Bontang","prov":"Kalimantan Timur","ikk":121.37,"pdrb":42899.73,"pdrb_f":3068.86,"share":7.15},"geometry":{"type":"MultiPolygon","coordinates":[[[[117.5,0.11],[117.48,0.11],[117.5,0.1],[117.48,0.1],[117.49,0.08],[117.46,0.1],[117.46,0.09],[117.48,0.08],[117.47,0.05],[117.51,0.06],[117.52,0.05],[117.49,0.03],[117.51,0.04],[117.52,0.02],[117.39,0.02],[117.39,0.06],[117.47,0.2],[117.52,0.2],[117.49,0.19],[117.5,0.18],[117.47,0.16],[117.49,0.15],[117.51,0.16],[117.52,0.14],[117.5,0.11]]]]}},{"type":"Feature","properties":{"id":"7505","nama":"Gorontalo Utara","prov":"Gorontalo","ikk":90.75,"pdrb":2823.24,"pdrb_f":262.37,"share":9.29},"geometry":{"type":"MultiPolygon","coordinates":[[[[122.63,0.96],[122.69,0.89],[122.72,0.89],[122.71,0.87],[122.74,0.88],[122.77,0.86],[122.77,0.88],[122.8,0.85],[122.79,0.85],[122.8,0.83],[122.82,0.84],[122.85,0.8],[122.98,0.94],[122.95,0.94],[122.94,0.96],[122.99,0.97],[123.02,0.93],[123.05,0.94],[123.07,0.92],[123.08,0.93],[123.09,0.91],[123.09,0.93],[123.11,0.93],[123.12,0.89],[123.21,0.86],[123.27,0.8],[123.25,0.74],[123.22,0.76],[123.17,0.75],[123.16,0.77],[123.13,0.77],[123.13,0.79],[123.07,0.81],[123.01,0.78],[122.93,0.71],[122.88,0.76],[122.8,0.76],[122.71,0.79],[122.65,0.85],[122.6,0.85],[122.58,0.87],[122.42,0.89],[122.35,0.92],[122.28,0.91],[122.26,0.93],[122.2,0.9],[122.18,0.91],[122.08,0.91],[122.03,0.89],[121.99,0.9],[121.98,0.93],[122.04,0.99],[122.18,1.04],[122.22,1.02],[122.23,0.99],[122.24,1.01],[122.31,1.01],[122.33,1.04],[122.36,1.0],[122.39,1.01],[122.42,0.99],[122.44,1.0],[122.45,1.03],[122.49,0.99],[122.56,0.96],[122.61,0.94],[122.63,0.96]]],[[[122.87,0.9],[122.9,0.87],[122.9,0.85],[122.88,0.86],[122.88,0.89],[122.85,0.9],[122.87,0.9]]],[[[122.78,0.91],[122.81,0.89],[122.79,0.87],[122.76,0.91],[122.78,0.91]]]]}},{"type":"Feature","properties":{"id":"3205","nama":"Garut","prov":"Jawa Barat","ikk":104.06,"pdrb":49025.51,"pdrb_f":3190.64,"share":6.51},"geometry":{"type":"MultiPolygon","coordinates":[[[[107.74,-7.67],[107.69,-7.67],[107.67,-7.63],[107.6,-7.57],[107.42,-7.51],[107.43,-7.42],[107.47,-7.4],[107.48,-7.36],[107.45,-7.29],[107.48,-7.25],[107.56,-7.25],[107.61,-7.31],[107.66,-7.29],[107.68,-7.32],[107.72,-7.31],[107.74,-7.27],[107.71,-7.23],[107.73,-7.21],[107.72,-7.2],[107.74,-7.17],[107.8,-7.16],[107.83,-7.07],[107.93,-7.04],[107.91,-7.04],[107.89,-6.98],[107.92,-6.95],[108.04,-7.0],[108.07,-6.98],[108.13,-7.05],[108.13,-7.1],[108.09,-7.11],[108.07,-7.13],[108.1,-7.18],[108.06,-7.22],[107.92,-7.29],[107.95,-7.33],[107.9,-7.36],[107.95,-7.4],[107.95,-7.46],[107.94,-7.58],[107.92,-7.6],[107.93,-7.69],[107.91,-7.73],[107.85,-7.74],[107.83,-7.7],[107.74,-7.67]]]]}},{"type":"Feature","properties":{"id":"3204","nama":"Bandung","prov":"Jawa Barat","ikk":108.53,"pdrb":103673.0,"pdrb_f":6662.26,"share":6.43},"geometry":{"type":"MultiPolygon","coordinates":[[[[107.63,-7.3],[107.6,-7.31],[107.56,-7.25],[107.42,-7.26],[107.35,-7.24],[107.33,-7.2],[107.25,-7.2],[107.32,-7.15],[107.31,-7.11],[107.39,-7.12],[107.43,-7.06],[107.48,-7.06],[107.47,-6.99],[107.51,-6.98],[107.53,-6.94],[107.52,-6.92],[107.54,-6.92],[107.58,-6.96],[107.7,-6.97],[107.74,-6.9],[107.72,-6.9],[107.64,-6.89],[107.62,-6.86],[107.66,-6.83],[107.7,-6.84],[107.73,-6.81],[107.75,-6.81],[107.75,-6.95],[107.83,-6.97],[107.92,-6.95],[107.89,-6.98],[107.91,-6.99],[107.91,-7.04],[107.93,-7.04],[107.83,-7.07],[107.8,-7.16],[107.74,-7.17],[107.72,-7.2],[107.73,-7.21],[107.71,-7.23],[107.74,-7.27],[107.72,-7.31],[107.68,-7.32],[107.66,-7.29],[107.63,-7.3]]]]}},{"type":"Feature","properties":{"id":"6471","nama":"Kota Balikpapan","prov":"Kalimantan Timur","ikk":113.21,"pdrb":110447.41,"pdrb_f":11085.26,"share":10.04},"geometry":{"type":"MultiPolygon","coordinates":[[[[116.85,-1.27],[116.79,-1.29],[116.8,-1.24],[116.76,-1.21],[116.77,-1.18],[116.72,-1.11],[116.73,-1.07],[116.76,-1.07],[116.84,-1.01],[116.85,-1.02],[116.84,-1.05],[116.88,-1.06],[116.95,-1.13],[117.02,-1.14],[117.0,-1.2],[116.97,-1.23],[116.88,-1.28],[116.85,-1.27]]]]}},{"type":"Feature","properties":{"id":"7502","nama":"Gorontalo","prov":"Gorontalo","ikk":90.82,"pdrb":10822.08,"pdrb_f":1532.41,"share":14.16},"geometry":{"type":"MultiPolygon","coordinates":[[[[122.87,0.49],[122.69,0.47],[122.68,0.5],[122.63,0.53],[122.64,0.57],[122.6,0.65],[122.57,0.66],[122.55,0.7],[122.51,0.71],[122.5,0.74],[122.34,0.79],[122.25,0.79],[122.26,0.84],[122.24,0.9],[122.26,0.93],[122.28,0.91],[122.35,0.92],[122.45,0.88],[122.58,0.87],[122.6,0.85],[122.65,0.85],[122.76,0.77],[122.82,0.75],[122.88,0.76],[122.93,0.71],[123.01,0.78],[123.07,0.8],[123.08,0.69],[123.06,0.63],[123.07,0.61],[123.03,0.56],[123.03,0.55],[123.01,0.55],[123.01,0.62],[122.95,0.58],[123.04,0.5],[122.87,0.49]]]]}},{"type":"Feature","properties":{"id":"3207","nama":"Ciamis","prov":"Jawa Barat","ikk":98.43,"pdrb":27777.11,"pdrb_f":2460.07,"share":8.86},"geometry":{"type":"MultiPolygon","coordinates":[[[[108.38,-7.36],[108.28,-7.33],[108.2,-7.28],[108.19,-7.17],[108.22,-7.09],[108.17,-7.07],[108.21,-7.05],[108.34,-7.07],[108.36,-7.05],[108.44,-7.12],[108.51,-7.13],[108.53,-7.18],[108.58,-7.21],[108.56,-7.33],[108.52,-7.36],[108.49,-7.35],[108.47,-7.38],[108.54,-7.41],[108.57,-7.44],[108.59,-7.4],[108.62,-7.41],[108.63,-7.38],[108.65,-7.39],[108.66,-7.35],[108.72,-7.43],[108.7,-7.47],[108.7,-7.46],[108.65,-7.47],[108.65,-7.54],[108.53,-7.57],[108.52,-7.53],[108.48,-7.53],[108.43,-7.5],[108.44,-7.49],[108.43,-7.49],[108.42,-7.42],[108.4,-7.41],[108.41,-7.38],[108.38,-7.36]]]]}},{"type":"Feature","properties":{"id":"7501","nama":"Boalemo","prov":"Gorontalo","ikk":97.96,"pdrb":4172.83,"pdrb_f":275.66,"share":6.61},"geometry":{"type":"MultiPolygon","coordinates":[[[[122.41,0.5],[122.39,0.52],[122.36,0.51],[122.35,0.49],[122.32,0.51],[122.28,0.47],[122.23,0.49],[122.15,0.46],[122.12,0.5],[122.13,0.58],[122.1,0.9],[122.25,0.91],[122.26,0.84],[122.25,0.79],[122.34,0.79],[122.4,0.76],[122.47,0.75],[122.48,0.74],[122.5,0.74],[122.51,0.71],[122.55,0.7],[122.57,0.66],[122.6,0.65],[122.65,0.49],[122.59,0.5],[122.6,0.51],[122.57,0.49],[122.56,0.51],[122.55,0.49],[122.55,0.51],[122.51,0.51],[122.52,0.5],[122.51,0.51],[122.41,0.5]]]]}},{"type":"Feature","properties":{"id":"3206","nama":"Tasikmalaya","prov":"Jawa Barat","ikk":98.35,"pdrb":30412.02,"pdrb_f":2671.76,"share":8.79},"geometry":{"type":"MultiPolygon","coordinates":[[[[108.11,-7.78],[107.91,-7.73],[107.93,-7.69],[107.92,-7.6],[107.94,-7.58],[107.95,-7.46],[107.95,-7.4],[107.9,-7.36],[107.95,-7.33],[107.92,-7.29],[107.98,-7.27],[108.09,-7.19],[108.07,-7.13],[108.09,-7.11],[108.12,-7.11],[108.13,-7.04],[108.16,-7.07],[108.22,-7.09],[108.19,-7.17],[108.19,-7.27],[108.15,-7.29],[108.18,-7.41],[108.2,-7.45],[108.27,-7.42],[108.28,-7.38],[108.26,-7.38],[108.29,-7.34],[108.41,-7.36],[108.4,-7.41],[108.42,-7.42],[108.43,-7.49],[108.44,-7.49],[108.43,-7.5],[108.4,-7.48],[108.37,-7.48],[108.33,-7.51],[108.33,-7.55],[108.37,-7.61],[108.36,-7.68],[108.31,-7.69],[108.33,-7.71],[108.31,-7.72],[108.32,-7.79],[108.34,-7.82],[108.11,-7.78]]]]}},{"type":"Feature","properties":{"id":"7504","nama":"Bone Bolango","prov":"Gorontalo","ikk":92.33,"pdrb":3837.19,"pdrb_f":444.75,"share":11.59},"geometry":{"type":"MultiPolygon","coordinates":[[[[123.16,0.4],[123.09,0.48],[123.1,0.5],[123.08,0.52],[123.09,0.58],[123.06,0.59],[123.07,0.61],[123.06,0.64],[123.08,0.7],[123.07,0.8],[123.13,0.79],[123.13,0.77],[123.16,0.77],[123.17,0.75],[123.25,0.75],[123.25,0.72],[123.32,0.7],[123.36,0.65],[123.49,0.63],[123.49,0.6],[123.53,0.58],[123.53,0.54],[123.55,0.51],[123.52,0.49],[123.52,0.46],[123.55,0.43],[123.5,0.38],[123.48,0.32],[123.46,0.34],[123.42,0.31],[123.28,0.32],[123.19,0.39],[123.16,0.4]]]]}},{"type":"Feature","properties":{"id":"3201","nama":"Bogor","prov":"Jawa Barat","ikk":118.39,"pdrb":195613.55,"pdrb_f":17847.63,"share":9.12},"geometry":{"type":"MultiPolygon","coordinates":[[[[106.99,-6.67],[107.01,-6.69],[107.0,-6.74],[106.97,-6.77],[106.95,-6.76],[106.92,-6.79],[106.78,-6.75],[106.74,-6.72],[106.69,-6.74],[106.66,-6.73],[106.63,-6.75],[106.59,-6.74],[106.58,-6.72],[106.52,-6.76],[106.47,-6.75],[106.43,-6.68],[106.43,-6.59],[106.4,-6.45],[106.44,-6.45],[106.45,-6.43],[106.43,-6.37],[106.44,-6.33],[106.47,-6.3],[106.48,-6.35],[106.52,-6.36],[106.53,-6.34],[106.51,-6.32],[106.57,-6.34],[106.59,-6.36],[106.72,-6.36],[106.74,-6.44],[106.82,-6.44],[106.82,-6.46],[106.85,-6.44],[106.86,-6.46],[106.88,-6.46],[106.97,-6.3],[106.97,-6.34],[107.01,-6.4],[107.06,-6.4],[107.06,-6.43],[107.17,-6.48],[107.18,-6.55],[107.23,-6.6],[107.22,-6.64],[107.16,-6.65],[107.14,-6.67],[107.04,-6.66],[106.99,-6.67]],[[106.75,-6.58],[106.79,-6.63],[106.78,-6.66],[106.81,-6.65],[106.83,-6.68],[106.85,-6.65],[106.83,-6.56],[106.82,-6.54],[106.8,-6.55],[106.79,-6.51],[106.77,-6.52],[106.76,-6.55],[106.74,-6.56],[106.75,-6.58]]]]}},{"type":"Feature","properties":{"id":"6472","nama":"Kota Samarinda","prov":"Kalimantan Timur","ikk":107.38,"pdrb":61870.65,"pdrb_f":12274.48,"share":19.84},"geometry":{"type":"MultiPolygon","coordinates":[[[[117.25,-0.57],[117.28,-0.6],[117.23,-0.64],[117.18,-0.71],[117.16,-0.72],[117.13,-0.66],[117.14,-0.62],[117.09,-0.58],[117.07,-0.59],[117.05,-0.55],[117.07,-0.53],[117.06,-0.47],[117.07,-0.43],[117.13,-0.41],[117.14,-0.32],[117.2,-0.32],[117.24,-0.34],[117.23,-0.36],[117.29,-0.37],[117.3,-0.4],[117.26,-0.44],[117.27,-0.56],[117.24,-0.56],[117.25,-0.57]]]]}},{"type":"Feature","properties":{"id":"7503","nama":"Pohuwato","prov":"Gorontalo","ikk":93.63,"pdrb":5664.59,"pdrb_f":407.0,"share":7.18},"geometry":{"type":"MultiPolygon","coordinates":[[[[121.49,0.48],[121.44,0.47],[121.44,0.5],[121.42,0.48],[121.34,0.47],[121.35,0.49],[121.33,0.52],[121.35,0.56],[121.24,0.6],[121.23,0.64],[121.2,0.64],[121.16,0.68],[121.22,0.79],[121.35,0.79],[121.36,0.85],[121.48,0.84],[121.53,0.85],[121.54,0.88],[121.6,0.87],[121.81,0.95],[121.85,0.99],[121.95,0.92],[122.03,0.89],[122.08,0.91],[122.1,0.9],[122.13,0.56],[122.12,0.49],[121.85,0.44],[121.8,0.41],[121.72,0.51],[121.72,0.52],[121.69,0.51],[121.65,0.54],[121.63,0.54],[121.64,0.53],[121.62,0.54],[121.62,0.52],[121.62,0.55],[121.6,0.55],[121.6,0.53],[121.53,0.56],[121.51,0.53],[121.52,0.5],[121.49,0.48]]]]}},{"type":"Feature","properties":{"id":"3203","nama":"Cianjur","prov":"Jawa Barat","ikk":102.61,"pdrb":40404.9,"pdrb_f":3366.51,"share":8.33},"geometry":{"type":"MultiPolygon","coordinates":[[[[106.95,-7.32],[106.97,-7.3],[106.96,-7.26],[106.98,-7.22],[106.96,-7.16],[106.97,-7.14],[106.94,-7.12],[106.94,-7.07],[106.98,-7.01],[107.04,-7.04],[107.06,-7.02],[107.03,-6.98],[107.05,-6.96],[107.07,-6.97],[106.97,-6.77],[107.0,-6.73],[107.01,-6.69],[106.99,-6.67],[107.04,-6.66],[107.14,-6.67],[107.16,-6.65],[107.22,-6.64],[107.23,-6.6],[107.26,-6.63],[107.25,-6.69],[107.29,-6.71],[107.28,-6.77],[107.31,-6.8],[107.32,-6.85],[107.35,-6.86],[107.34,-6.89],[107.23,-6.94],[107.19,-6.97],[107.18,-7.06],[107.25,-7.05],[107.31,-7.09],[107.32,-7.13],[107.31,-7.16],[107.25,-7.2],[107.33,-7.2],[107.35,-7.24],[107.42,-7.26],[107.48,-7.26],[107.45,-7.29],[107.48,-7.36],[107.47,-7.4],[107.43,-7.42],[107.42,-7.51],[107.08,-7.45],[106.79,-7.44],[106.78,-7.4],[106.83,-7.36],[106.88,-7.36],[106.89,-7.34],[106.91,-7.35],[106.92,-7.32],[106.93,-7.33],[106.95,-7.32]]]]}},{"type":"Feature","properties":{"id":"3202","nama":"Sukabumi","prov":"Jawa Barat","ikk":100.92,"pdrb":58893.57,"pdrb_f":7152.11,"share":12.14},"geometry":{"type":"MultiPolygon","coordinates":[[[[106.68,-7.42],[106.52,-7.41],[106.44,-7.36],[106.41,-7.36],[106.41,-7.38],[106.4,-7.33],[106.37,-7.31],[106.37,-7.24],[106.4,-7.19],[106.46,-7.18],[106.46,-7.13],[106.54,-7.05],[106.54,-6.99],[106.51,-6.97],[106.44,-6.95],[106.4,-6.98],[106.39,-6.9],[106.43,-6.86],[106.44,-6.82],[106.5,-6.79],[106.58,-6.72],[106.6,-6.75],[106.65,-6.75],[106.66,-6.73],[106.69,-6.74],[106.74,-6.72],[106.78,-6.75],[106.9,-6.79],[106.96,-6.76],[107.03,-6.87],[107.07,-6.97],[107.05,-6.96],[107.03,-6.98],[107.06,-7.02],[107.04,-7.04],[106.98,-7.01],[106.94,-7.07],[106.94,-7.12],[106.97,-7.14],[106.96,-7.16],[106.98,-7.22],[106.96,-7.26],[106.98,-7.28],[106.97,-7.31],[106.93,-7.33],[106.92,-7.32],[106.91,-7.35],[106.89,-7.34],[106.88,-7.36],[106.83,-7.36],[106.78,-7.4],[106.79,-7.44],[106.68,-7.42]],[[106.91,-6.94],[106.91,-6.95],[106.87,-6.97],[106.95,-6.97],[106.96,-6.92],[106.95,-6.9],[106.91,-6.89],[106.91,-6.94]]]]}},{"type":"Feature","properties":{"id":"3517","nama":"Jombang","prov":"Jawa Timur","ikk":95.25,"pdrb":35004.7,"pdrb_f":3393.91,"share":9.7},"geometry":{"type":"MultiPolygon","coordinates":[[[[112.22,-7.68],[112.17,-7.61],[112.11,-7.59],[112.11,-7.57],[112.17,-7.49],[112.13,-7.45],[112.08,-7.47],[112.07,-7.39],[112.19,-7.35],[112.31,-7.37],[112.34,-7.34],[112.34,-7.44],[112.34,-7.46],[112.4,-7.46],[112.37,-7.49],[112.36,-7.55],[112.46,-7.78],[112.26,-7.73],[112.22,-7.68]]]]}},{"type":"Feature","properties":{"id":"3516","nama":"Mojokerto","prov":"Jawa Timur","ikk":95.76,"pdrb":74446.4,"pdrb_f":5627.78,"share":7.56},"geometry":{"type":"MultiPolygon","coordinates":[[[[112.47,-7.77],[112.46,-7.78],[112.45,-7.76],[112.36,-7.55],[112.37,-7.49],[112.4,-7.46],[112.33,-7.45],[112.35,-7.41],[112.34,-7.37],[112.35,-7.34],[112.44,-7.31],[112.48,-7.31],[112.48,-7.39],[112.5,-7.41],[112.46,-7.45],[112.57,-7.48],[112.66,-7.56],[112.65,-7.61],[112.62,-7.62],[112.62,-7.67],[112.57,-7.73],[112.53,-7.73],[112.5,-7.76],[112.47,-7.77]],[[112.43,-7.46],[112.42,-7.46],[112.41,-7.49],[112.44,-7.49],[112.47,-7.46],[112.43,-7.46]]]]}},{"type":"Feature","properties":{"id":"3519","nama":"Madiun","prov":"Jawa Timur","ikk":94.38,"pdrb":16423.57,"pdrb_f":1916.79,"share":11.67},"geometry":{"type":"MultiPolygon","coordinates":[[[[111.6,-7.78],[111.57,-7.8],[111.45,-7.78],[111.46,-7.73],[111.5,-7.7],[111.51,-7.66],[111.54,-7.66],[111.56,-7.6],[111.5,-7.61],[111.5,-7.64],[111.51,-7.65],[111.48,-7.66],[111.49,-7.63],[111.47,-7.64],[111.45,-7.62],[111.51,-7.54],[111.55,-7.54],[111.59,-7.52],[111.6,-7.48],[111.65,-7.45],[111.67,-7.41],[111.77,-7.47],[111.81,-7.46],[111.85,-7.51],[111.83,-7.55],[111.8,-7.55],[111.78,-7.65],[111.73,-7.73],[111.73,-7.77],[111.75,-7.8],[111.7,-7.81],[111.66,-7.77],[111.6,-7.78]]]]}},{"type":"Feature","properties":{"id":"3518","nama":"Nganjuk","prov":"Jawa Timur","ikk":91.51,"pdrb":22759.59,"pdrb_f":2323.87,"share":10.21},"geometry":{"type":"MultiPolygon","coordinates":[[[[111.8,-7.83],[111.77,-7.82],[111.73,-7.77],[111.73,-7.73],[111.78,-7.65],[111.8,-7.55],[111.83,-7.55],[111.85,-7.51],[111.8,-7.46],[111.82,-7.44],[111.94,-7.44],[111.96,-7.43],[111.94,-7.41],[112.02,-7.41],[112.05,-7.39],[112.07,-7.4],[112.08,-7.45],[112.08,-7.47],[112.12,-7.45],[112.15,-7.46],[112.17,-7.49],[112.11,-7.57],[112.06,-7.72],[112.03,-7.73],[112.01,-7.76],[111.98,-7.68],[111.95,-7.68],[111.8,-7.83]]]]}},{"type":"Feature","properties":{"id":"1812","nama":"Tulang Bawang Barat","prov":"Lampung","ikk":90.56,"pdrb":9570.33,"pdrb_f":888.96,"share":9.29},"geometry":{"type":"MultiPolygon","coordinates":[[[[105.01,-4.66],[104.98,-4.63],[105.0,-4.61],[104.99,-4.56],[104.97,-4.53],[104.94,-4.53],[104.95,-4.5],[104.98,-4.45],[105.06,-4.46],[105.07,-4.44],[105.05,-4.4],[104.99,-4.4],[105.0,-4.27],[104.96,-4.28],[105.0,-4.27],[104.94,-4.23],[104.93,-4.19],[105.01,-4.17],[105.04,-4.14],[105.06,-4.18],[105.07,-4.22],[105.1,-4.23],[105.19,-4.18],[105.23,-4.19],[105.19,-4.24],[105.19,-4.27],[105.16,-4.27],[105.16,-4.29],[105.2,-4.31],[105.21,-4.38],[105.24,-4.39],[105.27,-4.44],[105.24,-4.47],[105.22,-4.45],[105.17,-4.5],[105.17,-4.56],[105.2,-4.6],[105.17,-4.61],[105.18,-4.64],[105.14,-4.68],[105.13,-4.73],[105.01,-4.66]]],[[[105.23,-4.34],[105.24,-4.37],[105.21,-4.36],[105.23,-4.34]]]]}},{"type":"Feature","properties":{"id":"6112","nama":"Kubu Raya","prov":"Kalimantan Barat","ikk":102.23,"pdrb":22893.73,"pdrb_f":2696.77,"share":11.78},"geometry":{"type":"MultiPolygon","coordinates":[[[[109.21,-0.22],[109.28,-0.28],[109.33,-0.28],[109.28,-0.28],[109.18,-0.2],[109.19,-0.09],[109.16,-0.03],[109.18,0.03],[109.29,0.0],[109.27,-0.03],[109.34,-0.1],[109.39,-0.05],[109.35,0.13],[109.35,0.19],[109.37,0.2],[109.38,0.21],[109.38,0.26],[109.44,0.26],[109.43,0.24],[109.43,0.24],[109.47,0.24],[109.49,0.22],[109.51,0.12],[109.5,0.09],[109.52,0.04],[109.5,-0.03],[109.54,0.0],[109.58,-0.0],[109.57,0.01],[109.59,0.02],[109.57,0.04],[109.61,0.02],[109.63,0.05],[109.66,0.04],[109.67,0.07],[109.67,0.06],[109.75,0.09],[109.77,0.08],[109.85,0.09],[109.87,0.09],[109.87,0.03],[109.84,-0.02],[109.87,-0.08],[109.91,-0.15],[109.95,-0.14],[109.94,-0.23],[109.97,-0.28],[109.94,-0.32],[109.95,-0.35],[109.93,-0.36],[109.93,-0.4],[109.97,-0.43],[109.95,-0.44],[109.97,-0.48],[109.88,-0.55],[109.88,-0.59],[109.82,-0.64],[109.81,-0.67],[109.82,-0.68],[109.86,-0.66],[109.88,-0.69],[109.88,-0.72],[109.9,-0.73],[109.93,-0.72],[109.94,-0.76],[109.89,-0.82],[109.8,-0.84],[109.8,-0.87],[109.77,-0.89],[109.75,-0.89],[109.75,-0.86],[109.71,-0.86],[109.75,-0.87],[109.75,-0.9],[109.72,-0.91],[109.72,-0.97],[109.68,-1.01],[109.61,-0.97],[109.59,-0.9],[109.55,-0.88],[109.44,-0.85],[109.42,-0.87],[109.43,-0.9],[109.4,-0.93],[109.33,-0.92],[109.26,-0.85],[109.24,-0.8],[109.25,-0.66],[109.31,-0.7],[109.39,-0.71],[109.47,-0.75],[109.54,-0.74],[109.63,-0.8],[109.57,-0.76],[109.57,-0.73],[109.59,-0.74],[109.55,-0.73],[109.58,-0.71],[109.55,-0.71],[109.58,-0.69],[109.49,-0.7],[109.43,-0.64],[109.48,-0.62],[109.58,-0.65],[109.59,-0.69],[109.59,-0.65],[109.52,-0.64],[109.48,-0.62],[109.41,-0.63],[109.38,-0.6],[109.39,-0.57],[109.33,-0.59],[109.34,-0.53],[109.31,-0.59],[109.25,-0.59],[109.25,-0.61],[109.2,-0.55],[109.18,-0.55],[109.18,-0.57],[109.14,-0.56],[109.12,-0.51],[109.1,-0.36],[109.1,-0.34],[109.17,-0.37],[109.11,-0.34],[109.09,-0.28],[109.13,-0.24],[109.21,-0.22]]],[[[109.14,-0.2],[109.19,-0.21],[109.17,-0.23],[109.08,-0.27],[109.09,-0.33],[109.05,-0.26],[109.06,-0.21],[109.14,-0.2]]],[[[109.13,-0.18],[109.17,-0.19],[109.16,-0.21],[109.09,-0.19],[109.1,-0.17],[109.13,-0.18]]],[[[109.14,-0.15],[109.16,-0.18],[109.14,-0.18],[109.13,-0.16],[109.14,-0.15]]],[[[109.13,-0.15],[109.12,-0.17],[109.09,-0.15],[109.11,-0.12],[109.13,-0.15]]],[[[109.18,-0.12],[109.18,-0.19],[109.16,-0.18],[109.12,-0.1],[109.16,-0.06],[109.18,-0.12]]],[[[109.51,-0.7],[109.55,-0.71],[109.54,-0.73],[109.47,-0.73],[109.42,-0.68],[109.38,-0.67],[109.35,-0.66],[109.37,-0.65],[109.35,-0.64],[109.36,-0.62],[109.51,-0.7]]]]}},{"type":"Feature","properties":{"id":"3329","nama":"Brebes","prov":"Jawa Tengah","ikk":101.09,"pdrb":40655.22,"pdrb_f":1790.47,"share":4.4},"geometry":{"type":"MultiPolygon","coordinates":[[[[108.95,-7.13],[108.97,-7.15],[108.99,-7.13],[109.05,-7.15],[109.07,-7.13],[109.08,-7.15],[109.06,-7.19],[109.2,-7.25],[109.14,-7.27],[109.03,-7.35],[109.03,-7.33],[108.95,-7.33],[108.87,-7.27],[108.85,-7.25],[108.86,-7.24],[108.82,-7.23],[108.81,-7.2],[108.72,-7.19],[108.69,-7.16],[108.73,-7.12],[108.77,-7.11],[108.78,-7.1],[108.79,-7.01],[108.76,-6.98],[108.75,-6.92],[108.82,-6.83],[108.83,-6.76],[108.84,-6.79],[108.94,-6.82],[109.04,-6.78],[108.97,-6.8],[109.05,-6.78],[109.06,-6.75],[109.1,-6.78],[109.07,-6.8],[109.1,-6.84],[109.08,-6.88],[109.07,-6.99],[109.07,-6.97],[109.03,-6.98],[109.03,-7.04],[108.97,-7.06],[108.98,-7.1],[108.97,-7.1],[108.99,-7.11],[108.95,-7.13]]]]}},{"type":"Feature","properties":{"id":"6111","nama":"Kayong Utara","prov":"Kalimantan Barat","ikk":102.65,"pdrb":3197.95,"pdrb_f":424.35,"share":13.27},"geometry":{"type":"MultiPolygon","coordinates":[[[[108.75,-1.7],[108.78,-1.7],[108.77,-1.72],[108.68,-1.72],[108.68,-1.7],[108.75,-1.7]]],[[[108.9,-1.54],[108.94,-1.55],[108.98,-1.6],[108.96,-1.64],[108.88,-1.67],[108.83,-1.67],[108.82,-1.65],[108.84,-1.63],[108.84,-1.59],[108.8,-1.59],[108.81,-1.58],[108.79,-1.58],[108.83,-1.55],[108.88,-1.57],[108.9,-1.54]]],[[[109.27,-1.19],[109.27,-1.22],[109.24,-1.24],[109.22,-1.24],[109.23,-1.22],[109.23,-1.2],[109.27,-1.19]]],[[[110.22,-1.29],[110.22,-1.34],[110.07,-1.36],[110.02,-1.29],[109.96,-1.28],[109.94,-1.22],[109.91,-1.21],[109.95,-1.12],[109.82,-1.09],[109.8,-1.05],[109.77,-1.03],[109.76,-0.99],[109.73,-0.99],[109.73,-0.92],[109.8,-0.87],[109.8,-0.84],[109.89,-0.82],[109.89,-0.8],[109.93,-0.78],[109.94,-0.74],[110.01,-0.72],[110.17,-0.88],[110.16,-0.93],[110.27,-0.93],[110.29,-0.97],[110.27,-1.0],[110.36,-1.07],[110.39,-1.16],[110.38,-1.18],[110.41,-1.19],[110.39,-1.23],[110.42,-1.26],[110.32,-1.26],[110.28,-1.28],[110.22,-1.29]]],[[[109.53,-1.0],[109.64,-0.99],[109.64,-1.01],[109.67,-1.02],[109.71,-0.99],[109.76,-1.01],[109.78,-1.15],[109.68,-1.2],[109.69,-1.22],[109.59,-1.25],[109.5,-1.31],[109.43,-1.29],[109.38,-1.26],[109.43,-1.2],[109.46,-1.0],[109.49,-0.97],[109.53,-1.0]]]]}},{"type":"Feature","properties":{"id":"1811","nama":"Mesuji","prov":"Lampung","ikk":91.6,"pdrb":8427.23,"pdrb_f":741.03,"share":8.79},"geometry":{"type":"MultiPolygon","coordinates":[[[[105.65,-4.05],[105.66,-4.05],[105.65,-4.07],[105.65,-4.09],[105.68,-4.07],[105.69,-4.1],[105.71,-4.1],[105.7,-4.14],[105.76,-4.14],[105.76,-4.2],[105.68,-4.19],[105.62,-4.22],[105.6,-4.2],[105.51,-4.16],[105.5,-4.13],[105.47,-4.13],[105.46,-4.17],[105.43,-4.16],[105.41,-4.12],[105.37,-4.13],[105.37,-4.16],[105.31,-4.16],[105.23,-4.19],[105.2,-4.18],[105.1,-4.23],[105.07,-4.22],[105.04,-4.14],[105.09,-4.05],[105.12,-4.05],[105.11,-4.02],[105.14,-3.95],[105.14,-3.94],[105.16,-3.94],[105.2,-3.89],[105.24,-3.91],[105.28,-3.88],[105.29,-3.84],[105.28,-3.8],[105.3,-3.79],[105.33,-3.72],[105.36,-3.8],[105.42,-3.78],[105.44,-3.79],[105.43,-3.83],[105.52,-3.84],[105.52,-3.89],[105.55,-3.88],[105.57,-3.9],[105.56,-3.93],[105.6,-3.92],[105.61,-3.94],[105.59,-3.95],[105.63,-4.01],[105.61,-4.05],[105.65,-4.05]]]]}},{"type":"Feature","properties":{"id":"7414","nama":"Buton Tengah","prov":"Sulawesi Tenggara","ikk":98.53,"pdrb":2063.91,"pdrb_f":289.63,"share":14.03},"geometry":{"type":"MultiPolygon","coordinates":[[[[122.03,-5.4],[122.05,-5.41],[122.05,-5.46],[121.99,-5.47],[121.95,-5.49],[121.92,-5.41],[122.03,-5.4]]],[[[122.48,-5.32],[122.5,-5.35],[122.48,-5.37],[122.47,-5.36],[122.46,-5.4],[122.41,-5.4],[122.38,-5.34],[122.44,-5.31],[122.38,-5.32],[122.38,-5.37],[122.36,-5.39],[122.27,-5.39],[122.27,-5.31],[122.32,-5.24],[122.31,-5.15],[122.35,-5.15],[122.37,-5.19],[122.43,-5.2],[122.42,-5.22],[122.44,-5.23],[122.5,-5.22],[122.51,-5.2],[122.53,-5.2],[122.56,-5.22],[122.63,-5.2],[122.58,-5.25],[122.62,-5.25],[122.65,-5.28],[122.64,-5.36],[122.62,-5.37],[122.62,-5.34],[122.59,-5.36],[122.6,-5.43],[122.57,-5.41],[122.55,-5.44],[122.52,-5.44],[122.51,-5.41],[122.54,-5.33],[122.52,-5.31],[122.54,-5.26],[122.48,-5.3],[122.48,-5.32]]]]}},{"type":"Feature","properties":{"id":"7413","nama":"Muna Barat","prov":"Sulawesi Tenggara","ikk":88.46,"pdrb":2255.28,"pdrb_f":419.67,"share":18.61},"geometry":{"type":"MultiPolygon","coordinates":[[[[122.29,-4.7],[122.31,-4.68],[122.32,-4.7],[122.3,-4.72],[122.29,-4.7]]],[[[122.42,-4.91],[122.35,-4.93],[122.32,-4.83],[122.37,-4.74],[122.46,-4.74],[122.48,-4.72],[122.55,-4.69],[122.6,-4.64],[122.63,-4.63],[122.63,-4.69],[122.66,-4.72],[122.55,-4.8],[122.57,-4.84],[122.61,-4.84],[122.66,-4.9],[122.59,-5.0],[122.51,-4.94],[122.42,-4.91]]]]}},{"type":"Feature","properties":{"id":"7308","nama":"Maros","prov":"Sulawesi Selatan","ikk":93.68,"pdrb":15374.77,"pdrb_f":1275.55,"share":8.3},"geometry":{"type":"MultiPolygon","coordinates":[[[[119.6,-5.15],[119.56,-5.17],[119.49,-5.15],[119.52,-5.15],[119.54,-5.11],[119.53,-5.06],[119.48,-5.06],[119.47,-5.03],[119.52,-4.93],[119.51,-4.89],[119.6,-4.91],[119.63,-4.89],[119.67,-4.95],[119.75,-4.93],[119.77,-4.94],[119.81,-4.92],[119.8,-4.85],[119.81,-4.77],[119.88,-4.72],[119.97,-4.78],[119.93,-4.85],[119.95,-4.86],[119.9,-4.92],[119.88,-5.0],[119.85,-5.05],[119.87,-5.12],[119.86,-5.16],[119.8,-5.21],[119.75,-5.18],[119.67,-5.17],[119.65,-5.18],[119.6,-5.15]]]]}},{"type":"Feature","properties":{"id":"1813","nama":"Pesisir Barat","prov":"Lampung","ikk":93.05,"pdrb":3574.97,"pdrb_f":312.83,"share":8.75},"geometry":{"type":"MultiPolygon","coordinates":[[[[103.98,-5.25],[103.9,-5.23],[103.94,-5.18],[103.91,-5.13],[103.87,-5.11],[103.78,-5.03],[103.75,-5.04],[103.74,-5.02],[103.75,-5.0],[103.71,-4.96],[103.66,-4.99],[103.64,-4.94],[103.6,-4.92],[103.6,-4.87],[103.77,-4.77],[103.78,-4.8],[103.83,-4.8],[103.82,-4.92],[103.87,-4.96],[103.94,-4.98],[104.01,-5.02],[104.02,-5.04],[104.0,-5.1],[104.03,-5.08],[104.06,-5.09],[104.13,-5.18],[104.22,-5.21],[104.41,-5.46],[104.44,-5.52],[104.49,-5.55],[104.54,-5.6],[104.53,-5.62],[104.57,-5.63],[104.63,-5.71],[104.64,-5.76],[104.7,-5.93],[104.58,-5.94],[104.55,-5.92],[104.58,-5.9],[104.56,-5.86],[104.45,-5.76],[104.41,-5.71],[104.3,-5.64],[104.32,-5.61],[104.29,-5.57],[104.07,-5.41],[104.03,-5.36],[104.03,-5.33],[103.99,-5.32],[104.01,-5.29],[103.98,-5.25]]]]}},{"type":"Feature","properties":{"id":"3326","nama":"Pekalongan","prov":"Jawa Tengah","ikk":98.44,"pdrb":20425.92,"pdrb_f":1537.25,"share":7.53},"geometry":{"type":"MultiPolygon","coordinates":[[[[109.64,-7.18],[109.61,-7.21],[109.59,-7.21],[109.54,-7.24],[109.49,-7.12],[109.5,-7.1],[109.48,-7.03],[109.5,-6.97],[109.56,-6.92],[109.58,-6.85],[109.61,-6.84],[109.67,-6.85],[109.64,-6.92],[109.67,-6.92],[109.71,-6.98],[109.75,-7.0],[109.76,-7.07],[109.74,-7.1],[109.77,-7.12],[109.8,-7.17],[109.72,-7.2],[109.69,-7.19],[109.68,-7.17],[109.64,-7.18]]]]}},{"type":"Feature","properties":{"id":"7307","nama":"Sinjai","prov":"Sulawesi Selatan","ikk":95.31,"pdrb":9368.78,"pdrb_f":984.77,"share":10.51},"geometry":{"type":"MultiPolygon","coordinates":[[[[120.31,-5.23],[120.33,-5.29],[120.3,-5.3],[120.29,-5.29],[120.17,-5.31],[120.14,-5.29],[120.04,-5.35],[120.0,-5.32],[119.94,-5.36],[119.93,-5.34],[120.0,-5.23],[119.99,-5.21],[120.03,-5.19],[119.97,-5.16],[119.98,-5.12],[120.06,-5.13],[120.08,-5.08],[120.13,-5.04],[120.16,-5.08],[120.19,-5.07],[120.21,-5.1],[120.23,-5.09],[120.26,-5.12],[120.26,-5.1],[120.29,-5.11],[120.27,-5.14],[120.31,-5.23]]]]}},{"type":"Feature","properties":{"id":"3325","nama":"Batang","prov":"Jawa Tengah","ikk":98.83,"pdrb":20159.94,"pdrb_f":1743.72,"share":8.65},"geometry":{"type":"MultiPolygon","coordinates":[[[[109.86,-7.19],[109.79,-7.17],[109.77,-7.12],[109.74,-7.11],[109.76,-7.07],[109.75,-7.0],[109.71,-6.98],[109.67,-6.93],[109.7,-6.93],[109.71,-6.87],[109.78,-6.89],[109.88,-6.92],[110.04,-6.92],[110.03,-6.93],[110.05,-6.98],[109.97,-7.03],[109.98,-7.08],[109.93,-7.18],[109.91,-7.2],[109.89,-7.18],[109.86,-7.19]]]]}},{"type":"Feature","properties":{"id":"7415","nama":"Buton Selatan","prov":"Sulawesi Tenggara","ikk":94.19,"pdrb":2435.2,"pdrb_f":322.09,"share":13.23},"geometry":{"type":"MultiPolygon","coordinates":[[[[122.5,-5.7],[122.46,-5.69],[122.51,-5.65],[122.5,-5.63],[122.54,-5.63],[122.56,-5.66],[122.54,-5.69],[122.5,-5.7]]],[[[122.52,-5.51],[122.51,-5.56],[122.48,-5.55],[122.48,-5.52],[122.52,-5.51]]],[[[122.69,-6.18],[122.73,-6.2],[122.71,-6.21],[122.67,-6.18],[122.69,-6.18]]],[[[122.75,-5.64],[122.73,-5.69],[122.71,-5.68],[122.71,-5.62],[122.67,-5.69],[122.63,-5.69],[122.57,-5.54],[122.61,-5.52],[122.62,-5.51],[122.74,-5.49],[122.81,-5.53],[122.83,-5.64],[122.8,-5.7],[122.78,-5.7],[122.75,-5.69],[122.77,-5.67],[122.75,-5.64]]]]}},{"type":"Feature","properties":{"id":"7410","nama":"Konawe Utara","prov":"Sulawesi Tenggara","ikk":93.79,"pdrb":3600.96,"pdrb_f":452.34,"share":12.56},"geometry":{"type":"MultiPolygon","coordinates":[[[[122.23,-3.65],[122.3,-3.69],[122.34,-3.74],[122.36,-3.75],[122.39,-3.73],[122.4,-3.75],[122.44,-3.75],[122.47,-3.81],[122.44,-3.87],[122.34,-3.88],[122.31,-3.87],[122.27,-3.77],[122.21,-3.74],[122.18,-3.77],[122.15,-3.72],[122.08,-3.72],[122.06,-3.7],[122.04,-3.66],[122.04,-3.65],[122.06,-3.64],[121.99,-3.59],[121.86,-3.56],[121.79,-3.58],[121.76,-3.48],[121.67,-3.47],[121.66,-3.42],[121.62,-3.42],[121.6,-3.41],[121.59,-3.4],[121.61,-3.34],[121.57,-3.25],[121.57,-3.22],[121.65,-3.17],[121.68,-3.2],[121.67,-3.22],[121.72,-3.24],[121.75,-3.23],[121.77,-3.25],[121.81,-3.24],[122.08,-2.97],[122.1,-3.01],[122.18,-3.03],[122.17,-3.08],[122.22,-3.13],[122.28,-3.14],[122.31,-3.16],[122.3,-3.22],[122.31,-3.27],[122.28,-3.31],[122.29,-3.31],[122.29,-3.36],[122.38,-3.38],[122.38,-3.46],[122.36,-3.46],[122.35,-3.41],[122.32,-3.42],[122.33,-3.37],[122.31,-3.38],[122.28,-3.36],[122.27,-3.4],[122.24,-3.39],[122.3,-3.47],[122.29,-3.49],[122.25,-3.5],[122.28,-3.49],[122.28,-3.55],[122.27,-3.52],[122.25,-3.54],[122.27,-3.54],[122.27,-3.56],[122.2,-3.57],[122.2,-3.61],[122.23,-3.65]]],[[[122.36,-3.57],[122.28,-3.59],[122.28,-3.57],[122.3,-3.54],[122.32,-3.53],[122.35,-3.54],[122.33,-3.56],[122.36,-3.57]]],[[[122.42,-3.4],[122.47,-3.47],[122.46,-3.49],[122.44,-3.48],[122.45,-3.51],[122.43,-3.51],[122.4,-3.44],[122.4,-3.4],[122.42,-3.4]]]]}},{"type":"Feature","properties":{"id":"3328","nama":"Tegal","prov":"Jawa Tengah","ikk":98.74,"pdrb":31211.27,"pdrb_f":2683.63,"share":8.6},"geometry":{"type":"MultiPolygon","coordinates":[[[[109.21,-7.24],[109.15,-7.24],[109.06,-7.19],[109.08,-7.15],[109.07,-7.13],[109.06,-7.15],[108.98,-7.13],[108.96,-7.15],[108.95,-7.13],[108.99,-7.11],[108.97,-7.1],[108.98,-7.08],[108.97,-7.06],[109.03,-7.04],[109.03,-6.98],[109.07,-6.97],[109.07,-6.99],[109.08,-6.89],[109.15,-6.89],[109.16,-6.84],[109.29,-6.88],[109.35,-6.86],[109.36,-6.88],[109.33,-6.92],[109.34,-6.96],[109.29,-7.0],[109.28,-7.05],[109.24,-7.08],[109.22,-7.13],[109.19,-7.14],[109.21,-7.24]]]]}},{"type":"Feature","properties":{"id":"1173","nama":"Kota Langsa","prov":"Aceh","ikk":91.85,"pdrb":4643.51,"pdrb_f":392.65,"share":8.46},"geometry":{"type":"MultiPolygon","coordinates":[[[[97.97,4.42],[97.97,4.44],[97.92,4.42],[97.92,4.45],[97.88,4.46],[97.92,4.53],[97.96,4.53],[97.98,4.56],[97.99,4.53],[98.04,4.55],[98.04,4.53],[98.07,4.55],[98.09,4.53],[98.08,4.51],[98.06,4.51],[98.06,4.48],[98.04,4.48],[98.04,4.42],[97.97,4.42]]]]}},{"type":"Feature","properties":{"id":"7309","nama":"Pangkajene dan Kepulauan","prov":"Sulawesi Selatan","ikk":94.66,"pdrb":21206.55,"pdrb_f":1140.41,"share":5.38},"geometry":{"type":"MultiPolygon","coordinates":[[[[117.95,-5.38],[117.95,-5.41],[117.93,-5.39],[117.92,-5.35],[117.95,-5.38]]],[[[117.67,-5.21],[117.66,-5.22],[117.65,-5.19],[117.67,-5.18],[117.68,-5.2],[117.67,-5.21]]],[[[119.8,-4.89],[119.81,-4.92],[119.77,-4.94],[119.75,-4.93],[119.68,-4.95],[119.63,-4.89],[119.6,-4.91],[119.53,-4.89],[119.49,-4.82],[119.5,-4.81],[119.48,-4.75],[119.52,-4.71],[119.59,-4.56],[119.61,-4.56],[119.66,-4.66],[119.62,-4.71],[119.64,-4.73],[119.69,-4.72],[119.68,-4.77],[119.72,-4.82],[119.75,-4.8],[119.77,-4.82],[119.81,-4.81],[119.8,-4.89]]]]}},{"type":"Feature","properties":{"id":"6110","nama":"Melawi","prov":"Kalimantan Barat","ikk":109.63,"pdrb":4191.79,"pdrb_f":452.2,"share":10.79},"geometry":{"type":"MultiPolygon","coordinates":[[[[111.21,-0.88],[111.24,-0.72],[111.22,-0.66],[111.27,-0.6],[111.24,-0.59],[111.2,-0.53],[111.3,-0.44],[111.3,-0.42],[111.37,-0.35],[111.48,-0.34],[111.5,-0.31],[111.47,-0.27],[111.49,-0.23],[111.54,-0.23],[111.6,-0.19],[111.61,-0.17],[111.63,-0.18],[111.69,-0.14],[111.74,-0.16],[111.76,-0.19],[111.8,-0.18],[111.79,-0.19],[111.83,-0.19],[111.89,-0.22],[111.93,-0.19],[111.99,-0.23],[112.03,-0.22],[112.06,-0.25],[112.05,-0.27],[112.12,-0.27],[112.13,-0.29],[112.2,-0.28],[112.26,-0.24],[112.38,-0.2],[112.37,-0.34],[112.44,-0.43],[112.43,-0.53],[112.45,-0.56],[112.46,-0.67],[112.39,-0.71],[112.35,-0.7],[112.32,-0.72],[112.27,-0.64],[112.21,-0.61],[112.18,-0.64],[112.16,-0.69],[112.18,-0.73],[112.15,-0.73],[112.15,-0.73],[112.09,-0.7],[112.02,-0.79],[111.92,-0.79],[111.92,-0.84],[111.89,-0.84],[111.83,-0.91],[111.75,-0.91],[111.7,-0.95],[111.64,-0.97],[111.62,-1.06],[111.57,-1.06],[111.56,-1.1],[111.54,-1.1],[111.58,-1.17],[111.57,-1.18],[111.55,-1.21],[111.5,-1.22],[111.49,-1.2],[111.45,-1.22],[111.45,-1.24],[111.42,-1.27],[111.39,-1.25],[111.38,-1.3],[111.37,-1.29],[111.36,-1.31],[111.32,-1.29],[111.31,-1.26],[111.27,-1.25],[111.26,-1.21],[111.24,-1.18],[111.27,-1.1],[111.21,-1.02],[111.14,-1.01],[111.15,-0.96],[111.11,-0.95],[111.17,-0.91],[111.16,-0.86],[111.21,-0.88]]]]}},{"type":"Feature","properties":{"id":"3327","nama":"Pemalang","prov":"Jawa Tengah","ikk":99.78,"pdrb":23052.08,"pdrb_f":1043.12,"share":4.53},"geometry":{"type":"MultiPolygon","coordinates":[[[[109.28,-7.22],[109.2,-7.25],[109.21,-7.23],[109.19,-7.14],[109.22,-7.13],[109.24,-7.08],[109.28,-7.05],[109.29,-7.0],[109.34,-6.96],[109.33,-6.92],[109.36,-6.88],[109.35,-6.86],[109.44,-6.84],[109.52,-6.77],[109.56,-6.83],[109.6,-6.84],[109.56,-6.92],[109.5,-6.96],[109.48,-7.03],[109.5,-7.1],[109.49,-7.13],[109.53,-7.23],[109.48,-7.22],[109.44,-7.16],[109.41,-7.2],[109.38,-7.19],[109.28,-7.22]]]]}},{"type":"Feature","properties":{"id":"1172","nama":"Kota Sabang","prov":"Aceh","ikk":102.83,"pdrb":1314.89,"pdrb_f":370.24,"share":28.16},"geometry":{"type":"MultiPolygon","coordinates":[[[[95.33,5.9],[95.38,5.83],[95.37,5.8],[95.34,5.83],[95.33,5.77],[95.28,5.78],[95.24,5.86],[95.22,5.91],[95.29,5.84],[95.33,5.9]]]]}},{"type":"Feature","properties":{"id":"7304","nama":"Jeneponto","prov":"Sulawesi Selatan","ikk":94.77,"pdrb":8438.81,"pdrb_f":930.46,"share":11.03},"geometry":{"type":"MultiPolygon","coordinates":[[[[119.67,-5.69],[119.64,-5.67],[119.66,-5.65],[119.65,-5.63],[119.59,-5.61],[119.58,-5.66],[119.55,-5.65],[119.55,-5.59],[119.51,-5.57],[119.52,-5.55],[119.49,-5.49],[119.53,-5.48],[119.51,-5.46],[119.53,-5.43],[119.57,-5.45],[119.64,-5.43],[119.65,-5.45],[119.63,-5.48],[119.66,-5.48],[119.67,-5.51],[119.7,-5.5],[119.7,-5.54],[119.72,-5.55],[119.79,-5.57],[119.86,-5.45],[119.94,-5.39],[119.88,-5.53],[119.85,-5.52],[119.86,-5.55],[119.9,-5.56],[119.91,-5.58],[119.84,-5.64],[119.85,-5.66],[119.8,-5.7],[119.67,-5.69]]]]}},{"type":"Feature","properties":{"id":"7412","nama":"Konawe Kepulauan","prov":"Sulawesi Tenggara","ikk":93.7,"pdrb":1279.21,"pdrb_f":60.49,"share":4.73},"geometry":{"type":"MultiPolygon","coordinates":[[[[123.22,-4.15],[123.14,-4.25],[123.06,-4.24],[122.99,-4.2],[122.95,-4.12],[122.94,-4.07],[122.98,-4.03],[123.01,-3.98],[123.09,-4.02],[123.17,-4.01],[123.22,-4.02],[123.26,-4.09],[123.22,-4.15]]]]}},{"type":"Feature","properties":{"id":"3322","nama":"Semarang","prov":"Jawa Tengah","ikk":105.94,"pdrb":43880.58,"pdrb_f":6118.06,"share":13.94},"geometry":{"type":"MultiPolygon","coordinates":[[[[110.47,-7.41],[110.44,-7.45],[110.4,-7.37],[110.38,-7.33],[110.33,-7.32],[110.31,-7.31],[110.33,-7.3],[110.27,-7.25],[110.25,-7.2],[110.34,-7.19],[110.37,-7.18],[110.34,-7.16],[110.36,-7.11],[110.38,-7.1],[110.38,-7.11],[110.41,-7.11],[110.46,-7.08],[110.5,-7.09],[110.52,-7.13],[110.56,-7.14],[110.54,-7.18],[110.57,-7.19],[110.61,-7.2],[110.63,-7.22],[110.64,-7.26],[110.6,-7.31],[110.61,-7.34],[110.65,-7.33],[110.62,-7.45],[110.65,-7.45],[110.63,-7.46],[110.66,-7.47],[110.66,-7.5],[110.59,-7.48],[110.56,-7.44],[110.6,-7.45],[110.58,-7.42],[110.55,-7.45],[110.54,-7.43],[110.52,-7.44],[110.51,-7.41],[110.47,-7.41]],[[110.47,-7.34],[110.49,-7.39],[110.53,-7.36],[110.53,-7.34],[110.52,-7.29],[110.51,-7.3],[110.48,-7.29],[110.48,-7.29],[110.47,-7.3],[110.47,-7.34]]]]}},{"type":"Feature","properties":{"id":"1175","nama":"Kota Subulussalam","prov":"Aceh","ikk":96.89,"pdrb":1685.68,"pdrb_f":245.4,"share":14.56},"geometry":{"type":"MultiPolygon","coordinates":[[[[98.07,2.73],[98.1,2.68],[98.11,2.6],[98.06,2.59],[98.05,2.56],[98.03,2.56],[97.99,2.61],[97.91,2.55],[97.85,2.56],[97.84,2.5],[97.79,2.51],[97.82,2.64],[97.77,2.77],[97.77,2.79],[97.85,2.84],[97.86,2.88],[97.91,2.92],[97.9,2.97],[97.81,2.98],[97.84,3.0],[97.9,3.01],[97.95,2.98],[97.95,2.9],[98.04,2.85],[98.06,2.82],[98.1,2.82],[98.12,2.78],[98.07,2.76],[98.07,2.73]]]]}},{"type":"Feature","properties":{"id":"7303","nama":"Bantaeng","prov":"Sulawesi Selatan","ikk":93.26,"pdrb":8023.6,"pdrb_f":1119.57,"share":13.95},"geometry":{"type":"MultiPolygon","coordinates":[[[[119.99,-5.56],[119.94,-5.54],[119.91,-5.58],[119.86,-5.55],[119.85,-5.52],[119.88,-5.53],[119.88,-5.49],[119.93,-5.42],[119.93,-5.36],[119.96,-5.36],[119.98,-5.39],[120.03,-5.39],[120.09,-5.49],[120.1,-5.59],[119.99,-5.56]]]]}},{"type":"Feature","properties":{"id":"7411","nama":"Kolaka Timur","prov":"Sulawesi Tenggara","ikk":87.09,"pdrb":3855.8,"pdrb_f":426.82,"share":11.07},"geometry":{"type":"MultiPolygon","coordinates":[[[[121.87,-4.44],[121.85,-4.46],[121.82,-4.46],[121.79,-4.44],[121.79,-4.4],[121.78,-4.39],[121.76,-4.39],[121.74,-4.25],[121.78,-4.17],[121.77,-4.07],[121.73,-4.04],[121.72,-4.0],[121.68,-3.98],[121.7,-3.95],[121.67,-3.9],[121.62,-3.89],[121.61,-3.82],[121.52,-3.75],[121.43,-3.7],[121.42,-3.61],[121.34,-3.67],[121.34,-3.69],[121.29,-3.69],[121.25,-3.66],[121.24,-3.6],[121.12,-3.49],[121.16,-3.44],[121.12,-3.41],[121.13,-3.37],[121.16,-3.34],[121.16,-3.3],[121.19,-3.27],[121.22,-3.25],[121.23,-3.23],[121.28,-3.23],[121.34,-3.32],[121.44,-3.35],[121.52,-3.48],[121.53,-3.54],[121.61,-3.68],[121.62,-3.73],[121.67,-3.73],[121.7,-3.78],[121.75,-3.77],[121.79,-3.73],[121.83,-3.73],[121.86,-3.76],[121.86,-3.79],[121.93,-3.83],[121.96,-3.88],[121.96,-4.04],[122.01,-4.19],[122.01,-4.36],[121.97,-4.41],[121.87,-4.44]]]]}},{"type":"Feature","properties":{"id":"3321","nama":"Demak","prov":"Jawa Tengah","ikk":104.52,"pdrb":23439.71,"pdrb_f":2597.21,"share":11.08},"geometry":{"type":"MultiPolygon","coordinates":[[[[110.61,-7.03],[110.59,-7.07],[110.56,-7.08],[110.59,-7.12],[110.56,-7.14],[110.52,-7.13],[110.48,-7.09],[110.5,-7.07],[110.48,-7.03],[110.5,-7.02],[110.49,-7.0],[110.51,-6.96],[110.47,-6.94],[110.52,-6.84],[110.57,-6.77],[110.54,-6.75],[110.56,-6.75],[110.55,-6.73],[110.58,-6.74],[110.62,-6.71],[110.66,-6.72],[110.68,-6.77],[110.7,-6.79],[110.78,-6.8],[110.83,-6.85],[110.78,-6.93],[110.76,-7.02],[110.73,-7.03],[110.69,-7.02],[110.67,-7.05],[110.69,-7.02],[110.67,-7.01],[110.67,-6.98],[110.65,-6.97],[110.62,-6.98],[110.61,-7.03]]]]}},{"type":"Feature","properties":{"id":"1174","nama":"Kota Lhokseumawe","prov":"Aceh","ikk":99.74,"pdrb":8489.95,"pdrb_f":1059.43,"share":12.48},"geometry":{"type":"MultiPolygon","coordinates":[[[[97.15,5.15],[97.18,5.14],[97.18,5.08],[97.13,5.09],[97.1,5.11],[97.09,5.17],[97.06,5.16],[97.04,5.2],[97.03,5.21],[97.05,5.24],[97.1,5.23],[97.15,5.19],[97.15,5.17],[97.13,5.18],[97.15,5.15]]]]}},{"type":"Feature","properties":{"id":"7306","nama":"Gowa","prov":"Sulawesi Selatan","ikk":90.09,"pdrb":18782.06,"pdrb_f":1760.61,"share":9.37},"geometry":{"type":"MultiPolygon","coordinates":[[[[119.43,-5.41],[119.43,-5.44],[119.41,-5.44],[119.42,-5.41],[119.37,-5.43],[119.36,-5.41],[119.41,-5.36],[119.38,-5.29],[119.42,-5.24],[119.4,-5.19],[119.46,-5.19],[119.46,-5.18],[119.51,-5.19],[119.52,-5.17],[119.56,-5.17],[119.6,-5.15],[119.65,-5.18],[119.67,-5.17],[119.75,-5.18],[119.8,-5.21],[119.86,-5.16],[119.86,-5.11],[119.88,-5.09],[119.92,-5.13],[119.97,-5.14],[119.98,-5.16],[120.03,-5.19],[119.99,-5.2],[119.98,-5.26],[119.93,-5.34],[119.94,-5.39],[119.86,-5.45],[119.79,-5.57],[119.73,-5.56],[119.7,-5.54],[119.7,-5.5],[119.67,-5.51],[119.66,-5.48],[119.63,-5.48],[119.65,-5.45],[119.63,-5.42],[119.65,-5.4],[119.6,-5.33],[119.58,-5.32],[119.57,-5.29],[119.52,-5.3],[119.5,-5.32],[119.46,-5.31],[119.46,-5.33],[119.48,-5.33],[119.43,-5.41]]]]}},{"type":"Feature","properties":{"id":"3324","nama":"Kendal","prov":"Jawa Tengah","ikk":101.27,"pdrb":40192.08,"pdrb_f":3058.89,"share":7.61},"geometry":{"type":"MultiPolygon","coordinates":[[[[110.01,-7.15],[109.96,-7.19],[109.93,-7.2],[109.92,-7.19],[109.98,-7.08],[109.97,-7.03],[110.05,-6.98],[110.03,-6.91],[110.14,-6.88],[110.17,-6.84],[110.22,-6.86],[110.25,-6.91],[110.31,-6.93],[110.27,-7.02],[110.27,-7.05],[110.29,-7.05],[110.3,-7.1],[110.34,-7.1],[110.34,-7.09],[110.36,-7.11],[110.34,-7.16],[110.37,-7.18],[110.34,-7.19],[110.26,-7.2],[110.15,-7.14],[110.14,-7.13],[110.19,-7.11],[110.18,-7.08],[110.18,-7.1],[110.11,-7.1],[110.01,-7.15]]]]}},{"type":"Feature","properties":{"id":"7305","nama":"Takalar","prov":"Sulawesi Selatan","ikk":93.37,"pdrb":8201.59,"pdrb_f":534.2,"share":6.51},"geometry":{"type":"MultiPolygon","coordinates":[[[[119.29,-5.45],[119.31,-5.46],[119.32,-5.51],[119.28,-5.53],[119.26,-5.52],[119.25,-5.49],[119.26,-5.5],[119.28,-5.5],[119.26,-5.46],[119.29,-5.45]]],[[[119.41,-5.36],[119.36,-5.41],[119.37,-5.43],[119.42,-5.41],[119.41,-5.44],[119.43,-5.44],[119.43,-5.4],[119.48,-5.33],[119.46,-5.33],[119.46,-5.31],[119.5,-5.32],[119.52,-5.3],[119.57,-5.29],[119.58,-5.32],[119.6,-5.33],[119.65,-5.4],[119.64,-5.43],[119.58,-5.44],[119.53,-5.43],[119.51,-5.45],[119.53,-5.48],[119.49,-5.5],[119.51,-5.55],[119.46,-5.58],[119.49,-5.58],[119.49,-5.6],[119.44,-5.6],[119.42,-5.56],[119.43,-5.51],[119.36,-5.4],[119.35,-5.33],[119.38,-5.21],[119.42,-5.24],[119.38,-5.29],[119.41,-5.36]]]]}},{"type":"Feature","properties":{"id":"3323","nama":"Temanggung","prov":"Jawa Tengah","ikk":99.05,"pdrb":18863.34,"pdrb_f":1094.39,"share":5.8},"geometry":{"type":"MultiPolygon","coordinates":[[[[110.08,-7.39],[110.0,-7.31],[109.99,-7.26],[109.93,-7.2],[110.11,-7.1],[110.18,-7.1],[110.19,-7.08],[110.19,-7.11],[110.14,-7.13],[110.21,-7.19],[110.26,-7.2],[110.27,-7.25],[110.33,-7.3],[110.31,-7.31],[110.33,-7.31],[110.32,-7.34],[110.27,-7.38],[110.24,-7.37],[110.22,-7.4],[110.2,-7.38],[110.08,-7.39]]]]}},{"type":"Feature","properties":{"id":"1171","nama":"Kota Banda Aceh","prov":"Aceh","ikk":95.75,"pdrb":18975.8,"pdrb_f":1167.56,"share":6.15},"geometry":{"type":"MultiPolygon","coordinates":[[[[95.33,5.52],[95.29,5.53],[95.28,5.56],[95.36,5.61],[95.35,5.58],[95.38,5.57],[95.36,5.57],[95.36,5.54],[95.33,5.52]]]]}},{"type":"Feature","properties":{"id":"7302","nama":"Bulukumba","prov":"Sulawesi Selatan","ikk":93.5,"pdrb":10642.08,"pdrb_f":1052.96,"share":9.89},"geometry":{"type":"MultiPolygon","coordinates":[[[[120.24,-5.54],[120.1,-5.59],[120.09,-5.49],[120.03,-5.39],[119.98,-5.39],[119.95,-5.35],[120.0,-5.32],[120.04,-5.35],[120.14,-5.29],[120.17,-5.31],[120.25,-5.29],[120.29,-5.29],[120.3,-5.3],[120.34,-5.29],[120.4,-5.34],[120.43,-5.45],[120.42,-5.46],[120.45,-5.48],[120.45,-5.56],[120.47,-5.62],[120.39,-5.59],[120.34,-5.51],[120.24,-5.54]]]]}},{"type":"Feature","properties":{"id":"3320","nama":"Jepara","prov":"Jawa Tengah","ikk":102.04,"pdrb":26869.08,"pdrb_f":2064.91,"share":7.69},"geometry":{"type":"MultiPolygon","coordinates":[[[[110.48,-5.78],[110.48,-5.8],[110.49,-5.82],[110.47,-5.83],[110.48,-5.85],[110.45,-5.86],[110.45,-5.89],[110.41,-5.84],[110.48,-5.82],[110.47,-5.8],[110.48,-5.81],[110.45,-5.81],[110.48,-5.78]]],[[[110.67,-6.72],[110.62,-6.71],[110.59,-6.72],[110.65,-6.65],[110.64,-6.59],[110.66,-6.57],[110.64,-6.56],[110.68,-6.52],[110.66,-6.5],[110.69,-6.5],[110.74,-6.44],[110.72,-6.43],[110.76,-6.44],[110.84,-6.41],[110.97,-6.41],[110.97,-6.45],[110.95,-6.48],[110.91,-6.5],[110.91,-6.61],[110.86,-6.62],[110.84,-6.7],[110.82,-6.71],[110.83,-6.75],[110.79,-6.75],[110.76,-6.79],[110.71,-6.79],[110.69,-6.77],[110.67,-6.76],[110.67,-6.72]]]]}},{"type":"Feature","properties":{"id":"7301","nama":"Kepulauan Selayar","prov":"Sulawesi Selatan","ikk":99.87,"pdrb":4348.91,"pdrb_f":779.41,"share":17.92},"geometry":{"type":"MultiPolygon","coordinates":[[[[120.44,-6.61],[120.44,-6.64],[120.43,-6.64],[120.43,-6.6],[120.44,-6.58],[120.44,-6.61]]],[[[120.53,-6.2],[120.54,-6.33],[120.5,-6.4],[120.51,-6.44],[120.48,-6.5],[120.45,-6.38],[120.47,-6.38],[120.48,-6.28],[120.44,-6.26],[120.44,-6.2],[120.43,-6.18],[120.44,-6.16],[120.47,-6.09],[120.45,-6.04],[120.45,-5.85],[120.46,-5.79],[120.5,-5.77],[120.5,-5.81],[120.53,-5.84],[120.57,-6.05],[120.53,-6.2]]],[[[120.43,-6.11],[120.42,-6.14],[120.43,-6.2],[120.41,-6.21],[120.39,-6.17],[120.43,-6.11]]],[[[120.83,-7.26],[121.03,-7.29],[121.07,-7.3],[121.05,-7.32],[121.0,-7.33],[120.83,-7.3],[120.8,-7.27],[120.83,-7.26]]],[[[120.73,-7.07],[120.76,-7.08],[120.79,-7.06],[120.77,-7.14],[120.66,-7.12],[120.68,-7.14],[120.65,-7.14],[120.63,-7.13],[120.63,-7.1],[120.6,-7.07],[120.63,-7.05],[120.62,-7.0],[120.73,-7.07]]],[[[120.56,-7.07],[120.61,-7.08],[120.59,-7.1],[120.56,-7.09],[120.56,-7.07]]],[[[120.79,-6.78],[120.81,-6.83],[120.79,-6.86],[120.78,-6.8],[120.79,-6.78]]],[[[121.1,-7.3],[121.17,-7.35],[121.16,-7.37],[121.12,-7.38],[121.1,-7.4],[121.06,-7.37],[121.08,-7.36],[121.08,-7.31],[121.1,-7.3]]],[[[121.83,-7.34],[121.84,-7.37],[121.78,-7.42],[121.75,-7.41],[121.75,-7.38],[121.76,-7.34],[121.83,-7.34]]],[[[121.78,-7.27],[121.73,-7.29],[121.75,-7.26],[121.78,-7.27]]]]}},{"type":"Feature","properties":{"id":"1709","nama":"Bengkulu Tengah","prov":"Bengkulu","ikk":95.78,"pdrb":3414.18,"pdrb_f":157.08,"share":4.6},"geometry":{"type":"MultiPolygon","coordinates":[[[[102.39,-3.85],[102.35,-3.84],[102.33,-3.78],[102.29,-3.74],[102.26,-3.76],[102.23,-3.72],[102.24,-3.69],[102.2,-3.65],[102.22,-3.64],[102.2,-3.59],[102.24,-3.59],[102.24,-3.61],[102.26,-3.6],[102.26,-3.55],[102.3,-3.54],[102.42,-3.48],[102.45,-3.54],[102.51,-3.59],[102.53,-3.66],[102.58,-3.68],[102.58,-3.74],[102.62,-3.8],[102.56,-3.81],[102.55,-3.83],[102.52,-3.84],[102.49,-3.86],[102.46,-3.84],[102.41,-3.87],[102.39,-3.85]]]]}},{"type":"Feature","properties":{"id":"6571","nama":"Kota Tarakan","prov":"Kalimantan Utara","ikk":110.54,"pdrb":28472.17,"pdrb_f":4083.19,"share":14.34},"geometry":{"type":"MultiPolygon","coordinates":[[[[117.67,3.36],[117.64,3.24],[117.54,3.32],[117.51,3.39],[117.55,3.44],[117.61,3.44],[117.67,3.42],[117.67,3.36]]]]}},{"type":"Feature","properties":{"id":"1706","nama":"Mukomuko","prov":"Bengkulu","ikk":100.27,"pdrb":4061.39,"pdrb_f":150.54,"share":3.71},"geometry":{"type":"MultiPolygon","coordinates":[[[[101.29,-2.71],[101.14,-2.63],[101.06,-2.51],[101.02,-2.48],[101.24,-2.34],[101.24,-2.32],[101.29,-2.28],[101.56,-2.45],[101.55,-2.57],[101.57,-2.54],[101.68,-2.53],[101.86,-2.72],[101.86,-2.78],[101.77,-2.95],[101.78,-2.98],[101.68,-3.07],[101.64,-3.07],[101.59,-3.12],[101.53,-3.13],[101.48,-3.01],[101.4,-2.93],[101.32,-2.74],[101.29,-2.71]]]]}},{"type":"Feature","properties":{"id":"1705","nama":"Seluma","prov":"Bengkulu","ikk":95.9,"pdrb":3344.19,"pdrb_f":175.18,"share":5.24},"geometry":{"type":"MultiPolygon","coordinates":[[[[102.56,-4.17],[102.3,-3.98],[102.32,-3.91],[102.35,-3.91],[102.37,-3.86],[102.41,-3.87],[102.46,-3.84],[102.49,-3.86],[102.52,-3.84],[102.55,-3.83],[102.56,-3.81],[102.62,-3.8],[102.78,-3.92],[102.82,-3.98],[102.86,-3.99],[102.9,-3.98],[102.93,-3.98],[102.96,-4.02],[103.0,-4.02],[102.96,-4.06],[102.91,-4.06],[102.92,-4.1],[103.0,-4.16],[102.93,-4.19],[102.9,-4.18],[102.89,-4.21],[102.92,-4.22],[102.93,-4.24],[102.86,-4.28],[102.84,-4.34],[102.8,-4.36],[102.56,-4.17]]]]}},{"type":"Feature","properties":{"id":"1708","nama":"Kepahiang","prov":"Bengkulu","ikk":94.3,"pdrb":3422.27,"pdrb_f":178.22,"share":5.21},"geometry":{"type":"MultiPolygon","coordinates":[[[[102.79,-3.65],[102.77,-3.71],[102.76,-3.71],[102.74,-3.72],[102.74,-3.75],[102.69,-3.77],[102.68,-3.78],[102.66,-3.77],[102.61,-3.8],[102.58,-3.74],[102.58,-3.68],[102.53,-3.66],[102.51,-3.59],[102.49,-3.56],[102.44,-3.53],[102.47,-3.53],[102.5,-3.5],[102.54,-3.49],[102.59,-3.53],[102.63,-3.52],[102.66,-3.55],[102.77,-3.55],[102.81,-3.53],[102.79,-3.59],[102.81,-3.61],[102.79,-3.65]]]]}},{"type":"Feature","properties":{"id":"1707","nama":"Lebong","prov":"Bengkulu","ikk":95.55,"pdrb":2518.74,"pdrb_f":209.68,"share":8.32},"geometry":{"type":"MultiPolygon","coordinates":[[[[102.29,-3.28],[102.21,-3.23],[102.16,-3.22],[102.13,-3.18],[102.14,-3.07],[102.08,-3.0],[102.04,-2.98],[102.02,-2.86],[101.93,-2.77],[101.92,-2.74],[101.97,-2.72],[102.07,-2.77],[102.07,-2.8],[102.13,-2.84],[102.13,-2.88],[102.23,-2.93],[102.26,-3.04],[102.32,-3.07],[102.39,-3.04],[102.44,-3.06],[102.49,-3.11],[102.49,-3.2],[102.51,-3.22],[102.49,-3.24],[102.5,-3.32],[102.45,-3.32],[102.42,-3.36],[102.39,-3.36],[102.37,-3.38],[102.32,-3.38],[102.27,-3.36],[102.3,-3.32],[102.29,-3.28]]]]}},{"type":"Feature","properties":{"id":"1702","nama":"Rejang Lebong","prov":"Bengkulu","ikk":93.97,"pdrb":7404.48,"pdrb_f":276.75,"share":3.74},"geometry":{"type":"MultiPolygon","coordinates":[[[[102.55,-3.5],[102.5,-3.5],[102.47,-3.53],[102.44,-3.53],[102.4,-3.42],[102.37,-3.41],[102.39,-3.36],[102.42,-3.36],[102.45,-3.32],[102.5,-3.32],[102.49,-3.26],[102.64,-3.35],[102.68,-3.32],[102.74,-3.32],[102.77,-3.28],[102.79,-3.29],[102.81,-3.34],[102.87,-3.34],[102.89,-3.33],[102.89,-3.37],[102.96,-3.36],[102.99,-3.37],[102.99,-3.51],[102.95,-3.54],[102.9,-3.62],[102.87,-3.56],[102.82,-3.53],[102.67,-3.55],[102.63,-3.52],[102.59,-3.53],[102.55,-3.5]]]]}},{"type":"Feature","properties":{"id":"1701","nama":"Bengkulu Selatan","prov":"Bengkulu","ikk":95.26,"pdrb":4358.6,"pdrb_f":216.59,"share":4.97},"geometry":{"type":"MultiPolygon","coordinates":[[[[103.01,-4.52],[102.9,-4.49],[102.88,-4.44],[102.8,-4.36],[102.84,-4.34],[102.86,-4.28],[102.93,-4.24],[102.92,-4.22],[102.89,-4.21],[102.9,-4.18],[103.03,-4.17],[103.06,-4.2],[103.06,-4.24],[103.08,-4.26],[103.18,-4.24],[103.29,-4.27],[103.28,-4.29],[103.2,-4.31],[103.2,-4.39],[103.17,-4.4],[103.08,-4.53],[103.09,-4.56],[103.01,-4.52]]]]}},{"type":"Feature","properties":{"id":"1704","nama":"Kaur","prov":"Bengkulu","ikk":97.07,"pdrb":2727.91,"pdrb_f":166.53,"share":6.1},"geometry":{"type":"MultiPolygon","coordinates":[[[[103.27,-4.7],[103.15,-4.6],[103.07,-4.56],[103.17,-4.4],[103.2,-4.39],[103.2,-4.31],[103.28,-4.29],[103.29,-4.26],[103.31,-4.25],[103.33,-4.29],[103.38,-4.31],[103.46,-4.34],[103.4,-4.52],[103.49,-4.58],[103.53,-4.57],[103.57,-4.52],[103.62,-4.56],[103.6,-4.6],[103.66,-4.61],[103.7,-4.67],[103.7,-4.7],[103.67,-4.73],[103.7,-4.73],[103.76,-4.76],[103.7,-4.82],[103.6,-4.87],[103.6,-4.92],[103.54,-4.92],[103.52,-4.89],[103.47,-4.87],[103.42,-4.87],[103.38,-4.8],[103.33,-4.81],[103.31,-4.78],[103.32,-4.76],[103.27,-4.7]]]]}},{"type":"Feature","properties":{"id":"1703","nama":"Bengkulu Utara","prov":"Bengkulu","ikk":92.95,"pdrb":6368.92,"pdrb_f":273.34,"share":4.29},"geometry":{"type":"MultiPolygon","coordinates":[[[[101.99,-3.51],[101.92,-3.48],[101.91,-3.44],[101.62,-3.24],[101.53,-3.13],[101.59,-3.12],[101.64,-3.07],[101.68,-3.07],[101.78,-2.98],[101.77,-2.95],[101.85,-2.8],[101.86,-2.72],[101.92,-2.74],[101.97,-2.83],[102.02,-2.86],[102.04,-2.93],[102.04,-2.98],[102.08,-3.0],[102.14,-3.07],[102.13,-3.18],[102.16,-3.22],[102.21,-3.23],[102.29,-3.28],[102.3,-3.32],[102.27,-3.36],[102.37,-3.38],[102.37,-3.41],[102.4,-3.42],[102.42,-3.48],[102.26,-3.55],[102.26,-3.6],[102.24,-3.61],[102.24,-3.59],[102.21,-3.59],[102.22,-3.64],[102.2,-3.65],[102.1,-3.56],[101.99,-3.51]]],[[[102.18,-5.3],[102.39,-5.39],[102.37,-5.46],[102.34,-5.46],[102.37,-5.49],[102.36,-5.51],[102.31,-5.48],[102.28,-5.48],[102.28,-5.51],[102.25,-5.5],[102.2,-5.42],[102.09,-5.36],[102.09,-5.32],[102.14,-5.31],[102.15,-5.28],[102.18,-5.3]]]]}},{"type":"Feature","properties":{"id":"7212","nama":"Morowali Utara","prov":"Sulawesi Tengah","ikk":102.63,"pdrb":20483.26,"pdrb_f":1307.3,"share":6.38},"geometry":{"type":"MultiPolygon","coordinates":[[[[121.47,-2.29],[121.44,-2.41],[121.41,-2.41],[121.23,-2.36],[121.18,-2.38],[121.1,-2.28],[121.03,-2.28],[120.96,-2.23],[120.84,-2.22],[120.84,-2.04],[120.93,-1.91],[120.86,-1.84],[120.83,-1.75],[120.88,-1.62],[121.01,-1.62],[121.07,-1.58],[121.17,-1.57],[121.18,-1.58],[121.21,-1.51],[121.26,-1.48],[121.35,-1.47],[121.43,-1.4],[121.47,-1.4],[121.47,-1.37],[121.51,-1.38],[121.57,-1.42],[121.66,-1.37],[121.72,-1.36],[121.82,-1.31],[121.87,-1.32],[121.95,-1.29],[121.97,-1.29],[121.96,-1.33],[121.98,-1.35],[122.03,-1.35],[122.05,-1.41],[122.04,-1.44],[122.01,-1.45],[122.04,-1.49],[122.04,-1.59],[122.06,-1.62],[122.03,-1.61],[121.96,-1.68],[121.9,-1.7],[121.86,-1.67],[121.86,-1.7],[121.89,-1.71],[121.86,-1.71],[121.85,-1.69],[121.81,-1.73],[121.74,-1.89],[121.65,-1.96],[121.56,-1.96],[121.48,-1.87],[121.46,-1.88],[121.47,-1.86],[121.45,-1.87],[121.47,-1.84],[121.46,-1.81],[121.42,-1.82],[121.31,-1.77],[121.32,-1.78],[121.29,-1.81],[121.29,-1.86],[121.33,-1.86],[121.34,-1.84],[121.36,-1.87],[121.33,-1.88],[121.35,-1.9],[121.31,-1.93],[121.35,-1.95],[121.34,-2.0],[121.38,-1.98],[121.38,-1.92],[121.41,-1.91],[121.45,-2.0],[121.51,-2.06],[121.53,-2.05],[121.53,-2.07],[121.53,-2.05],[121.54,-2.11],[121.53,-2.13],[121.54,-2.15],[121.49,-2.19],[121.49,-2.25],[121.47,-2.29]]]]}},{"type":"Feature","properties":{"id":"7211","nama":"Banggai Laut","prov":"Sulawesi Tengah","ikk":93.96,"pdrb":1955.88,"pdrb_f":35.85,"share":1.83},"geometry":{"type":"MultiPolygon","coordinates":[[[[123.13,-1.78],[123.14,-1.85],[123.1,-1.89],[123.08,-1.92],[123.05,-1.92],[123.07,-1.89],[123.06,-1.83],[123.1,-1.76],[123.13,-1.78]]],[[[123.39,-1.69],[123.38,-1.72],[123.34,-1.73],[123.32,-1.78],[123.28,-1.8],[123.27,-1.78],[123.31,-1.72],[123.36,-1.67],[123.39,-1.69]]],[[[123.62,-1.66],[123.61,-1.7],[123.58,-1.73],[123.54,-1.72],[123.52,-1.7],[123.51,-1.72],[123.49,-1.71],[123.47,-1.66],[123.5,-1.59],[123.48,-1.58],[123.49,-1.53],[123.51,-1.5],[123.53,-1.51],[123.52,-1.48],[123.54,-1.49],[123.56,-1.6],[123.61,-1.61],[123.62,-1.66]]],[[[123.78,-2.02],[123.76,-2.06],[123.76,-2.02],[123.77,-2.01],[123.78,-2.02]]],[[[123.8,-1.89],[123.86,-1.98],[123.86,-2.01],[123.84,-1.99],[123.82,-2.03],[123.79,-1.98],[123.78,-1.93],[123.77,-1.94],[123.78,-1.89],[123.8,-1.89]]],[[[123.73,-1.96],[123.7,-1.96],[123.7,-1.93],[123.73,-1.9],[123.74,-1.95],[123.73,-1.96]]],[[[123.88,-2.03],[123.9,-2.08],[123.86,-2.07],[123.84,-2.06],[123.86,-2.01],[123.88,-2.03]]],[[[124.01,-1.82],[124.03,-1.88],[124.02,-1.89],[123.99,-1.82],[124.01,-1.82]]],[[[124.16,-1.79],[124.15,-1.77],[124.16,-1.77],[124.17,-1.75],[124.15,-1.77],[124.15,-1.74],[124.18,-1.75],[124.18,-1.77],[124.16,-1.79]]]]}},{"type":"Feature","properties":{"id":"1971","nama":"Kota Pangkal Pinang","prov":"Kepulauan Bangka Belitung","ikk":109.36,"pdrb":10980.9,"pdrb_f":1085.3,"share":9.88},"geometry":{"type":"MultiPolygon","coordinates":[[[[106.13,-2.15],[106.1,-2.15],[106.09,-2.13],[106.04,-2.11],[106.04,-2.08],[106.1,-2.07],[106.13,-2.06],[106.13,-2.1],[106.15,-2.08],[106.18,-2.13],[106.17,-2.16],[106.13,-2.15]]]]}},{"type":"Feature","properties":{"id":"7407","nama":"Wakatobi","prov":"Sulawesi Tenggara","ikk":105.7,"pdrb":3818.68,"pdrb_f":559.82,"share":14.66},"geometry":{"type":"MultiPolygon","coordinates":[[[[123.63,-5.42],[123.64,-5.42],[123.63,-5.44],[123.59,-5.41],[123.61,-5.4],[123.63,-5.42]]],[[[123.48,-5.33],[123.54,-5.38],[123.48,-5.36],[123.46,-5.33],[123.48,-5.33]]],[[[123.64,-5.35],[123.64,-5.37],[123.59,-5.39],[123.54,-5.35],[123.53,-5.32],[123.52,-5.26],[123.58,-5.25],[123.64,-5.29],[123.64,-5.35]]],[[[123.86,-5.56],[123.88,-5.58],[123.86,-5.59],[123.83,-5.58],[123.83,-5.56],[123.86,-5.56]]],[[[123.81,-5.56],[123.83,-5.57],[123.81,-5.58],[123.82,-5.6],[123.78,-5.59],[123.69,-5.47],[123.76,-5.5],[123.81,-5.56]]],[[[123.88,-5.55],[123.85,-5.56],[123.86,-5.53],[123.88,-5.55]]],[[[124.06,-6.03],[124.04,-6.02],[124.05,-5.98],[123.98,-5.95],[123.99,-5.88],[124.04,-5.91],[124.08,-6.01],[124.06,-6.03]]],[[[123.99,-5.75],[124.01,-5.76],[123.98,-5.77],[123.92,-5.77],[123.89,-5.74],[123.9,-5.72],[123.99,-5.75]]]]}},{"type":"Feature","properties":{"id":"7406","nama":"Bombana","prov":"Sulawesi Tenggara","ikk":93.09,"pdrb":5853.08,"pdrb_f":577.44,"share":9.87},"geometry":{"type":"MultiPolygon","coordinates":[[[[121.84,-4.85],[121.8,-4.83],[121.68,-4.85],[121.66,-4.81],[121.63,-4.81],[121.63,-4.78],[121.62,-4.8],[121.54,-4.76],[121.47,-4.68],[121.47,-4.59],[121.62,-4.56],[121.72,-4.56],[121.72,-4.5],[121.77,-4.46],[121.79,-4.44],[121.85,-4.46],[121.87,-4.43],[121.97,-4.41],[122.05,-4.49],[122.11,-4.5],[122.11,-4.54],[122.09,-4.55],[122.03,-4.66],[122.03,-4.72],[122.05,-4.77],[122.12,-4.82],[122.01,-4.9],[122.01,-4.88],[121.98,-4.9],[121.84,-4.85]]],[[[121.97,-5.4],[121.9,-5.41],[121.87,-5.39],[121.82,-5.29],[121.79,-5.28],[121.81,-5.21],[121.84,-5.19],[121.82,-5.17],[121.84,-5.15],[121.88,-5.15],[121.84,-5.11],[121.85,-5.1],[121.87,-5.12],[121.88,-5.11],[121.85,-5.09],[121.89,-5.06],[121.9,-5.09],[121.94,-5.11],[121.94,-5.07],[121.97,-5.06],[121.99,-5.16],[122.01,-5.17],[122.01,-5.15],[122.03,-5.15],[122.07,-5.2],[122.07,-5.23],[122.03,-5.24],[122.05,-5.27],[122.03,-5.35],[122.05,-5.4],[121.97,-5.4]]]]}},{"type":"Feature","properties":{"id":"7409","nama":"Buton Utara","prov":"Sulawesi Tenggara","ikk":95.94,"pdrb":2706.05,"pdrb_f":389.08,"share":14.38},"geometry":{"type":"MultiPolygon","coordinates":[[[[122.97,-4.96],[122.95,-5.02],[122.98,-5.06],[122.96,-5.14],[122.94,-5.14],[122.84,-5.09],[122.88,-5.03],[122.92,-4.86],[122.93,-4.61],[122.85,-4.6],[122.87,-4.53],[122.91,-4.46],[122.99,-4.39],[123.08,-4.37],[123.08,-4.4],[123.04,-4.42],[123.14,-4.49],[123.21,-4.61],[123.19,-4.63],[123.18,-4.66],[123.2,-4.69],[123.2,-4.66],[123.21,-4.7],[123.21,-4.86],[123.17,-4.84],[123.18,-4.77],[123.13,-4.76],[123.15,-4.73],[123.11,-4.69],[123.11,-4.79],[123.08,-4.79],[123.08,-4.75],[123.06,-4.77],[123.03,-4.75],[123.04,-4.8],[122.99,-4.83],[123.0,-4.94],[122.97,-4.96]]],[[[123.09,-4.8],[123.12,-4.8],[123.11,-4.85],[123.09,-4.83],[123.09,-4.85],[123.06,-4.85],[123.03,-4.83],[123.06,-4.83],[123.06,-4.81],[123.05,-4.81],[123.09,-4.8]]]]}},{"type":"Feature","properties":{"id":"7210","nama":"Sigi","prov":"Sulawesi Tengah","ikk":80.04,"pdrb":7425.48,"pdrb_f":875.59,"share":11.79},"geometry":{"type":"MultiPolygon","coordinates":[[[[120.13,-1.5],[120.1,-1.56],[120.14,-1.57],[120.14,-1.65],[120.18,-1.78],[120.11,-1.8],[120.1,-1.83],[120.14,-1.89],[120.12,-1.91],[120.1,-1.9],[120.1,-1.99],[119.99,-1.97],[119.91,-2.05],[119.87,-2.03],[119.86,-1.88],[119.88,-1.86],[119.86,-1.82],[119.87,-1.78],[119.8,-1.74],[119.75,-1.65],[119.73,-1.64],[119.73,-1.6],[119.67,-1.53],[119.71,-1.44],[119.76,-1.42],[119.73,-1.35],[119.74,-1.26],[119.81,-1.14],[119.8,-1.09],[119.75,-1.01],[119.68,-1.01],[119.65,-0.97],[119.73,-0.9],[119.75,-0.92],[119.78,-0.9],[119.8,-0.87],[119.82,-0.87],[119.83,-0.94],[119.87,-0.92],[119.94,-0.94],[119.93,-0.92],[120.02,-0.88],[120.07,-0.91],[120.06,-0.97],[120.08,-1.02],[120.11,-1.02],[120.13,-1.04],[120.18,-1.06],[120.2,-1.05],[120.23,-1.09],[120.23,-1.13],[120.27,-1.15],[120.3,-1.13],[120.35,-1.16],[120.34,-1.19],[120.29,-1.2],[120.27,-1.23],[120.23,-1.22],[120.19,-1.27],[120.26,-1.32],[120.29,-1.38],[120.22,-1.46],[120.18,-1.45],[120.13,-1.5]]]]}},{"type":"Feature","properties":{"id":"3319","nama":"Kudus","prov":"Jawa Tengah","ikk":101.99,"pdrb":75783.15,"pdrb_f":3404.53,"share":4.49},"geometry":{"type":"MultiPolygon","coordinates":[[[[110.93,-6.74],[110.96,-6.76],[110.97,-6.84],[110.95,-6.86],[110.88,-6.87],[110.88,-6.91],[110.86,-6.9],[110.84,-6.94],[110.81,-6.94],[110.81,-6.97],[110.78,-6.93],[110.83,-6.85],[110.76,-6.79],[110.79,-6.75],[110.83,-6.75],[110.82,-6.71],[110.84,-6.7],[110.86,-6.62],[110.9,-6.62],[110.94,-6.7],[110.93,-6.74]]]]}},{"type":"Feature","properties":{"id":"7408","nama":"Kolaka Utara","prov":"Sulawesi Tenggara","ikk":87.39,"pdrb":7623.62,"pdrb_f":1062.79,"share":13.94},"geometry":{"type":"MultiPolygon","coordinates":[[[[120.98,-3.64],[120.9,-3.57],[120.86,-3.43],[120.96,-3.33],[120.97,-3.26],[121.02,-3.24],[121.03,-3.21],[121.07,-3.2],[121.04,-3.04],[121.09,-3.02],[121.06,-2.96],[121.08,-2.97],[121.09,-2.92],[121.07,-2.86],[121.06,-2.88],[121.05,-2.87],[121.04,-2.81],[121.03,-2.83],[121.03,-2.85],[120.99,-2.84],[121.01,-2.86],[121.0,-2.87],[120.99,-2.83],[121.08,-2.78],[121.17,-2.82],[121.2,-2.86],[121.22,-2.86],[121.24,-2.83],[121.32,-2.81],[121.36,-2.9],[121.33,-2.94],[121.37,-3.01],[121.36,-3.05],[121.44,-3.17],[121.43,-3.33],[121.44,-3.35],[121.35,-3.34],[121.28,-3.23],[121.23,-3.23],[121.22,-3.25],[121.16,-3.3],[121.16,-3.34],[121.12,-3.41],[121.16,-3.44],[121.12,-3.49],[121.24,-3.6],[121.25,-3.66],[121.11,-3.75],[120.98,-3.64]]]]}},{"type":"Feature","properties":{"id":"3318","nama":"Pati","prov":"Jawa Tengah","ikk":101.79,"pdrb":39038.28,"pdrb_f":3443.72,"share":8.82},"geometry":{"type":"MultiPolygon","coordinates":[[[[110.96,-6.97],[110.91,-6.97],[110.9,-6.99],[110.88,-6.97],[110.85,-7.0],[110.8,-6.98],[110.81,-6.94],[110.84,-6.94],[110.86,-6.9],[110.88,-6.91],[110.88,-6.87],[110.95,-6.86],[110.97,-6.84],[110.96,-6.76],[110.93,-6.74],[110.94,-6.7],[110.9,-6.63],[110.91,-6.5],[110.97,-6.46],[110.97,-6.41],[111.05,-6.43],[111.06,-6.52],[111.12,-6.62],[111.14,-6.65],[111.23,-6.69],[111.24,-6.8],[111.27,-6.83],[111.26,-6.84],[111.26,-6.86],[111.23,-6.85],[111.2,-6.9],[111.14,-6.9],[111.14,-6.92],[111.11,-6.91],[111.07,-6.97],[110.96,-6.97]]]]}},{"type":"Feature","properties":{"id":"7403","nama":"Konawe","prov":"Sulawesi Tenggara","ikk":86.55,"pdrb":14118.44,"pdrb_f":936.56,"share":6.63},"geometry":{"type":"MultiPolygon","coordinates":[[[[122.18,-4.04],[122.18,-4.07],[122.08,-4.12],[121.99,-4.13],[121.96,-4.04],[121.97,-3.89],[121.93,-3.83],[121.86,-3.78],[121.86,-3.77],[121.86,-3.76],[121.8,-3.73],[121.75,-3.77],[121.7,-3.78],[121.67,-3.73],[121.62,-3.73],[121.61,-3.68],[121.53,-3.54],[121.52,-3.48],[121.43,-3.33],[121.44,-3.17],[121.36,-3.05],[121.36,-2.97],[121.46,-3.01],[121.5,-2.97],[121.5,-2.94],[121.64,-2.89],[121.92,-2.99],[122.06,-2.95],[122.08,-2.97],[121.83,-3.23],[121.77,-3.25],[121.75,-3.23],[121.73,-3.25],[121.69,-3.23],[121.65,-3.17],[121.57,-3.22],[121.57,-3.25],[121.61,-3.34],[121.59,-3.4],[121.6,-3.41],[121.62,-3.42],[121.66,-3.42],[121.67,-3.47],[121.76,-3.48],[121.79,-3.58],[121.86,-3.56],[121.99,-3.59],[122.06,-3.64],[122.04,-3.65],[122.04,-3.66],[122.06,-3.7],[122.08,-3.72],[122.15,-3.72],[122.18,-3.77],[122.21,-3.74],[122.27,-3.77],[122.31,-3.87],[122.34,-3.88],[122.44,-3.87],[122.46,-3.82],[122.48,-3.82],[122.51,-3.88],[122.54,-3.9],[122.67,-3.9],[122.66,-3.93],[122.62,-3.95],[122.54,-3.94],[122.48,-3.91],[122.45,-3.94],[122.44,-4.01],[122.36,-4.0],[122.35,-4.03],[122.31,-4.02],[122.31,-4.0],[122.3,-4.02],[122.3,-4.0],[122.28,-4.01],[122.27,-3.98],[122.27,-4.0],[122.22,-4.01],[122.18,-4.04]]]]}},{"type":"Feature","properties":{"id":"7402","nama":"Muna","prov":"Sulawesi Tenggara","ikk":88.05,"pdrb":6169.81,"pdrb_f":702.77,"share":11.39},"geometry":{"type":"MultiPolygon","coordinates":[[[[122.52,-5.2],[122.5,-5.22],[122.44,-5.23],[122.42,-5.22],[122.43,-5.2],[122.38,-5.19],[122.35,-5.15],[122.32,-5.14],[122.33,-5.1],[122.39,-5.07],[122.41,-5.09],[122.38,-5.07],[122.38,-4.99],[122.36,-4.92],[122.43,-4.9],[122.59,-5.0],[122.66,-4.9],[122.61,-4.84],[122.57,-4.84],[122.55,-4.8],[122.66,-4.72],[122.63,-4.69],[122.63,-4.63],[122.67,-4.61],[122.74,-4.65],[122.72,-4.69],[122.74,-4.75],[122.73,-4.85],[122.77,-4.9],[122.76,-4.9],[122.76,-4.97],[122.72,-4.96],[122.7,-5.01],[122.61,-5.09],[122.59,-5.19],[122.63,-5.2],[122.56,-5.22],[122.52,-5.2]]],[[[122.79,-5.02],[122.74,-5.04],[122.81,-4.98],[122.83,-4.91],[122.81,-4.87],[122.81,-4.83],[122.84,-4.84],[122.86,-4.78],[122.84,-4.74],[122.83,-4.68],[122.85,-4.61],[122.93,-4.61],[122.92,-4.86],[122.84,-5.1],[122.79,-5.08],[122.76,-5.11],[122.8,-5.04],[122.79,-5.02]]],[[[122.73,-4.52],[122.74,-4.58],[122.71,-4.55],[122.7,-4.56],[122.69,-4.54],[122.73,-4.52]]]]}},{"type":"Feature","properties":{"id":"7405","nama":"Konawe Selatan","prov":"Sulawesi Tenggara","ikk":91.52,"pdrb":10752.35,"pdrb_f":1007.67,"share":9.37},"geometry":{"type":"MultiPolygon","coordinates":[[[[122.31,-4.48],[122.28,-4.5],[122.19,-4.47],[122.22,-4.48],[122.16,-4.53],[122.12,-4.54],[122.11,-4.5],[122.05,-4.49],[121.97,-4.41],[122.02,-4.35],[122.01,-4.19],[121.99,-4.13],[122.09,-4.11],[122.18,-4.07],[122.18,-4.04],[122.22,-4.01],[122.27,-4.0],[122.27,-3.98],[122.28,-4.01],[122.3,-4.0],[122.3,-4.02],[122.31,-4.0],[122.31,-4.02],[122.35,-4.03],[122.36,-4.0],[122.44,-4.01],[122.53,-4.09],[122.57,-4.07],[122.59,-4.08],[122.62,-4.03],[122.65,-4.0],[122.67,-4.04],[122.65,-4.06],[122.68,-4.16],[122.71,-4.16],[122.7,-4.14],[122.72,-4.13],[122.77,-4.16],[122.82,-4.14],[122.83,-4.15],[122.83,-4.12],[122.78,-4.09],[122.76,-4.06],[122.85,-4.07],[122.89,-4.13],[122.91,-4.23],[122.88,-4.3],[122.91,-4.32],[122.89,-4.34],[122.9,-4.38],[122.84,-4.45],[122.77,-4.41],[122.7,-4.33],[122.67,-4.32],[122.66,-4.36],[122.7,-4.4],[122.76,-4.43],[122.76,-4.48],[122.74,-4.51],[122.69,-4.47],[122.68,-4.48],[122.69,-4.5],[122.67,-4.51],[122.66,-4.45],[122.6,-4.4],[122.5,-4.46],[122.42,-4.43],[122.34,-4.48],[122.31,-4.48]]]]}},{"type":"Feature","properties":{"id":"7404","nama":"Kolaka","prov":"Sulawesi Tenggara","ikk":86.59,"pdrb":22946.58,"pdrb_f":1837.16,"share":8.01},"geometry":{"type":"MultiPolygon","coordinates":[[[[121.42,-4.09],[121.42,-4.11],[121.47,-4.11],[121.46,-4.14],[121.43,-4.13],[121.44,-4.16],[121.39,-4.17],[121.4,-4.14],[121.38,-4.11],[121.4,-4.11],[121.42,-4.09]]],[[[121.49,-4.02],[121.46,-4.01],[121.45,-4.02],[121.41,-4.0],[121.35,-3.99],[121.3,-3.89],[121.24,-3.91],[121.26,-3.88],[121.24,-3.87],[121.26,-3.85],[121.25,-3.83],[121.17,-3.83],[121.1,-3.75],[121.25,-3.66],[121.29,-3.69],[121.34,-3.69],[121.34,-3.67],[121.42,-3.61],[121.43,-3.7],[121.52,-3.75],[121.61,-3.82],[121.62,-3.89],[121.67,-3.9],[121.69,-3.93],[121.7,-3.95],[121.68,-3.98],[121.72,-4.0],[121.73,-4.04],[121.77,-4.07],[121.78,-4.16],[121.74,-4.26],[121.76,-4.39],[121.78,-4.39],[121.79,-4.4],[121.79,-4.43],[121.72,-4.5],[121.72,-4.56],[121.62,-4.56],[121.47,-4.59],[121.52,-4.4],[121.53,-4.24],[121.56,-4.24],[121.54,-4.26],[121.55,-4.27],[121.57,-4.26],[121.58,-4.18],[121.6,-4.18],[121.62,-4.14],[121.61,-4.07],[121.49,-4.02]]]]}},{"type":"Feature","properties":{"id":"1508","nama":"Tebo","prov":"Jambi","ikk":90.77,"pdrb":12917.99,"pdrb_f":800.83,"share":6.2},"geometry":{"type":"MultiPolygon","coordinates":[[[[102.3,-1.46],[102.26,-1.48],[102.21,-1.47],[102.19,-1.45],[102.15,-1.46],[102.08,-1.39],[101.94,-1.37],[101.93,-1.31],[101.95,-1.3],[101.91,-1.28],[101.91,-1.26],[101.96,-1.25],[101.96,-1.18],[101.93,-1.16],[101.97,-1.17],[101.97,-1.14],[101.91,-1.14],[101.89,-1.12],[101.89,-1.14],[101.89,-1.1],[101.88,-1.09],[101.87,-1.11],[101.82,-1.11],[101.82,-0.99],[101.91,-0.95],[101.92,-0.91],[101.96,-0.91],[101.98,-0.88],[102.06,-0.89],[102.12,-0.92],[102.17,-0.9],[102.2,-0.95],[102.24,-0.93],[102.31,-0.92],[102.33,-0.96],[102.39,-0.99],[102.38,-1.03],[102.44,-1.03],[102.48,-1.08],[102.62,-1.09],[102.65,-1.12],[102.7,-1.24],[102.76,-1.27],[102.78,-1.31],[102.8,-1.37],[102.79,-1.4],[102.82,-1.45],[102.79,-1.63],[102.74,-1.69],[102.71,-1.7],[102.71,-1.72],[102.7,-1.72],[102.66,-1.82],[102.59,-1.88],[102.52,-1.86],[102.51,-1.91],[102.46,-1.9],[102.46,-1.81],[102.53,-1.65],[102.52,-1.64],[102.49,-1.65],[102.48,-1.57],[102.31,-1.57],[102.32,-1.5],[102.3,-1.46]]]]}},{"type":"Feature","properties":{"id":"1507","nama":"Tanjung Jabung Barat","prov":"Jambi","ikk":102.19,"pdrb":36327.66,"pdrb_f":1712.2,"share":4.71},"geometry":{"type":"MultiPolygon","coordinates":[[[[103.06,-1.39],[103.07,-1.4],[103.04,-1.45],[102.89,-1.37],[102.82,-1.4],[102.81,-1.42],[102.79,-1.4],[102.8,-1.37],[102.78,-1.31],[102.76,-1.27],[102.7,-1.24],[102.65,-1.12],[102.69,-1.08],[102.73,-1.08],[102.76,-1.03],[102.78,-1.03],[102.79,-0.98],[102.92,-0.88],[103.01,-0.76],[103.09,-0.76],[103.12,-0.74],[103.3,-0.78],[103.31,-0.76],[103.35,-0.8],[103.41,-0.77],[103.43,-0.78],[103.46,-0.73],[103.48,-0.76],[103.49,-0.8],[103.55,-0.81],[103.55,-0.86],[103.57,-0.87],[103.55,-0.98],[103.51,-1.01],[103.45,-1.13],[103.45,-1.17],[103.43,-1.18],[103.42,-1.22],[103.38,-1.22],[103.37,-1.24],[103.26,-1.23],[103.27,-1.33],[103.25,-1.36],[103.22,-1.34],[103.17,-1.39],[103.15,-1.37],[103.12,-1.4],[103.06,-1.39]]]]}},{"type":"Feature","properties":{"id":"7401","nama":"Buton","prov":"Sulawesi Tenggara","ikk":95.37,"pdrb":3287.86,"pdrb_f":181.53,"share":5.52},"geometry":{"type":"MultiPolygon","coordinates":[[[[122.9,-5.55],[122.83,-5.64],[122.81,-5.53],[122.74,-5.49],[122.77,-5.41],[122.76,-5.38],[122.73,-5.35],[122.73,-5.33],[122.68,-5.32],[122.73,-5.24],[122.77,-5.25],[122.81,-5.22],[122.79,-5.18],[122.76,-5.23],[122.76,-5.19],[122.74,-5.18],[122.77,-5.11],[122.79,-5.11],[122.79,-5.08],[122.9,-5.11],[122.95,-5.15],[122.92,-5.18],[122.95,-5.22],[122.96,-5.21],[123.0,-5.15],[123.03,-5.14],[123.07,-5.16],[123.06,-5.19],[123.08,-5.17],[123.1,-5.19],[123.09,-5.22],[123.11,-5.21],[123.15,-5.25],[123.18,-5.25],[123.22,-5.28],[123.13,-5.4],[123.02,-5.44],[123.0,-5.41],[122.98,-5.39],[122.88,-5.45],[122.84,-5.52],[122.88,-5.51],[122.9,-5.55]]]]}},{"type":"Feature","properties":{"id":"8107","nama":"Seram Bagian Timur","prov":"Maluku","ikk":96.89,"pdrb":2280.48,"pdrb_f":158.75,"share":6.96},"geometry":{"type":"MultiPolygon","coordinates":[[[[130.83,-3.84],[130.85,-3.87],[130.83,-3.87],[130.82,-3.85],[130.78,-3.85],[130.77,-3.83],[130.75,-3.84],[130.62,-3.79],[130.57,-3.72],[130.48,-3.71],[130.42,-3.63],[130.33,-3.61],[130.3,-3.59],[130.13,-3.53],[130.1,-3.5],[130.02,-3.48],[129.97,-3.43],[129.96,-3.36],[129.89,-3.34],[129.86,-3.33],[129.9,-3.26],[129.91,-3.17],[130.04,-3.18],[130.08,-3.21],[130.13,-3.0],[130.17,-2.99],[130.2,-3.01],[130.31,-2.97],[130.38,-2.99],[130.49,-3.1],[130.55,-3.11],[130.6,-3.15],[130.64,-3.28],[130.63,-3.34],[130.66,-3.4],[130.8,-3.41],[130.84,-3.45],[130.81,-3.49],[130.88,-3.59],[130.82,-3.69],[130.83,-3.84]]],[[[131.24,-4.03],[131.24,-4.06],[131.22,-4.03],[131.21,-3.98],[131.24,-4.0],[131.24,-4.03]]],[[[130.94,-3.88],[130.95,-3.89],[130.92,-3.9],[130.91,-3.89],[130.94,-3.87],[130.94,-3.88]]],[[[131.31,-4.08],[131.4,-4.16],[131.38,-4.18],[131.36,-4.15],[131.3,-4.13],[131.27,-4.08],[131.31,-4.08]]],[[[131.43,-4.01],[131.45,-4.07],[131.42,-4.08],[131.41,-4.05],[131.37,-3.97],[131.42,-3.95],[131.43,-4.01]]],[[[131.76,-4.73],[131.74,-4.79],[131.73,-4.72],[131.73,-4.7],[131.76,-4.73]]],[[[131.62,-4.44],[131.68,-4.5],[131.68,-4.54],[131.66,-4.54],[131.64,-4.48],[131.62,-4.44]]]]}},{"type":"Feature","properties":{"id":"1610","nama":"Ogan Ilir","prov":"Sumatera Selatan","ikk":85.76,"pdrb":9399.59,"pdrb_f":1467.7,"share":15.61},"geometry":{"type":"MultiPolygon","coordinates":[[[[104.65,-3.57],[104.64,-3.65],[104.57,-3.78],[104.51,-3.79],[104.5,-3.77],[104.42,-3.75],[104.41,-3.78],[104.35,-3.76],[104.39,-3.7],[104.44,-3.68],[104.48,-3.61],[104.43,-3.56],[104.37,-3.61],[104.32,-3.62],[104.31,-3.51],[104.45,-3.5],[104.43,-3.43],[104.51,-3.39],[104.54,-3.35],[104.54,-3.27],[104.57,-3.24],[104.54,-3.2],[104.51,-3.2],[104.52,-3.16],[104.54,-3.17],[104.48,-3.11],[104.63,-3.1],[104.69,-3.06],[104.72,-3.06],[104.72,-3.09],[104.74,-3.05],[104.77,-3.03],[104.8,-3.05],[104.78,-3.09],[104.82,-3.15],[104.8,-3.17],[104.81,-3.23],[104.79,-3.25],[104.83,-3.32],[104.81,-3.41],[104.82,-3.45],[104.74,-3.49],[104.71,-3.47],[104.69,-3.48],[104.65,-3.53],[104.65,-3.57]]]]}},{"type":"Feature","properties":{"id":"9171","nama":"Kota Sorong","prov":"Papua Barat","ikk":109.25,"pdrb":10926.56,"pdrb_f":1559.63,"share":14.27},"geometry":{"type":"MultiPolygon","coordinates":[[[[131.25,-0.88],[131.23,-0.82],[131.36,-0.78],[131.4,-0.78],[131.41,-0.82],[131.39,-0.82],[131.41,-0.85],[131.39,-0.85],[131.37,-0.85],[131.39,-0.89],[131.37,-0.94],[131.33,-0.95],[131.32,-0.92],[131.3,-0.92],[131.25,-0.88]]]]}},{"type":"Feature","properties":{"id":"1509","nama":"Bungo","prov":"Jambi","ikk":87.74,"pdrb":15580.02,"pdrb_f":1692.59,"share":10.86},"geometry":{"type":"MultiPolygon","coordinates":[[[[101.64,-1.88],[101.62,-1.88],[101.44,-1.69],[101.66,-1.52],[101.72,-1.44],[101.7,-1.39],[101.72,-1.35],[101.68,-1.33],[101.69,-1.28],[101.73,-1.24],[101.81,-1.22],[101.89,-1.12],[101.91,-1.14],[101.95,-1.13],[101.94,-1.15],[101.97,-1.14],[101.97,-1.15],[101.93,-1.16],[101.96,-1.18],[101.96,-1.25],[101.91,-1.26],[101.91,-1.28],[101.95,-1.3],[101.93,-1.31],[101.94,-1.37],[101.99,-1.38],[102.08,-1.39],[102.15,-1.46],[102.19,-1.45],[102.21,-1.47],[102.26,-1.48],[102.3,-1.46],[102.32,-1.5],[102.31,-1.57],[102.47,-1.57],[102.49,-1.6],[102.49,-1.65],[102.52,-1.64],[102.41,-1.71],[102.36,-1.68],[102.33,-1.68],[102.32,-1.7],[102.23,-1.76],[102.22,-1.78],[102.14,-1.79],[102.14,-1.83],[102.11,-1.88],[102.06,-1.88],[102.03,-1.91],[101.99,-1.91],[101.98,-1.87],[101.92,-1.84],[101.89,-1.85],[101.83,-1.82],[101.73,-1.88],[101.64,-1.88]]]]}},{"type":"Feature","properties":{"id":"8106","nama":"Seram Bagian Barat","prov":"Maluku","ikk":94.02,"pdrb":2473.33,"pdrb_f":249.95,"share":10.11},"geometry":{"type":"MultiPolygon","coordinates":[[[[127.48,-5.57],[127.49,-5.59],[127.46,-5.59],[127.45,-5.57],[127.48,-5.57]]],[[[127.53,-5.5],[127.5,-5.48],[127.54,-5.48],[127.57,-5.51],[127.55,-5.52],[127.53,-5.5]]],[[[127.57,-3.26],[127.66,-3.36],[127.61,-3.37],[127.6,-3.35],[127.51,-3.33],[127.49,-3.3],[127.53,-3.28],[127.52,-3.26],[127.57,-3.26]]],[[[127.77,-3.16],[127.8,-3.18],[127.79,-3.25],[127.69,-3.25],[127.64,-3.22],[127.72,-3.16],[127.77,-3.16]]],[[[127.83,-3.15],[127.8,-3.17],[127.78,-3.15],[127.83,-3.15]]],[[[128.0,-3.08],[128.11,-3.06],[128.09,-3.02],[128.12,-3.0],[128.12,-2.97],[128.08,-2.99],[128.07,-2.97],[128.13,-2.94],[128.13,-2.91],[128.16,-2.88],[128.16,-2.86],[128.4,-2.87],[128.51,-2.83],[128.56,-2.85],[128.66,-2.84],[128.7,-2.86],[128.75,-2.85],[128.75,-3.03],[128.78,-3.04],[128.84,-3.24],[128.78,-3.27],[128.68,-3.36],[128.67,-3.39],[128.7,-3.41],[128.67,-3.43],[128.59,-3.43],[128.52,-3.46],[128.46,-3.46],[128.41,-3.43],[128.34,-3.33],[128.27,-3.2],[128.22,-3.22],[128.19,-3.2],[128.2,-3.22],[128.18,-3.23],[128.16,-3.16],[128.17,-3.16],[128.17,-3.14],[128.2,-3.14],[128.2,-3.08],[128.16,-3.07],[128.08,-3.15],[128.05,-3.34],[128.02,-3.38],[127.99,-3.38],[127.95,-3.47],[127.96,-3.53],[127.92,-3.57],[127.9,-3.49],[127.94,-3.35],[127.89,-3.27],[127.87,-3.19],[127.84,-3.16],[127.9,-3.16],[127.94,-3.13],[127.94,-3.11],[127.99,-3.11],[127.98,-3.1],[128.0,-3.08]]],[[[127.94,-2.92],[127.99,-2.92],[128.0,-2.94],[127.95,-3.01],[127.91,-3.04],[127.84,-3.03],[127.87,-3.01],[127.88,-2.96],[127.94,-2.94],[127.91,-2.92],[127.94,-2.92]]]]}},{"type":"Feature","properties":{"id":"1504","nama":"Batang Hari","prov":"Jambi","ikk":87.83,"pdrb":15531.56,"pdrb_f":881.23,"share":5.67},"geometry":{"type":"MultiPolygon","coordinates":[[[[103.41,-1.7],[103.4,-1.76],[103.42,-1.79],[103.4,-1.85],[103.41,-1.87],[103.31,-1.87],[103.31,-1.97],[103.33,-1.97],[103.33,-1.97],[103.33,-2.0],[103.37,-2.0],[103.37,-2.05],[103.41,-2.06],[103.36,-2.24],[103.46,-2.27],[103.45,-2.36],[103.3,-2.21],[103.26,-2.13],[103.22,-2.14],[103.21,-2.08],[103.16,-2.03],[103.18,-2.01],[103.16,-2.0],[103.17,-1.97],[103.2,-1.97],[103.2,-1.95],[103.2,-1.94],[103.12,-1.96],[103.05,-1.94],[102.98,-1.94],[102.96,-1.95],[102.95,-1.95],[102.96,-1.96],[102.95,-1.98],[102.86,-2.01],[102.81,-1.99],[102.81,-1.95],[102.71,-1.96],[102.6,-1.91],[102.51,-1.91],[102.52,-1.86],[102.59,-1.88],[102.66,-1.82],[102.7,-1.73],[102.79,-1.63],[102.82,-1.5],[102.82,-1.4],[102.89,-1.37],[103.04,-1.45],[103.07,-1.4],[103.06,-1.39],[103.12,-1.4],[103.15,-1.37],[103.17,-1.39],[103.21,-1.36],[103.26,-1.41],[103.26,-1.36],[103.29,-1.35],[103.34,-1.37],[103.35,-1.44],[103.38,-1.48],[103.47,-1.47],[103.45,-1.49],[103.47,-1.54],[103.45,-1.57],[103.46,-1.59],[103.42,-1.61],[103.41,-1.63],[103.41,-1.63],[103.39,-1.63],[103.43,-1.67],[103.41,-1.7]]]]}},{"type":"Feature","properties":{"id":"8109","nama":"Buru Selatan","prov":"Maluku","ikk":100.97,"pdrb":1114.48,"pdrb_f":87.67,"share":7.87},"geometry":{"type":"MultiPolygon","coordinates":[[[[126.6,-3.81],[126.51,-3.79],[126.52,-3.78],[126.46,-3.76],[126.4,-3.71],[126.35,-3.7],[126.23,-3.62],[126.2,-3.62],[126.17,-3.59],[126.15,-3.53],[126.05,-3.44],[126.04,-3.4],[126.01,-3.36],[126.01,-3.19],[126.09,-3.11],[126.12,-3.14],[126.13,-3.3],[126.51,-3.44],[126.73,-3.48],[126.72,-3.51],[126.72,-3.53],[126.68,-3.56],[126.7,-3.58],[126.76,-3.56],[126.81,-3.58],[126.81,-3.63],[126.83,-3.63],[126.83,-3.56],[126.87,-3.52],[126.9,-3.56],[126.9,-3.56],[126.9,-3.54],[126.92,-3.56],[126.9,-3.54],[126.94,-3.53],[126.94,-3.53],[126.94,-3.55],[126.95,-3.53],[127.24,-3.63],[127.19,-3.68],[127.14,-3.66],[127.05,-3.69],[126.95,-3.77],[126.89,-3.79],[126.87,-3.76],[126.89,-3.79],[126.81,-3.8],[126.74,-3.86],[126.72,-3.85],[126.68,-3.86],[126.6,-3.81]]],[[[127.22,-3.83],[127.24,-3.87],[127.22,-3.9],[127.21,-3.89],[127.16,-3.89],[127.14,-3.85],[127.19,-3.82],[127.22,-3.83]]]]}},{"type":"Feature","properties":{"id":"1612","nama":"Penukal Abab Lematang Ilir","prov":"Sumatera Selatan","ikk":93.2,"pdrb":5807.54,"pdrb_f":841.71,"share":14.49},"geometry":{"type":"MultiPolygon","coordinates":[[[[104.21,-3.25],[104.24,-3.27],[104.21,-3.35],[104.2,-3.32],[104.13,-3.32],[104.12,-3.37],[104.09,-3.35],[104.02,-3.36],[104.02,-3.41],[103.93,-3.4],[103.9,-3.35],[103.91,-3.37],[103.88,-3.37],[103.9,-3.33],[103.85,-3.31],[103.81,-3.31],[103.76,-3.34],[103.69,-3.33],[103.65,-3.35],[103.58,-3.31],[103.55,-3.26],[103.66,-3.28],[103.71,-3.24],[103.74,-3.26],[103.77,-3.25],[103.79,-3.23],[103.78,-3.19],[103.79,-3.13],[103.84,-3.09],[103.89,-3.08],[103.91,-3.02],[103.95,-3.01],[104.02,-3.03],[104.07,-3.0],[104.13,-3.01],[104.14,-3.05],[104.18,-3.05],[104.23,-3.02],[104.26,-3.03],[104.23,-3.21],[104.21,-3.25]]]]}},{"type":"Feature","properties":{"id":"1503","nama":"Sarolangun","prov":"Jambi","ikk":90.47,"pdrb":13784.04,"pdrb_f":1557.82,"share":11.3},"geometry":{"type":"MultiPolygon","coordinates":[[[[102.3,-2.36],[102.3,-2.39],[102.34,-2.38],[102.34,-2.36],[102.34,-2.36],[102.4,-2.31],[102.46,-2.19],[102.58,-2.21],[102.63,-2.15],[102.61,-2.1],[102.58,-2.1],[102.54,-2.07],[102.55,-2.05],[102.51,-2.03],[102.51,-1.97],[102.49,-1.98],[102.47,-1.95],[102.46,-1.89],[102.52,-1.92],[102.65,-1.92],[102.71,-1.96],[102.82,-1.95],[102.81,-1.99],[102.86,-2.01],[102.95,-1.98],[102.96,-1.96],[102.95,-1.95],[102.96,-1.95],[102.98,-1.94],[103.05,-1.94],[103.12,-1.96],[103.2,-1.94],[103.2,-1.95],[103.2,-1.97],[103.17,-1.97],[103.16,-2.0],[103.18,-2.01],[103.16,-2.03],[103.2,-2.06],[103.22,-2.12],[103.22,-2.14],[103.19,-2.16],[103.18,-2.21],[103.21,-2.32],[103.14,-2.36],[103.05,-2.31],[103.03,-2.34],[102.95,-2.33],[102.88,-2.3],[102.84,-2.34],[102.85,-2.38],[102.87,-2.39],[102.88,-2.41],[102.79,-2.5],[102.8,-2.53],[102.74,-2.58],[102.72,-2.55],[102.69,-2.56],[102.7,-2.58],[102.64,-2.61],[102.6,-2.68],[102.52,-2.68],[102.47,-2.7],[102.39,-2.68],[102.39,-2.65],[102.33,-2.65],[102.28,-2.61],[102.25,-2.63],[102.23,-2.69],[102.13,-2.73],[102.09,-2.77],[102.07,-2.76],[102.09,-2.69],[102.06,-2.62],[102.1,-2.6],[102.09,-2.56],[102.16,-2.51],[102.12,-2.42],[102.19,-2.41],[102.3,-2.36]]]]}},{"type":"Feature","properties":{"id":"8108","nama":"Maluku Barat Daya","prov":"Maluku","ikk":114.74,"pdrb":1928.92,"pdrb_f":121.63,"share":6.31},"geometry":{"type":"MultiPolygon","coordinates":[[[[127.22,-8.08],[127.23,-8.1],[127.17,-8.11],[127.14,-8.1],[127.14,-8.07],[127.14,-8.03],[127.2,-8.01],[127.22,-8.08]]],[[[125.75,-7.98],[125.76,-8.02],[125.74,-8.06],[125.73,-8.0],[125.73,-7.97],[125.75,-7.98]]],[[[125.99,-7.91],[125.94,-7.92],[125.8,-8.02],[125.79,-8.01],[125.83,-7.92],[125.81,-7.86],[125.87,-7.81],[125.86,-7.77],[125.92,-7.74],[125.95,-7.66],[125.98,-7.66],[126.03,-7.7],[126.18,-7.73],[126.24,-7.69],[126.32,-7.7],[126.38,-7.64],[126.44,-7.63],[126.46,-7.6],[126.63,-7.56],[126.64,-7.6],[126.69,-7.62],[126.72,-7.67],[126.81,-7.66],[126.81,-7.68],[126.84,-7.73],[126.83,-7.75],[126.72,-7.74],[126.56,-7.81],[126.52,-7.86],[126.47,-7.98],[126.42,-7.93],[126.37,-7.93],[126.33,-7.91],[126.17,-7.92],[126.13,-7.89],[126.07,-7.89],[125.99,-7.91]]],[[[127.39,-7.5],[127.38,-7.51],[127.41,-7.5],[127.44,-7.52],[127.49,-7.52],[127.47,-7.59],[127.41,-7.6],[127.38,-7.65],[127.34,-7.65],[127.32,-7.63],[127.34,-7.59],[127.37,-7.59],[127.36,-7.52],[127.39,-7.5]]],[[[128.22,-8.22],[128.23,-8.27],[128.15,-8.28],[128.08,-8.25],[128.09,-8.21],[128.2,-8.2],[128.22,-8.22]]],[[[127.71,-8.16],[127.75,-8.18],[127.75,-8.21],[127.63,-8.24],[127.61,-8.21],[127.67,-8.16],[127.71,-8.16]]],[[[127.81,-8.1],[127.95,-8.15],[128.1,-8.14],[128.13,-8.16],[128.06,-8.22],[128.05,-8.26],[128.01,-8.26],[127.96,-8.25],[127.94,-8.22],[127.82,-8.2],[127.79,-8.18],[127.76,-8.12],[127.81,-8.1]]],[[[127.6,-7.59],[127.62,-7.61],[127.6,-7.62],[127.58,-7.56],[127.6,-7.59]]],[[[128.62,-7.07],[128.7,-7.11],[128.69,-7.14],[128.66,-7.14],[128.69,-7.16],[128.67,-7.19],[128.65,-7.22],[128.63,-7.22],[128.52,-7.14],[128.54,-7.11],[128.62,-7.07]]],[[[128.9,-8.18],[128.96,-8.18],[129.03,-8.22],[129.02,-8.26],[128.96,-8.23],[128.93,-8.23],[128.94,-8.25],[128.89,-8.24],[128.83,-8.2],[128.9,-8.18]]],[[[129.92,-8.12],[129.83,-8.21],[129.81,-8.21],[129.83,-8.19],[129.86,-8.13],[129.92,-8.09],[129.92,-8.12]]],[[[129.77,-7.81],[129.86,-7.84],[129.84,-7.88],[129.87,-7.91],[129.79,-8.04],[129.73,-8.05],[129.67,-8.01],[129.58,-7.9],[129.59,-7.83],[129.62,-7.8],[129.67,-7.79],[129.77,-7.81]]],[[[129.53,-7.86],[129.57,-7.91],[129.54,-7.95],[129.52,-7.94],[129.53,-7.87],[129.51,-7.85],[129.53,-7.86]]],[[[130.09,-7.76],[130.08,-7.79],[130.03,-7.77],[130.04,-7.75],[130.09,-7.76]]],[[[130.01,-7.7],[130.03,-7.74],[130.0,-7.73],[129.99,-7.71],[130.01,-7.7]]],[[[129.68,-7.54],[129.73,-7.55],[129.7,-7.57],[129.66,-7.55],[129.67,-7.53],[129.68,-7.54]]]]}},{"type":"Feature","properties":{"id":"1611","nama":"Empat Lawang","prov":"Sumatera Selatan","ikk":87.42,"pdrb":4341.28,"pdrb_f":421.9,"share":9.72},"geometry":{"type":"MultiPolygon","coordinates":[[[[102.67,-3.78],[102.74,-3.75],[102.74,-3.72],[102.76,-3.71],[102.77,-3.71],[102.81,-3.63],[102.79,-3.59],[102.81,-3.53],[102.85,-3.54],[102.9,-3.62],[102.95,-3.54],[102.99,-3.52],[102.99,-3.41],[103.04,-3.42],[103.11,-3.49],[103.18,-3.46],[103.19,-3.49],[103.17,-3.51],[103.13,-3.64],[103.1,-3.65],[103.11,-3.73],[103.17,-3.8],[103.14,-3.85],[103.11,-3.87],[103.11,-3.92],[103.14,-3.96],[103.12,-4.02],[102.96,-4.02],[102.91,-3.97],[102.86,-3.99],[102.82,-3.98],[102.78,-3.92],[102.62,-3.8],[102.66,-3.77],[102.67,-3.78]]]]}},{"type":"Feature","properties":{"id":"1506","nama":"Tanjung Jabung Timur","prov":"Jambi","ikk":99.13,"pdrb":19636.28,"pdrb_f":1008.26,"share":5.13},"geometry":{"type":"MultiPolygon","coordinates":[[[[104.02,-1.31],[103.58,-1.38],[103.59,-1.33],[103.56,-1.33],[103.55,-1.31],[103.51,-1.32],[103.51,-1.33],[103.46,-1.33],[103.39,-1.27],[103.34,-1.27],[103.34,-1.24],[103.42,-1.22],[103.43,-1.18],[103.45,-1.17],[103.45,-1.13],[103.51,-1.01],[103.55,-0.98],[103.57,-0.87],[103.67,-0.95],[103.73,-0.96],[103.75,-0.99],[103.8,-1.0],[103.82,-1.02],[103.91,-0.98],[104.09,-1.03],[104.2,-1.07],[104.26,-1.04],[104.33,-1.04],[104.36,-1.02],[104.37,-1.03],[104.41,-1.13],[104.39,-1.22],[104.46,-1.34],[104.44,-1.51],[104.49,-1.67],[104.43,-1.63],[104.36,-1.64],[104.33,-1.63],[104.17,-1.45],[104.11,-1.31],[104.07,-1.29],[104.02,-1.31]]],[[[104.25,-1.03],[104.23,-1.05],[104.21,-1.06],[104.21,-1.05],[104.21,-1.03],[104.25,-1.03]]]]}},{"type":"Feature","properties":{"id":"8103","nama":"Maluku Tengah","prov":"Maluku","ikk":94.04,"pdrb":7305.74,"pdrb_f":467.24,"share":6.4},"geometry":{"type":"MultiPolygon","coordinates":[[[[128.03,-3.67],[128.08,-3.71],[128.0,-3.78],[127.94,-3.77],[127.92,-3.72],[127.92,-3.68],[128.03,-3.59],[128.17,-3.59],[128.25,-3.5],[128.34,-3.5],[128.35,-3.53],[128.32,-3.57],[128.35,-3.6],[128.35,-3.63],[128.27,-3.62],[128.24,-3.57],[128.2,-3.6],[128.2,-3.63],[128.05,-3.64],[128.03,-3.67]]],[[[128.78,-3.65],[128.8,-3.65],[128.81,-3.68],[128.77,-3.69],[128.76,-3.65],[128.78,-3.65]]],[[[128.48,-3.52],[128.55,-3.54],[128.58,-3.58],[128.54,-3.61],[128.51,-3.62],[128.4,-3.63],[128.42,-3.61],[128.42,-3.53],[128.45,-3.51],[128.48,-3.52]]],[[[128.59,-3.5],[128.68,-3.54],[128.69,-3.49],[128.72,-3.5],[128.73,-3.51],[128.73,-3.62],[128.68,-3.58],[128.65,-3.57],[128.66,-3.61],[128.64,-3.63],[128.61,-3.6],[128.63,-3.58],[128.55,-3.53],[128.57,-3.5],[128.59,-3.5]]],[[[128.95,-3.3],[128.97,-3.28],[128.97,-3.23],[128.89,-3.2],[128.84,-3.24],[128.83,-3.23],[128.78,-3.04],[128.75,-3.03],[128.75,-2.85],[128.8,-2.87],[128.92,-2.85],[129.05,-2.79],[129.08,-2.85],[129.06,-2.91],[129.13,-2.97],[129.16,-2.95],[129.19,-2.96],[129.17,-2.94],[129.19,-2.92],[129.22,-2.95],[129.22,-2.92],[129.35,-2.86],[129.38,-2.79],[129.52,-2.8],[129.53,-2.77],[129.55,-2.8],[129.62,-2.8],[129.64,-2.83],[129.78,-2.86],[129.81,-2.91],[129.87,-2.9],[129.89,-2.91],[129.91,-2.94],[130.01,-2.98],[130.03,-3.0],[130.13,-3.0],[130.1,-3.19],[130.08,-3.21],[130.04,-3.18],[129.91,-3.17],[129.9,-3.26],[129.86,-3.34],[129.52,-3.3],[129.5,-3.33],[129.56,-3.4],[129.57,-3.45],[129.55,-3.47],[129.48,-3.46],[129.41,-3.42],[129.25,-3.41],[129.09,-3.34],[128.94,-3.36],[128.91,-3.33],[128.93,-3.34],[128.95,-3.3]]],[[[129.16,-6.97],[129.14,-6.99],[129.13,-6.96],[129.16,-6.97]]],[[[129.54,-6.72],[129.51,-6.76],[129.49,-6.75],[129.5,-6.71],[129.54,-6.72]]],[[[129.95,-4.51],[129.95,-4.56],[129.93,-4.57],[129.9,-4.56],[129.87,-4.56],[129.86,-4.55],[129.92,-4.55],[129.95,-4.51]]],[[[129.89,-4.51],[129.89,-4.53],[129.87,-4.53],[129.87,-4.51],[129.89,-4.51]]]]}},{"type":"Feature","properties":{"id":"1505","nama":"Muaro Jambi","prov":"Jambi","ikk":93.52,"pdrb":21403.1,"pdrb_f":1690.51,"share":7.9},"geometry":{"type":"MultiPolygon","coordinates":[[[[103.56,-2.01],[103.57,-2.04],[103.54,-2.11],[103.55,-2.14],[103.46,-2.18],[103.46,-2.27],[103.36,-2.24],[103.41,-2.06],[103.37,-2.05],[103.37,-2.0],[103.33,-2.0],[103.33,-1.97],[103.33,-1.97],[103.31,-1.97],[103.31,-1.87],[103.41,-1.87],[103.4,-1.85],[103.42,-1.79],[103.4,-1.76],[103.4,-1.72],[103.43,-1.67],[103.39,-1.64],[103.45,-1.6],[103.45,-1.57],[103.47,-1.54],[103.45,-1.49],[103.47,-1.47],[103.38,-1.48],[103.35,-1.44],[103.34,-1.37],[103.32,-1.37],[103.3,-1.35],[103.26,-1.35],[103.25,-1.41],[103.21,-1.36],[103.23,-1.34],[103.25,-1.36],[103.27,-1.33],[103.26,-1.23],[103.27,-1.23],[103.34,-1.23],[103.34,-1.27],[103.39,-1.27],[103.46,-1.33],[103.51,-1.33],[103.51,-1.32],[103.55,-1.31],[103.56,-1.33],[103.59,-1.33],[103.58,-1.38],[103.99,-1.32],[104.08,-1.29],[104.11,-1.31],[104.17,-1.45],[104.36,-1.64],[104.34,-1.68],[103.96,-1.76],[103.78,-1.83],[103.61,-1.85],[103.53,-1.9],[103.5,-1.96],[103.5,-1.98],[103.55,-1.99],[103.56,-2.01]],[[103.58,-1.56],[103.54,-1.57],[103.54,-1.68],[103.59,-1.67],[103.61,-1.69],[103.63,-1.68],[103.61,-1.66],[103.62,-1.66],[103.65,-1.66],[103.68,-1.61],[103.66,-1.61],[103.65,-1.55],[103.6,-1.55],[103.58,-1.56]]]]}},{"type":"Feature","properties":{"id":"8102","nama":"Maluku Tenggara","prov":"Maluku","ikk":106.2,"pdrb":2484.11,"pdrb_f":255.54,"share":10.29},"geometry":{"type":"MultiPolygon","coordinates":[[[[132.47,-6.01],[132.44,-6.04],[132.43,-6.01],[132.46,-6.02],[132.47,-5.99],[132.47,-6.01]]],[[[132.54,-5.9],[132.53,-5.92],[132.52,-5.9],[132.53,-5.87],[132.54,-5.9]]],[[[132.9,-5.93],[132.84,-6.0],[132.87,-5.9],[132.89,-5.9],[132.87,-5.88],[132.89,-5.86],[132.88,-5.84],[132.94,-5.78],[132.95,-5.68],[132.98,-5.64],[132.98,-5.66],[133.0,-5.65],[133.1,-5.32],[133.12,-5.28],[133.13,-5.29],[133.15,-5.27],[133.16,-5.29],[133.19,-5.31],[133.12,-5.57],[133.08,-5.63],[133.04,-5.65],[132.96,-5.74],[132.94,-5.82],[132.96,-5.86],[132.9,-5.93]]],[[[132.78,-5.93],[132.78,-5.94],[132.72,-5.95],[132.72,-5.89],[132.69,-5.95],[132.69,-5.91],[132.66,-5.91],[132.67,-5.86],[132.69,-5.84],[132.67,-5.75],[132.69,-5.75],[132.71,-5.83],[132.69,-5.88],[132.71,-5.83],[132.69,-5.73],[132.69,-5.74],[132.65,-5.71],[132.66,-5.68],[132.64,-5.68],[132.64,-5.65],[132.61,-5.59],[132.67,-5.63],[132.71,-5.59],[132.71,-5.65],[132.7,-5.63],[132.69,-5.66],[132.74,-5.64],[132.75,-5.72],[132.76,-5.75],[132.76,-5.72],[132.78,-5.73],[132.77,-5.81],[132.79,-5.78],[132.81,-5.8],[132.81,-5.85],[132.78,-5.93]]]]}},{"type":"Feature","properties":{"id":"8105","nama":"Kepulauan Aru","prov":"Maluku","ikk":106.59,"pdrb":2895.39,"pdrb_f":182.71,"share":6.31},"geometry":{"type":"MultiPolygon","coordinates":[[[[134.49,-6.5],[134.5,-6.52],[134.47,-6.55],[134.5,-6.55],[134.49,-6.56],[134.44,-6.57],[134.47,-6.56],[134.5,-6.59],[134.53,-6.57],[134.53,-6.6],[134.5,-6.62],[134.49,-6.66],[134.46,-6.68],[134.42,-6.65],[134.4,-6.67],[134.44,-6.66],[134.43,-6.67],[134.45,-6.7],[134.39,-6.73],[134.4,-6.75],[134.36,-6.8],[134.33,-6.81],[134.36,-6.81],[134.35,-6.83],[134.36,-6.81],[134.38,-6.82],[134.33,-6.86],[134.22,-6.91],[134.2,-6.94],[134.17,-6.92],[134.15,-6.85],[134.18,-6.86],[134.19,-6.84],[134.18,-6.83],[134.19,-6.85],[134.15,-6.85],[134.15,-6.87],[134.12,-6.85],[134.09,-6.85],[134.05,-6.77],[134.08,-6.69],[134.11,-6.46],[134.12,-6.45],[134.15,-6.49],[134.18,-6.48],[134.18,-6.5],[134.15,-6.53],[134.2,-6.49],[134.24,-6.62],[134.28,-6.66],[134.3,-6.66],[134.28,-6.65],[134.29,-6.65],[134.3,-6.65],[134.28,-6.65],[134.24,-6.61],[134.21,-6.54],[134.24,-6.5],[134.22,-6.51],[134.2,-6.47],[134.22,-6.44],[134.18,-6.46],[134.21,-6.43],[134.14,-6.46],[134.12,-6.42],[134.12,-6.39],[134.16,-6.36],[134.12,-6.38],[134.14,-6.31],[134.1,-6.17],[134.11,-6.16],[134.16,-6.21],[134.23,-6.22],[134.29,-6.29],[134.27,-6.31],[134.3,-6.29],[134.3,-6.36],[134.34,-6.39],[134.32,-6.42],[134.35,-6.38],[134.36,-6.41],[134.4,-6.4],[134.49,-6.5]]],[[[134.31,-6.35],[134.29,-6.35],[134.31,-6.31],[134.33,-6.35],[134.31,-6.35]]],[[[134.29,-6.28],[134.22,-6.19],[134.16,-6.19],[134.2,-6.13],[134.15,-6.14],[134.15,-6.15],[134.12,-6.11],[134.14,-6.01],[134.16,-6.01],[134.16,-6.04],[134.19,-6.03],[134.23,-6.02],[134.25,-6.07],[134.28,-6.06],[134.23,-6.12],[134.27,-6.15],[134.27,-6.18],[134.29,-6.16],[134.34,-6.23],[134.45,-6.27],[134.35,-6.34],[134.31,-6.28],[134.29,-6.28]]],[[[134.23,-5.76],[134.25,-5.82],[134.23,-5.83],[134.19,-5.83],[134.19,-5.76],[134.23,-5.76]]],[[[134.34,-5.57],[134.35,-5.58],[134.33,-5.61],[134.28,-5.65],[134.25,-5.63],[134.25,-5.61],[134.28,-5.61],[134.3,-5.56],[134.34,-5.57]]],[[[134.29,-5.52],[134.26,-5.55],[134.25,-5.54],[134.25,-5.49],[134.27,-5.49],[134.29,-5.52]]],[[[134.53,-6.74],[134.49,-6.76],[134.48,-6.74],[134.51,-6.72],[134.53,-6.74]]],[[[134.47,-6.29],[134.53,-6.34],[134.49,-6.43],[134.45,-6.45],[134.41,-6.4],[134.39,-6.4],[134.37,-6.39],[134.38,-6.32],[134.45,-6.27],[134.47,-6.29]]],[[[134.54,-6.31],[134.52,-6.32],[134.5,-6.29],[134.47,-6.29],[134.47,-6.26],[134.4,-6.26],[134.37,-6.21],[134.33,-6.21],[134.27,-6.11],[134.29,-6.07],[134.28,-6.05],[134.33,-6.02],[134.35,-6.04],[134.34,-6.06],[134.38,-6.02],[134.44,-6.07],[134.38,-6.02],[134.43,-6.02],[134.47,-5.96],[134.54,-5.92],[134.59,-5.94],[134.58,-5.95],[134.6,-5.94],[134.57,-5.98],[134.64,-5.94],[134.66,-5.95],[134.64,-6.02],[134.65,-5.96],[134.71,-6.01],[134.72,-6.03],[134.68,-6.05],[134.73,-6.02],[134.74,-6.06],[134.75,-6.04],[134.78,-6.09],[134.76,-6.12],[134.76,-6.14],[134.72,-6.16],[134.7,-6.14],[134.71,-6.17],[134.68,-6.19],[134.77,-6.16],[134.75,-6.25],[134.73,-6.26],[134.74,-6.27],[134.73,-6.3],[134.69,-6.3],[134.71,-6.32],[134.68,-6.34],[134.63,-6.36],[134.62,-6.34],[134.62,-6.37],[134.55,-6.35],[134.54,-6.31]]],[[[134.63,-5.88],[134.58,-5.93],[134.53,-5.92],[134.47,-5.96],[134.43,-6.02],[134.38,-6.02],[134.35,-6.03],[134.35,-6.01],[134.34,-6.03],[134.3,-6.02],[134.33,-5.95],[134.3,-5.93],[134.3,-5.9],[134.32,-5.91],[134.33,-5.86],[134.37,-5.85],[134.36,-5.83],[134.38,-5.82],[134.37,-5.8],[134.42,-5.79],[134.44,-5.8],[134.42,-5.79],[134.42,-5.77],[134.4,-5.79],[134.37,-5.77],[134.33,-5.8],[134.32,-5.76],[134.24,-5.75],[134.21,-5.72],[134.24,-5.67],[134.31,-5.7],[134.31,-5.73],[134.28,-5.73],[134.32,-5.72],[134.34,-5.73],[134.36,-5.71],[134.36,-5.69],[134.42,-5.64],[134.45,-5.53],[134.48,-5.56],[134.5,-5.53],[134.55,-5.65],[134.57,-5.66],[134.62,-5.73],[134.66,-5.72],[134.65,-5.75],[134.71,-5.82],[134.63,-5.88]]],[[[134.52,-7.07],[134.53,-7.08],[134.52,-7.1],[134.48,-7.08],[134.49,-7.06],[134.52,-7.07]]],[[[134.63,-6.88],[134.61,-6.9],[134.59,-6.88],[134.6,-6.88],[134.65,-6.86],[134.66,-6.84],[134.68,-6.86],[134.63,-6.88]]],[[[134.54,-6.77],[134.51,-6.78],[134.52,-6.76],[134.55,-6.75],[134.54,-6.77]]],[[[134.76,-6.62],[134.74,-6.65],[134.74,-6.7],[134.71,-6.72],[134.68,-6.78],[134.66,-6.78],[134.62,-6.76],[134.62,-6.71],[134.67,-6.68],[134.69,-6.59],[134.72,-6.58],[134.76,-6.62]]],[[[134.58,-6.55],[134.55,-6.54],[134.56,-6.51],[134.6,-6.52],[134.58,-6.55]]],[[[134.63,-6.49],[134.59,-6.52],[134.59,-6.49],[134.63,-6.45],[134.63,-6.49]]],[[[134.61,-6.43],[134.6,-6.46],[134.55,-6.49],[134.54,-6.46],[134.55,-6.48],[134.53,-6.48],[134.58,-6.48],[134.56,-6.52],[134.55,-6.54],[134.52,-6.53],[134.47,-6.47],[134.51,-6.41],[134.52,-6.37],[134.54,-6.35],[134.6,-6.38],[134.61,-6.43]]],[[[134.74,-5.87],[134.71,-5.91],[134.75,-5.94],[134.73,-5.95],[134.75,-5.97],[134.71,-5.98],[134.69,-5.96],[134.63,-5.92],[134.65,-5.9],[134.65,-5.87],[134.71,-5.83],[134.75,-5.85],[134.74,-5.87]]],[[[134.6,-5.94],[134.63,-5.88],[134.64,-5.87],[134.64,-5.87],[134.65,-5.89],[134.6,-5.94]]],[[[134.57,-5.57],[134.64,-5.59],[134.65,-5.58],[134.66,-5.6],[134.69,-5.58],[134.69,-5.62],[134.69,-5.59],[134.73,-5.62],[134.73,-5.64],[134.74,-5.62],[134.77,-5.67],[134.73,-5.67],[134.72,-5.74],[134.64,-5.71],[134.62,-5.72],[134.57,-5.65],[134.54,-5.63],[134.53,-5.57],[134.57,-5.57]]],[[[134.53,-5.48],[134.49,-5.48],[134.5,-5.42],[134.56,-5.45],[134.56,-5.43],[134.58,-5.44],[134.57,-5.42],[134.6,-5.42],[134.61,-5.45],[134.61,-5.42],[134.65,-5.44],[134.65,-5.48],[134.66,-5.51],[134.67,-5.48],[134.71,-5.52],[134.7,-5.54],[134.68,-5.54],[134.7,-5.57],[134.65,-5.57],[134.65,-5.56],[134.62,-5.58],[134.51,-5.56],[134.52,-5.51],[134.5,-5.5],[134.53,-5.48]]],[[[134.59,-5.33],[134.6,-5.35],[134.58,-5.35],[134.54,-5.41],[134.5,-5.38],[134.55,-5.35],[134.56,-5.33],[134.59,-5.33]]],[[[134.74,-6.49],[134.76,-6.53],[134.68,-6.56],[134.65,-6.5],[134.64,-6.48],[134.69,-6.44],[134.73,-6.47],[134.72,-6.49],[134.73,-6.47],[134.74,-6.49]]],[[[134.73,-6.41],[134.74,-6.37],[134.75,-6.36],[134.76,-6.38],[134.75,-6.43],[134.73,-6.41]]],[[[134.77,-5.87],[134.77,-5.89],[134.74,-5.91],[134.73,-5.9],[134.75,-5.86],[134.77,-5.87]]],[[[134.7,-5.74],[134.74,-5.74],[134.75,-5.79],[134.72,-5.81],[134.66,-5.75],[134.68,-5.73],[134.7,-5.74]]],[[[134.79,-6.62],[134.79,-6.64],[134.76,-6.63],[134.76,-6.61],[134.79,-6.62]]],[[[134.83,-6.48],[134.85,-6.49],[134.81,-6.56],[134.78,-6.55],[134.78,-6.51],[134.83,-6.48]]],[[[134.76,-6.39],[134.77,-6.37],[134.78,-6.39],[134.78,-6.42],[134.76,-6.39]]],[[[134.88,-6.3],[134.89,-6.28],[134.91,-6.31],[134.9,-6.35],[134.84,-6.48],[134.8,-6.45],[134.81,-6.43],[134.83,-6.44],[134.81,-6.43],[134.82,-6.4],[134.8,-6.41],[134.8,-6.38],[134.84,-6.33],[134.85,-6.28],[134.88,-6.3]]],[[[134.82,-6.33],[134.79,-6.35],[134.82,-6.3],[134.83,-6.31],[134.82,-6.33]]]]}},{"type":"Feature","properties":{"id":"8104","nama":"Buru","prov":"Maluku","ikk":91.8,"pdrb":1915.68,"pdrb_f":132.34,"share":6.91},"geometry":{"type":"MultiPolygon","coordinates":[[[[126.88,-3.52],[126.83,-3.56],[126.83,-3.63],[126.81,-3.63],[126.81,-3.58],[126.76,-3.56],[126.7,-3.58],[126.68,-3.56],[126.72,-3.53],[126.72,-3.51],[126.73,-3.48],[126.51,-3.44],[126.13,-3.3],[126.11,-3.16],[126.22,-3.18],[126.23,-3.14],[126.26,-3.13],[126.3,-3.09],[126.71,-3.06],[126.81,-3.07],[126.94,-3.14],[126.99,-3.14],[127.11,-3.23],[127.12,-3.28],[127.08,-3.26],[127.03,-3.27],[127.04,-3.33],[127.07,-3.32],[127.08,-3.37],[127.14,-3.38],[127.16,-3.34],[127.18,-3.36],[127.26,-3.37],[127.25,-3.59],[127.24,-3.63],[126.95,-3.53],[126.94,-3.55],[126.94,-3.53],[126.94,-3.53],[126.9,-3.54],[126.92,-3.56],[126.9,-3.54],[126.9,-3.56],[126.9,-3.56],[126.88,-3.52]]]]}},{"type":"Feature","properties":{"id":"1502","nama":"Merangin","prov":"Jambi","ikk":94.62,"pdrb":12728.54,"pdrb_f":858.17,"share":6.74},"geometry":{"type":"MultiPolygon","coordinates":[[[[102.15,-2.47],[102.16,-2.51],[102.09,-2.56],[102.1,-2.6],[102.06,-2.62],[102.09,-2.69],[102.07,-2.77],[101.99,-2.72],[101.91,-2.74],[101.86,-2.73],[101.67,-2.53],[101.57,-2.54],[101.55,-2.57],[101.56,-2.46],[101.55,-2.35],[101.59,-2.36],[101.6,-2.34],[101.62,-2.33],[101.64,-2.35],[101.7,-2.35],[101.74,-2.29],[101.78,-2.2],[101.84,-2.18],[101.79,-2.14],[101.76,-2.08],[101.72,-1.99],[101.66,-1.95],[101.63,-1.89],[101.64,-1.88],[101.73,-1.88],[101.83,-1.82],[101.89,-1.85],[101.92,-1.84],[101.98,-1.87],[101.99,-1.91],[102.03,-1.91],[102.06,-1.88],[102.11,-1.88],[102.14,-1.83],[102.14,-1.79],[102.22,-1.78],[102.23,-1.76],[102.32,-1.7],[102.33,-1.68],[102.36,-1.68],[102.41,-1.71],[102.5,-1.65],[102.53,-1.65],[102.46,-1.81],[102.46,-1.93],[102.49,-1.98],[102.51,-1.97],[102.51,-2.03],[102.55,-2.05],[102.54,-2.07],[102.58,-2.1],[102.61,-2.1],[102.63,-2.15],[102.58,-2.21],[102.46,-2.19],[102.4,-2.31],[102.34,-2.36],[102.34,-2.36],[102.34,-2.38],[102.3,-2.39],[102.29,-2.35],[102.22,-2.4],[102.13,-2.41],[102.15,-2.47]]]]}},{"type":"Feature","properties":{"id":"1501","nama":"Kerinci","prov":"Jambi","ikk":97.22,"pdrb":8241.23,"pdrb_f":1014.61,"share":12.31},"geometry":{"type":"MultiPolygon","coordinates":[[[[101.4,-2.03],[101.29,-2.03],[101.24,-2.07],[101.21,-1.98],[101.14,-1.93],[101.14,-1.9],[101.18,-1.86],[101.13,-1.76],[101.13,-1.68],[101.17,-1.71],[101.19,-1.68],[101.2,-1.71],[101.23,-1.72],[101.27,-1.7],[101.4,-1.69],[101.41,-1.67],[101.64,-1.9],[101.66,-1.95],[101.72,-2.0],[101.79,-2.14],[101.84,-2.18],[101.78,-2.2],[101.74,-2.29],[101.7,-2.35],[101.64,-2.35],[101.62,-2.33],[101.6,-2.34],[101.59,-2.36],[101.55,-2.35],[101.56,-2.45],[101.29,-2.28],[101.28,-2.26],[101.39,-2.21],[101.38,-2.19],[101.42,-2.19],[101.41,-2.12],[101.46,-2.09],[101.43,-2.03],[101.4,-2.03]]]]}},{"type":"Feature","properties":{"id":"7209","nama":"Tojo Una-Una","prov":"Sulawesi Tengah","ikk":85.15,"pdrb":4489.54,"pdrb_f":298.66,"share":6.65},"geometry":{"type":"MultiPolygon","coordinates":[[[[121.0,-1.41],[121.04,-1.41],[121.04,-1.43],[121.06,-1.44],[121.12,-1.42],[121.16,-1.37],[121.22,-1.2],[121.28,-1.16],[121.31,-1.1],[121.45,-0.97],[121.48,-0.9],[121.59,-0.87],[121.6,-0.82],[121.63,-0.81],[121.66,-0.81],[121.66,-0.91],[121.76,-0.97],[121.82,-0.96],[121.85,-0.97],[121.87,-1.06],[121.95,-1.13],[121.95,-1.11],[122.01,-1.13],[122.09,-1.23],[122.08,-1.3],[122.04,-1.35],[121.98,-1.35],[121.96,-1.33],[121.97,-1.29],[121.95,-1.29],[121.87,-1.32],[121.82,-1.31],[121.72,-1.36],[121.66,-1.37],[121.57,-1.42],[121.51,-1.38],[121.47,-1.37],[121.47,-1.4],[121.43,-1.4],[121.35,-1.47],[121.26,-1.48],[121.21,-1.51],[121.18,-1.58],[121.17,-1.57],[121.07,-1.58],[121.01,-1.62],[120.96,-1.62],[120.92,-1.57],[120.89,-1.46],[120.89,-1.41],[120.98,-1.4],[121.0,-1.41]]],[[[121.64,-0.13],[121.66,-0.18],[121.63,-0.21],[121.6,-0.21],[121.56,-0.17],[121.6,-0.13],[121.64,-0.13]]],[[[121.84,-0.5],[121.86,-0.52],[121.83,-0.53],[121.78,-0.5],[121.75,-0.51],[121.74,-0.5],[121.7,-0.56],[121.66,-0.58],[121.65,-0.54],[121.71,-0.48],[121.69,-0.47],[121.72,-0.48],[121.73,-0.46],[121.77,-0.46],[121.76,-0.43],[121.77,-0.42],[121.78,-0.45],[121.87,-0.41],[121.92,-0.44],[121.92,-0.52],[121.89,-0.54],[121.86,-0.5],[121.84,-0.5]]],[[[121.96,-0.33],[122.01,-0.37],[122.04,-0.34],[122.07,-0.4],[122.05,-0.43],[122.01,-0.4],[122.01,-0.42],[121.92,-0.44],[121.88,-0.42],[121.86,-0.38],[121.9,-0.33],[121.92,-0.37],[121.95,-0.35],[121.96,-0.37],[121.97,-0.35],[121.93,-0.34],[121.96,-0.33]]],[[[122.09,-0.25],[122.09,-0.26],[122.05,-0.28],[122.03,-0.27],[122.04,-0.26],[122.09,-0.25]]],[[[122.1,-0.3],[122.11,-0.34],[122.14,-0.36],[122.14,-0.34],[122.15,-0.4],[122.13,-0.42],[122.09,-0.4],[122.1,-0.42],[122.1,-0.45],[122.06,-0.41],[122.08,-0.39],[122.06,-0.35],[122.09,-0.28],[122.1,-0.3]]],[[[122.25,-0.22],[122.26,-0.24],[122.28,-0.22],[122.29,-0.25],[122.31,-0.24],[122.38,-0.28],[122.37,-0.33],[122.4,-0.39],[122.38,-0.36],[122.34,-0.29],[122.33,-0.29],[122.3,-0.26],[122.25,-0.26],[122.23,-0.21],[122.25,-0.22]]],[[[122.2,-0.23],[122.18,-0.25],[122.22,-0.25],[122.25,-0.28],[122.23,-0.3],[122.24,-0.28],[122.21,-0.29],[122.2,-0.28],[122.18,-0.28],[122.18,-0.25],[122.15,-0.25],[122.19,-0.21],[122.21,-0.21],[122.2,-0.23]]]]}},{"type":"Feature","properties":{"id":"8101","nama":"Maluku Tenggara Barat","prov":"Maluku","ikk":107.87,"pdrb":2112.24,"pdrb_f":332.15,"share":15.73},"geometry":{"type":"MultiPolygon","coordinates":[[[[131.04,-8.09],[131.08,-8.11],[131.07,-8.16],[131.13,-8.12],[131.17,-8.12],[131.16,-8.15],[130.99,-8.24],[130.93,-8.23],[130.89,-8.25],[130.9,-8.29],[130.83,-8.32],[130.81,-8.34],[130.76,-8.33],[130.82,-8.25],[130.92,-8.21],[130.92,-8.13],[130.99,-8.15],[131.0,-8.09],[131.03,-8.08],[131.04,-8.09]]],[[[130.87,-7.51],[130.94,-7.53],[130.98,-7.51],[130.95,-7.54],[130.98,-7.56],[130.94,-7.54],[130.91,-7.58],[130.84,-7.56],[130.84,-7.5],[130.87,-7.51]]],[[[131.1,-8.03],[131.1,-8.05],[131.08,-8.03],[131.08,-8.01],[131.1,-8.03]]],[[[131.09,-7.73],[131.09,-7.75],[131.08,-7.77],[131.06,-7.75],[131.09,-7.73]]],[[[131.1,-7.64],[131.12,-7.64],[131.1,-7.7],[131.06,-7.71],[131.06,-7.68],[131.04,-7.69],[131.03,-7.71],[131.04,-7.72],[131.0,-7.73],[130.97,-7.74],[130.97,-7.68],[131.04,-7.66],[131.04,-7.68],[131.06,-7.65],[131.1,-7.64]]],[[[131.17,-7.42],[131.13,-7.47],[131.08,-7.48],[131.06,-7.52],[131.04,-7.51],[131.06,-7.5],[131.06,-7.48],[131.0,-7.5],[130.97,-7.49],[130.99,-7.43],[131.16,-7.4],[131.17,-7.42]]],[[[131.36,-7.89],[131.38,-7.9],[131.33,-7.93],[131.35,-7.93],[131.33,-7.95],[131.34,-7.99],[131.29,-8.03],[131.29,-8.0],[131.31,-7.96],[131.29,-7.92],[131.23,-8.01],[131.1,-8.0],[131.12,-7.9],[131.08,-7.87],[131.11,-7.82],[131.14,-7.83],[131.14,-7.8],[131.11,-7.79],[131.14,-7.78],[131.11,-7.78],[131.14,-7.78],[131.15,-7.75],[131.14,-7.74],[131.11,-7.76],[131.12,-7.72],[131.11,-7.74],[131.12,-7.68],[131.18,-7.72],[131.25,-7.73],[131.16,-7.67],[131.18,-7.65],[131.18,-7.59],[131.24,-7.48],[131.32,-7.42],[131.34,-7.45],[131.36,-7.4],[131.38,-7.39],[131.37,-7.38],[131.4,-7.34],[131.45,-7.35],[131.44,-7.3],[131.48,-7.23],[131.53,-7.24],[131.52,-7.17],[131.54,-7.14],[131.57,-7.15],[131.58,-7.13],[131.6,-7.14],[131.61,-7.13],[131.65,-7.12],[131.64,-7.18],[131.68,-7.17],[131.68,-7.15],[131.71,-7.14],[131.69,-7.16],[131.72,-7.16],[131.72,-7.19],[131.75,-7.21],[131.71,-7.23],[131.65,-7.23],[131.63,-7.26],[131.65,-7.35],[131.68,-7.38],[131.65,-7.39],[131.66,-7.43],[131.71,-7.43],[131.67,-7.45],[131.67,-7.5],[131.65,-7.51],[131.67,-7.51],[131.66,-7.55],[131.63,-7.57],[131.65,-7.57],[131.62,-7.65],[131.59,-7.66],[131.55,-7.72],[131.49,-7.73],[131.48,-7.78],[131.45,-7.78],[131.46,-7.81],[131.38,-7.85],[131.36,-7.89]]],[[[131.26,-7.31],[131.3,-7.34],[131.26,-7.36],[131.27,-7.37],[131.21,-7.36],[131.26,-7.31]]],[[[131.4,-7.22],[131.4,-7.24],[131.4,-7.22],[131.36,-7.23],[131.39,-7.2],[131.4,-7.22]]],[[[131.49,-7.18],[131.48,-7.21],[131.46,-7.19],[131.48,-7.16],[131.49,-7.18]]],[[[131.92,-7.11],[131.98,-7.18],[131.97,-7.24],[131.95,-7.25],[131.91,-7.23],[131.89,-7.18],[131.81,-7.16],[131.81,-7.18],[131.73,-7.18],[131.72,-7.14],[131.75,-7.12],[131.92,-7.11]]],[[[132.0,-6.99],[131.96,-7.06],[131.91,-7.08],[131.91,-7.05],[132.0,-6.99]]],[[[131.51,-6.87],[131.49,-6.92],[131.46,-6.91],[131.47,-6.87],[131.51,-6.87]]],[[[131.6,-6.68],[131.62,-6.68],[131.62,-6.71],[131.6,-6.73],[131.58,-6.71],[131.56,-6.74],[131.56,-6.76],[131.59,-6.76],[131.59,-6.77],[131.54,-6.8],[131.52,-6.8],[131.52,-6.75],[131.58,-6.67],[131.6,-6.68]]]]}},{"type":"Feature","properties":{"id":"7208","nama":"Parigi Moutong","prov":"Sulawesi Tengah","ikk":86.77,"pdrb":13433.29,"pdrb_f":1584.28,"share":11.79},"geometry":{"type":"MultiPolygon","coordinates":[[[[120.31,-0.96],[120.41,-0.92],[120.46,-0.99],[120.51,-1.0],[120.58,-1.1],[120.49,-1.14],[120.5,-1.16],[120.42,-1.24],[120.38,-1.24],[120.34,-1.2],[120.36,-1.16],[120.33,-1.14],[120.29,-1.13],[120.27,-1.15],[120.23,-1.13],[120.23,-1.09],[120.2,-1.05],[120.18,-1.06],[120.13,-1.04],[120.11,-1.02],[120.1,-1.03],[120.07,-1.01],[120.06,-0.97],[120.07,-0.91],[120.02,-0.88],[120.04,-0.83],[120.02,-0.75],[120.03,-0.68],[120.0,-0.63],[120.0,-0.59],[119.93,-0.5],[119.94,-0.46],[119.92,-0.44],[119.91,-0.37],[119.93,-0.3],[119.91,-0.27],[119.94,-0.21],[119.9,-0.14],[119.95,-0.07],[119.94,-0.01],[119.96,0.08],[120.0,0.12],[120.04,0.13],[120.05,0.17],[120.09,0.2],[120.1,0.24],[120.05,0.29],[120.06,0.33],[120.08,0.39],[120.13,0.41],[120.11,0.43],[120.13,0.46],[120.16,0.47],[120.16,0.53],[120.2,0.57],[120.19,0.62],[120.23,0.61],[120.36,0.68],[120.44,0.66],[120.45,0.64],[120.54,0.64],[120.55,0.6],[120.57,0.61],[120.63,0.59],[120.71,0.67],[120.81,0.68],[120.86,0.71],[120.93,0.69],[121.01,0.71],[121.09,0.7],[121.16,0.68],[121.2,0.64],[121.23,0.65],[121.24,0.6],[121.3,0.57],[121.34,0.57],[121.35,0.56],[121.33,0.51],[121.35,0.49],[121.34,0.47],[121.29,0.5],[121.23,0.46],[121.19,0.46],[121.15,0.41],[121.08,0.4],[121.03,0.44],[120.9,0.4],[120.85,0.44],[120.81,0.45],[120.81,0.47],[120.77,0.46],[120.69,0.51],[120.51,0.51],[120.44,0.47],[120.41,0.48],[120.3,0.42],[120.2,0.26],[120.16,0.23],[120.12,0.16],[120.13,0.13],[120.11,0.09],[120.1,-0.03],[120.04,-0.07],[120.04,-0.13],[120.01,-0.18],[120.01,-0.28],[120.07,-0.44],[120.05,-0.53],[120.07,-0.65],[120.13,-0.77],[120.17,-0.8],[120.2,-0.85],[120.22,-0.85],[120.31,-0.96]]]]}},{"type":"Feature","properties":{"id":"6372","nama":"Kota Banjar Baru","prov":"Kalimantan Selatan","ikk":101.37,"pdrb":8281.57,"pdrb_f":1203.49,"share":14.53},"geometry":{"type":"MultiPolygon","coordinates":[[[[114.9,-3.48],[114.91,-3.53],[114.86,-3.57],[114.81,-3.52],[114.68,-3.52],[114.68,-3.49],[114.68,-3.44],[114.72,-3.38],[114.78,-3.42],[114.9,-3.45],[114.9,-3.48]]]]}},{"type":"Feature","properties":{"id":"6371","nama":"Kota Banjarmasin","prov":"Kalimantan Selatan","ikk":100.73,"pdrb":28253.56,"pdrb_f":2641.71,"share":9.35},"geometry":{"type":"MultiPolygon","coordinates":[[[[114.63,-3.31],[114.66,-3.35],[114.59,-3.38],[114.57,-3.37],[114.55,-3.37],[114.52,-3.36],[114.57,-3.3],[114.57,-3.27],[114.6,-3.29],[114.64,-3.27],[114.63,-3.31]]]]}},{"type":"Feature","properties":{"id":"7205","nama":"Donggala","prov":"Sulawesi Tengah","ikk":85.09,"pdrb":10100.21,"pdrb_f":1175.68,"share":11.64},"geometry":{"type":"MultiPolygon","coordinates":[[[[119.77,-1.21],[119.74,-1.26],[119.73,-1.35],[119.76,-1.42],[119.73,-1.42],[119.7,-1.45],[119.64,-1.4],[119.59,-1.4],[119.58,-1.43],[119.55,-1.44],[119.54,-1.42],[119.51,-1.45],[119.52,-1.42],[119.51,-1.39],[119.46,-1.4],[119.43,-1.35],[119.47,-1.32],[119.52,-1.31],[119.52,-1.29],[119.47,-1.3],[119.54,-1.22],[119.53,-1.19],[119.57,-1.17],[119.57,-1.15],[119.61,-1.16],[119.61,-1.12],[119.59,-1.12],[119.57,-1.05],[119.58,-1.02],[119.56,-1.01],[119.56,-0.85],[119.61,-0.83],[119.62,-0.8],[119.68,-0.77],[119.68,-0.74],[119.66,-0.72],[119.74,-0.65],[119.81,-0.8],[119.76,-0.83],[119.78,-0.9],[119.75,-0.92],[119.73,-0.9],[119.65,-0.97],[119.68,-1.01],[119.75,-1.01],[119.8,-1.09],[119.81,-1.14],[119.77,-1.21]]],[[[119.94,-0.46],[119.93,-0.51],[120.0,-0.59],[120.0,-0.63],[120.03,-0.68],[120.02,-0.75],[120.04,-0.84],[120.01,-0.79],[119.97,-0.81],[119.87,-0.77],[119.91,-0.77],[119.88,-0.73],[119.96,-0.69],[119.91,-0.71],[119.87,-0.7],[119.93,-0.64],[119.86,-0.67],[119.85,-0.7],[119.82,-0.69],[119.76,-0.5],[119.75,-0.37],[119.82,-0.2],[119.8,-0.16],[119.81,-0.14],[119.79,-0.12],[119.74,-0.14],[119.7,-0.14],[119.66,-0.1],[119.61,-0.01],[119.67,-0.02],[119.67,0.02],[119.73,-0.02],[119.74,-0.06],[119.77,-0.08],[119.78,-0.11],[119.84,-0.1],[119.89,-0.0],[119.87,0.1],[119.77,0.2],[119.78,0.23],[119.82,0.23],[119.83,0.22],[119.9,0.23],[119.89,0.29],[119.85,0.34],[119.89,0.39],[119.88,0.46],[119.91,0.48],[120.0,0.48],[120.05,0.51],[120.02,0.65],[120.04,0.72],[120.1,0.75],[120.14,0.75],[120.2,0.7],[120.2,0.57],[120.16,0.53],[120.16,0.47],[120.11,0.43],[120.13,0.41],[120.08,0.39],[120.06,0.33],[120.05,0.29],[120.1,0.24],[120.09,0.2],[120.05,0.17],[120.04,0.13],[120.0,0.12],[119.96,0.08],[119.94,-0.01],[119.95,-0.07],[119.9,-0.14],[119.94,-0.21],[119.91,-0.27],[119.93,-0.3],[119.91,-0.37],[119.92,-0.44],[119.94,-0.46]]]]}},{"type":"Feature","properties":{"id":"5371","nama":"Kota Kupang","prov":"Nusa Tenggara Timur","ikk":85.06,"pdrb":19790.06,"pdrb_f":2642.05,"share":13.35},"geometry":{"type":"MultiPolygon","coordinates":[[[[123.66,-10.16],[123.69,-10.17],[123.67,-10.19],[123.65,-10.18],[123.65,-10.21],[123.68,-10.23],[123.62,-10.23],[123.64,-10.24],[123.63,-10.29],[123.59,-10.29],[123.57,-10.22],[123.53,-10.21],[123.53,-10.17],[123.67,-10.13],[123.68,-10.14],[123.66,-10.16]]]]}},{"type":"Feature","properties":{"id":"7204","nama":"Poso","prov":"Sulawesi Tengah","ikk":95.51,"pdrb":7581.52,"pdrb_f":685.16,"share":9.04},"geometry":{"type":"MultiPolygon","coordinates":[[[[120.49,-2.02],[120.47,-1.96],[120.4,-1.9],[120.39,-1.9],[120.34,-2.06],[120.27,-2.03],[120.18,-2.03],[120.12,-2.01],[120.1,-1.99],[120.1,-1.9],[120.12,-1.91],[120.14,-1.89],[120.1,-1.83],[120.11,-1.8],[120.18,-1.78],[120.14,-1.65],[120.14,-1.57],[120.1,-1.56],[120.11,-1.52],[120.18,-1.45],[120.22,-1.46],[120.25,-1.41],[120.28,-1.41],[120.29,-1.36],[120.23,-1.3],[120.19,-1.27],[120.23,-1.22],[120.27,-1.23],[120.29,-1.2],[120.34,-1.19],[120.38,-1.24],[120.42,-1.24],[120.5,-1.16],[120.49,-1.14],[120.58,-1.11],[120.59,-1.17],[120.57,-1.2],[120.57,-1.25],[120.64,-1.32],[120.64,-1.36],[120.68,-1.42],[120.81,-1.35],[120.85,-1.36],[120.84,-1.4],[120.89,-1.41],[120.9,-1.54],[120.96,-1.62],[120.88,-1.62],[120.83,-1.75],[120.86,-1.84],[120.93,-1.91],[120.84,-2.04],[120.84,-2.22],[120.76,-2.23],[120.69,-2.21],[120.59,-2.13],[120.49,-2.02]]]]}},{"type":"Feature","properties":{"id":"7207","nama":"Buol","prov":"Sulawesi Tengah","ikk":92.03,"pdrb":4625.61,"pdrb_f":345.95,"share":7.48},"geometry":{"type":"MultiPolygon","coordinates":[[[[121.46,1.13],[121.55,1.06],[121.63,1.06],[121.65,1.04],[121.65,1.06],[121.68,1.07],[121.71,1.05],[121.71,1.08],[121.76,1.07],[121.86,1.09],[121.88,1.08],[121.93,1.1],[121.96,1.06],[121.95,1.04],[121.98,1.02],[122.07,1.07],[122.16,1.03],[122.19,1.06],[122.2,1.04],[122.04,0.99],[121.98,0.9],[121.92,0.93],[121.89,0.97],[121.85,0.99],[121.81,0.95],[121.6,0.87],[121.54,0.88],[121.53,0.85],[121.49,0.84],[121.38,0.85],[121.35,0.85],[121.36,0.81],[121.35,0.79],[121.22,0.79],[121.19,0.76],[121.16,0.68],[121.01,0.71],[120.93,0.69],[120.86,0.71],[120.84,0.7],[120.89,0.79],[121.01,0.86],[121.03,1.0],[121.01,1.03],[121.1,1.09],[121.08,1.15],[121.18,1.27],[121.26,1.23],[121.34,1.26],[121.35,1.25],[121.4,1.26],[121.44,1.31],[121.46,1.31],[121.47,1.26],[121.42,1.23],[121.43,1.24],[121.42,1.19],[121.46,1.13]]]]}},{"type":"Feature","properties":{"id":"7206","nama":"Toli-Toli","prov":"Sulawesi Tengah","ikk":90.17,"pdrb":6646.27,"pdrb_f":701.08,"share":10.55},"geometry":{"type":"MultiPolygon","coordinates":[[[[120.37,0.83],[120.4,0.79],[120.47,0.78],[120.53,0.79],[120.56,0.77],[120.55,0.76],[120.6,0.75],[120.57,0.77],[120.61,0.81],[120.6,0.87],[120.64,0.94],[120.67,0.95],[120.67,0.97],[120.69,0.95],[120.68,0.97],[120.7,0.99],[120.72,0.97],[120.71,0.96],[120.73,0.96],[120.76,1.01],[120.81,1.03],[120.8,1.09],[120.78,1.11],[120.79,1.16],[120.83,1.18],[120.81,1.32],[120.87,1.32],[120.9,1.36],[120.91,1.34],[120.9,1.33],[120.9,1.32],[120.89,1.33],[120.9,1.3],[120.93,1.32],[120.94,1.35],[121.06,1.3],[121.1,1.32],[121.18,1.27],[121.08,1.15],[121.1,1.09],[121.01,1.03],[121.03,1.0],[121.01,0.86],[120.89,0.79],[120.84,0.69],[120.75,0.66],[120.71,0.67],[120.63,0.59],[120.57,0.61],[120.55,0.6],[120.54,0.64],[120.45,0.64],[120.44,0.66],[120.36,0.68],[120.21,0.61],[120.19,0.62],[120.2,0.7],[120.14,0.75],[120.24,0.8],[120.25,0.96],[120.28,0.99],[120.35,0.98],[120.33,0.86],[120.36,0.83],[120.37,0.87],[120.37,0.83]]],[[[120.4,1.04],[120.38,1.01],[120.37,1.05],[120.38,1.08],[120.4,1.07],[120.4,1.04]]]]}},{"type":"Feature","properties":{"id":"7201","nama":"Banggai Kepulauan","prov":"Sulawesi Tengah","ikk":98.33,"pdrb":3236.51,"pdrb_f":63.92,"share":1.97},"geometry":{"type":"MultiPolygon","coordinates":[[[[123.25,-1.48],[123.24,-1.59],[123.26,-1.61],[123.25,-1.64],[123.24,-1.64],[123.23,-1.6],[123.16,-1.64],[123.15,-1.61],[123.11,-1.61],[123.11,-1.59],[123.1,-1.6],[123.11,-1.57],[123.13,-1.57],[123.18,-1.51],[123.16,-1.45],[123.17,-1.3],[123.14,-1.3],[123.12,-1.32],[123.12,-1.3],[123.04,-1.42],[123.0,-1.52],[122.95,-1.55],[122.91,-1.6],[122.85,-1.58],[122.84,-1.51],[122.82,-1.48],[122.8,-1.49],[122.79,-1.46],[122.82,-1.31],[122.91,-1.18],[122.95,-1.18],[122.97,-1.21],[122.99,-1.2],[123.11,-1.16],[123.15,-1.21],[123.16,-1.15],[123.19,-1.15],[123.25,-1.23],[123.23,-1.23],[123.21,-1.27],[123.19,-1.26],[123.2,-1.29],[123.18,-1.32],[123.24,-1.4],[123.28,-1.36],[123.29,-1.31],[123.31,-1.3],[123.38,-1.22],[123.41,-1.22],[123.4,-1.25],[123.43,-1.27],[123.45,-1.27],[123.44,-1.24],[123.49,-1.27],[123.56,-1.28],[123.52,-1.43],[123.51,-1.46],[123.47,-1.46],[123.46,-1.52],[123.44,-1.5],[123.41,-1.53],[123.37,-1.5],[123.35,-1.53],[123.35,-1.47],[123.31,-1.41],[123.26,-1.44],[123.25,-1.48]]],[[[123.32,-1.23],[123.3,-1.28],[123.28,-1.2],[123.32,-1.18],[123.32,-1.23]]]]}},{"type":"Feature","properties":{"id":"7203","nama":"Morowali","prov":"Sulawesi Tengah","ikk":104.46,"pdrb":109491.44,"pdrb_f":4728.18,"share":4.32},"geometry":{"type":"MultiPolygon","coordinates":[[[[122.47,-3.16],[122.49,-3.18],[122.43,-3.19],[122.43,-3.28],[122.4,-3.24],[122.36,-3.25],[122.37,-3.23],[122.33,-3.24],[122.31,-3.27],[122.3,-3.22],[122.31,-3.16],[122.28,-3.14],[122.22,-3.13],[122.17,-3.08],[122.18,-3.03],[122.1,-3.01],[122.07,-2.95],[121.92,-2.99],[121.83,-2.97],[121.69,-2.9],[121.67,-2.84],[121.72,-2.81],[121.72,-2.77],[121.79,-2.67],[121.77,-2.62],[121.7,-2.53],[121.65,-2.54],[121.62,-2.49],[121.56,-2.49],[121.44,-2.4],[121.46,-2.3],[121.49,-2.25],[121.49,-2.19],[121.53,-2.15],[121.61,-2.19],[121.67,-2.19],[121.68,-2.17],[121.72,-2.2],[121.8,-2.29],[121.83,-2.3],[121.87,-2.4],[121.94,-2.48],[122.0,-2.63],[122.04,-2.66],[122.01,-2.67],[122.01,-2.72],[122.09,-2.79],[122.14,-2.79],[122.17,-2.82],[122.18,-2.81],[122.19,-2.87],[122.21,-2.9],[122.25,-2.88],[122.31,-2.91],[122.31,-2.96],[122.25,-3.01],[122.26,-3.04],[122.34,-3.09],[122.37,-3.14],[122.43,-3.13],[122.45,-3.16],[122.47,-3.16]]],[[[122.51,-3.06],[122.52,-3.09],[122.49,-3.08],[122.49,-3.06],[122.51,-3.06]]],[[[122.4,-3.02],[122.43,-3.05],[122.4,-3.05],[122.4,-3.02]]],[[[123.16,-3.57],[123.18,-3.62],[123.12,-3.61],[123.12,-3.64],[123.07,-3.62],[123.04,-3.59],[123.15,-3.56],[123.16,-3.57]]]]}},{"type":"Feature","properties":{"id":"7202","nama":"Banggai","prov":"Sulawesi Tengah","ikk":96.92,"pdrb":22185.32,"pdrb_f":1366.98,"share":6.16},"geometry":{"type":"MultiPolygon","coordinates":[[[[122.33,-1.52],[122.22,-1.6],[122.06,-1.62],[122.03,-1.57],[122.04,-1.49],[122.01,-1.45],[122.04,-1.44],[122.05,-1.41],[122.01,-1.34],[122.04,-1.35],[122.08,-1.3],[122.1,-1.25],[122.07,-1.19],[122.01,-1.13],[121.95,-1.11],[121.94,-1.13],[121.92,-1.09],[121.88,-1.07],[121.86,-0.96],[121.92,-1.0],[121.96,-0.99],[122.01,-0.94],[122.1,-0.96],[122.15,-0.91],[122.16,-0.82],[122.19,-0.81],[122.2,-0.79],[122.42,-0.78],[122.46,-0.76],[122.58,-0.78],[122.62,-0.76],[122.69,-0.81],[122.73,-0.81],[122.79,-0.78],[122.96,-0.76],[122.95,-0.74],[122.89,-0.74],[122.87,-0.71],[122.78,-0.7],[122.74,-0.66],[122.78,-0.67],[122.81,-0.64],[122.84,-0.64],[122.86,-0.62],[122.89,-0.64],[122.9,-0.62],[122.95,-0.62],[122.94,-0.62],[122.96,-0.64],[122.97,-0.62],[123.04,-0.59],[123.05,-0.57],[123.26,-0.58],[123.41,-0.65],[123.39,-0.66],[123.39,-0.68],[123.42,-0.72],[123.44,-0.71],[123.43,-0.74],[123.46,-0.77],[123.43,-0.8],[123.44,-0.84],[123.39,-0.89],[123.4,-0.96],[123.37,-1.01],[123.32,-1.05],[123.27,-1.04],[123.24,-1.0],[123.14,-0.95],[123.13,-0.9],[123.15,-0.9],[123.15,-0.89],[123.1,-0.84],[123.06,-0.87],[123.06,-0.9],[123.04,-0.9],[123.03,-0.88],[123.04,-0.91],[123.0,-0.9],[122.8,-0.94],[122.79,-0.98],[122.8,-1.01],[122.73,-1.09],[122.71,-1.13],[122.67,-1.14],[122.66,-1.16],[122.64,-1.17],[122.63,-1.24],[122.56,-1.27],[122.56,-1.31],[122.44,-1.42],[122.4,-1.49],[122.33,-1.52]]],[[[122.61,-0.5],[122.56,-0.52],[122.53,-0.51],[122.54,-0.49],[122.6,-0.48],[122.62,-0.5],[122.62,-0.5],[122.61,-0.5]]]]}},{"type":"Feature","properties":{"id":"1607","nama":"Banyu Asin","prov":"Sumatera Selatan","ikk":93.55,"pdrb":25464.77,"pdrb_f":3787.17,"share":14.87},"geometry":{"type":"MultiPolygon","coordinates":[[[[104.61,-2.98],[104.63,-2.97],[104.64,-3.0],[104.62,-3.05],[104.59,-3.05],[104.58,-3.03],[104.55,-3.03],[104.53,-3.07],[104.48,-3.08],[104.46,-3.09],[104.46,-3.08],[104.43,-3.06],[104.43,-3.04],[104.43,-3.03],[104.4,-3.02],[104.37,-3.02],[104.36,-3.05],[104.32,-3.02],[104.28,-3.04],[104.23,-3.02],[104.19,-3.05],[104.17,-3.05],[104.18,-2.92],[104.23,-2.91],[104.23,-2.89],[104.17,-2.87],[104.2,-2.72],[104.3,-2.65],[104.28,-2.63],[104.21,-2.63],[104.16,-2.55],[104.13,-2.54],[104.12,-2.49],[104.12,-2.49],[104.09,-2.49],[104.06,-2.45],[104.06,-2.33],[104.09,-2.31],[104.16,-2.42],[104.28,-2.43],[104.35,-2.41],[104.48,-2.41],[104.54,-2.37],[104.55,-2.39],[104.68,-2.34],[104.64,-2.24],[104.56,-2.26],[104.53,-2.22],[104.49,-2.2],[104.47,-2.22],[104.38,-2.15],[104.37,-2.06],[104.37,-2.06],[104.35,-2.06],[104.35,-2.02],[104.16,-1.86],[104.14,-1.73],[104.34,-1.68],[104.38,-1.64],[104.42,-1.63],[104.46,-1.64],[104.52,-1.7],[104.54,-1.77],[104.47,-1.86],[104.47,-1.91],[104.52,-1.93],[104.55,-1.85],[104.64,-1.92],[104.68,-2.0],[104.84,-2.01],[104.88,-2.06],[104.91,-2.18],[104.85,-2.25],[104.92,-2.29],[104.91,-2.32],[104.93,-2.34],[104.93,-2.34],[105.0,-2.33],[105.04,-2.36],[105.12,-2.37],[105.21,-2.32],[105.3,-2.37],[105.51,-2.39],[105.57,-2.41],[105.53,-2.42],[105.47,-2.46],[105.33,-2.45],[105.31,-2.5],[105.26,-2.55],[105.23,-2.54],[105.22,-2.56],[105.2,-2.59],[105.21,-2.63],[105.17,-2.64],[105.21,-2.68],[105.22,-2.75],[105.26,-2.76],[105.25,-2.81],[105.28,-2.83],[105.26,-2.88],[105.27,-2.9],[105.29,-2.88],[105.3,-2.91],[105.29,-2.96],[105.3,-2.99],[105.26,-2.98],[105.2,-3.11],[105.1,-2.92],[105.07,-2.95],[105.09,-2.99],[105.08,-3.11],[105.05,-3.11],[105.05,-3.15],[104.96,-3.17],[104.89,-3.13],[104.88,-3.1],[104.86,-3.11],[104.83,-3.07],[104.8,-3.07],[104.79,-3.03],[104.82,-3.04],[104.87,-2.96],[104.83,-2.9],[104.77,-2.92],[104.73,-2.9],[104.72,-2.87],[104.7,-2.86],[104.67,-2.89],[104.68,-2.91],[104.67,-2.95],[104.68,-2.98],[104.63,-2.97],[104.65,-2.94],[104.62,-2.93],[104.61,-2.98]]]]}},{"type":"Feature","properties":{"id":"1606","nama":"Musi Banyuasin","prov":"Sumatera Selatan","ikk":94.16,"pdrb":55448.74,"pdrb_f":4352.65,"share":7.85},"geometry":{"type":"MultiPolygon","coordinates":[[[[103.78,-3.19],[103.79,-3.23],[103.77,-3.25],[103.74,-3.26],[103.71,-3.24],[103.66,-3.28],[103.63,-3.27],[103.65,-3.24],[103.6,-3.25],[103.58,-3.22],[103.53,-3.23],[103.49,-3.04],[103.41,-2.92],[103.43,-2.88],[103.35,-2.85],[103.27,-2.75],[103.34,-2.69],[103.37,-2.61],[103.35,-2.56],[103.28,-2.5],[103.27,-2.47],[103.23,-2.5],[103.24,-2.51],[103.22,-2.53],[103.18,-2.5],[103.16,-2.51],[103.14,-2.46],[103.15,-2.44],[103.15,-2.44],[103.12,-2.47],[103.07,-2.44],[103.05,-2.4],[103.01,-2.38],[103.0,-2.34],[103.04,-2.34],[103.04,-2.31],[103.14,-2.36],[103.21,-2.32],[103.18,-2.25],[103.18,-2.18],[103.21,-2.14],[103.25,-2.13],[103.35,-2.27],[103.45,-2.36],[103.47,-2.26],[103.46,-2.18],[103.55,-2.14],[103.54,-2.11],[103.57,-2.04],[103.56,-2.0],[103.5,-1.97],[103.53,-1.9],[103.63,-1.84],[103.74,-1.84],[103.96,-1.76],[104.14,-1.73],[104.16,-1.86],[104.35,-2.02],[104.35,-2.06],[104.37,-2.06],[104.37,-2.06],[104.38,-2.15],[104.47,-2.22],[104.49,-2.2],[104.53,-2.22],[104.56,-2.26],[104.64,-2.24],[104.68,-2.34],[104.55,-2.39],[104.54,-2.37],[104.48,-2.41],[104.35,-2.41],[104.28,-2.43],[104.16,-2.42],[104.09,-2.31],[104.06,-2.33],[104.06,-2.45],[104.09,-2.49],[104.12,-2.49],[104.12,-2.49],[104.13,-2.54],[104.16,-2.55],[104.21,-2.63],[104.28,-2.63],[104.3,-2.65],[104.25,-2.7],[104.23,-2.69],[104.18,-2.78],[104.17,-2.87],[104.23,-2.89],[104.23,-2.91],[104.18,-2.92],[104.17,-3.05],[104.14,-3.05],[104.13,-3.01],[104.07,-3.0],[104.02,-3.03],[103.95,-3.01],[103.91,-3.02],[103.89,-3.08],[103.82,-3.1],[103.78,-3.19]]]]}},{"type":"Feature","properties":{"id":"1609","nama":"Ogan Komering Ulu Timur","prov":"Sumatera Selatan","ikk":93.19,"pdrb":12995.24,"pdrb_f":2072.54,"share":15.95},"geometry":{"type":"MultiPolygon","coordinates":[[[[104.34,-4.41],[104.31,-4.52],[104.33,-4.61],[104.31,-4.64],[104.29,-4.62],[104.3,-4.56],[104.23,-4.5],[104.21,-4.44],[104.15,-4.41],[104.23,-4.35],[104.24,-4.27],[104.23,-4.24],[104.28,-4.24],[104.29,-4.21],[104.33,-4.2],[104.34,-4.13],[104.32,-4.12],[104.31,-4.07],[104.34,-4.05],[104.35,-4.01],[104.41,-4.0],[104.47,-3.94],[104.49,-3.95],[104.52,-3.89],[104.57,-3.89],[104.54,-3.86],[104.54,-3.81],[104.61,-3.71],[104.65,-3.65],[104.74,-3.65],[104.77,-3.69],[104.77,-3.72],[104.88,-3.8],[104.86,-3.89],[104.88,-3.91],[104.85,-3.94],[104.86,-3.96],[104.93,-3.95],[104.93,-3.98],[104.91,-4.01],[104.83,-4.07],[104.83,-4.1],[104.79,-4.13],[104.79,-4.17],[104.74,-4.23],[104.75,-4.25],[104.67,-4.26],[104.62,-4.24],[104.62,-4.21],[104.47,-4.31],[104.44,-4.3],[104.38,-4.35],[104.34,-4.41]]]]}},{"type":"Feature","properties":{"id":"8206","nama":"Halmahera Timur","prov":"Maluku Utara","ikk":116.32,"pdrb":5103.91,"pdrb_f":244.92,"share":4.8},"geometry":{"type":"MultiPolygon","coordinates":[[[[128.24,0.82],[128.21,0.81],[128.2,0.79],[128.24,0.73],[128.26,0.74],[128.32,0.66],[128.43,0.63],[128.57,0.56],[128.68,0.55],[128.68,0.51],[128.64,0.51],[128.62,0.44],[128.56,0.42],[128.51,0.44],[128.48,0.49],[128.36,0.51],[128.32,0.55],[128.27,0.55],[128.21,0.6],[128.12,0.59],[128.07,0.62],[128.06,0.64],[128.0,0.66],[127.95,0.63],[127.87,0.63],[127.85,0.62],[127.79,0.64],[127.76,0.75],[127.73,0.76],[127.7,0.83],[127.69,0.88],[127.74,0.82],[127.8,0.8],[127.85,0.81],[127.9,0.85],[127.93,0.88],[127.93,1.0],[127.98,1.09],[128.03,1.12],[128.17,1.12],[128.19,1.17],[128.2,1.2],[128.18,1.24],[128.15,1.25],[128.1,1.24],[128.09,1.25],[128.17,1.37],[128.35,1.46],[128.37,1.5],[128.47,1.55],[128.51,1.53],[128.56,1.57],[128.67,1.59],[128.73,1.57],[128.73,1.53],[128.7,1.54],[128.68,1.46],[128.72,1.41],[128.76,1.39],[128.69,1.2],[128.7,1.07],[128.61,1.04],[128.53,0.97],[128.5,0.97],[128.44,0.93],[128.34,0.91],[128.28,0.87],[128.31,0.82],[128.25,0.84],[128.24,0.82]]]]}},{"type":"Feature","properties":{"id":"1410","nama":"Kepulauan Meranti","prov":"Riau","ikk":103.0,"pdrb":15062.19,"pdrb_f":851.54,"share":5.65},"geometry":{"type":"MultiPolygon","coordinates":[[[[102.9,0.94],[103.05,0.82],[103.05,0.72],[103.02,0.69],[102.99,0.69],[102.93,0.77],[102.87,0.79],[102.68,0.79],[102.56,0.77],[102.44,0.82],[102.41,0.86],[102.44,0.94],[102.48,0.93],[102.6,1.0],[102.64,0.99],[102.74,1.02],[102.75,1.0],[102.78,1.0],[102.9,0.94]]],[[[102.54,1.13],[102.61,1.05],[102.61,1.01],[102.53,0.97],[102.5,0.94],[102.46,1.07],[102.48,1.13],[102.54,1.13]]],[[[102.78,1.02],[102.73,1.04],[102.64,1.01],[102.62,1.02],[102.66,1.03],[102.69,1.12],[102.74,1.15],[102.79,1.16],[102.97,1.09],[103.1,0.96],[103.15,0.9],[103.16,0.86],[103.13,0.83],[103.08,0.83],[102.88,0.97],[102.81,0.99],[102.79,1.03],[102.82,1.05],[102.78,1.02]]],[[[102.44,1.07],[102.48,0.95],[102.44,0.95],[102.39,0.91],[102.36,0.93],[102.28,1.01],[102.24,1.1],[102.25,1.17],[102.22,1.25],[102.21,1.28],[102.23,1.35],[102.21,1.41],[102.3,1.41],[102.34,1.37],[102.32,1.34],[102.33,1.35],[102.34,1.37],[102.48,1.24],[102.44,1.07]]],[[[103.08,0.72],[103.08,0.78],[103.11,0.8],[103.12,0.74],[103.08,0.72]]]]}},{"type":"Feature","properties":{"id":"1608","nama":"Ogan Komering Ulu Selatan","prov":"Sumatera Selatan","ikk":93.09,"pdrb":7177.61,"pdrb_f":1217.0,"share":16.96},"geometry":{"type":"MultiPolygon","coordinates":[[[[103.86,-4.91],[103.87,-4.85],[103.82,-4.82],[103.83,-4.8],[103.78,-4.8],[103.75,-4.74],[103.67,-4.73],[103.7,-4.7],[103.7,-4.67],[103.66,-4.61],[103.6,-4.6],[103.62,-4.56],[103.57,-4.52],[103.53,-4.57],[103.48,-4.58],[103.4,-4.52],[103.45,-4.38],[103.47,-4.35],[103.52,-4.38],[103.55,-4.36],[103.6,-4.36],[103.64,-4.29],[103.7,-4.29],[103.75,-4.24],[103.76,-4.25],[103.81,-4.22],[103.86,-4.35],[103.89,-4.36],[103.88,-4.38],[103.96,-4.42],[103.98,-4.44],[103.97,-4.47],[104.01,-4.45],[104.04,-4.46],[104.05,-4.43],[104.05,-4.43],[104.06,-4.43],[104.06,-4.45],[104.15,-4.41],[104.16,-4.42],[104.21,-4.44],[104.23,-4.5],[104.3,-4.56],[104.29,-4.62],[104.31,-4.64],[104.29,-4.7],[104.31,-4.75],[104.36,-4.79],[104.35,-4.81],[104.34,-4.82],[104.37,-4.82],[104.36,-4.84],[104.32,-4.88],[104.33,-4.82],[104.31,-4.8],[104.23,-4.87],[104.19,-4.86],[104.15,-4.92],[104.09,-4.92],[104.06,-4.89],[103.96,-4.91],[103.94,-4.89],[103.91,-4.96],[103.86,-4.91]]]]}},{"type":"Feature","properties":{"id":"8205","nama":"Halmahera Utara","prov":"Maluku Utara","ikk":107.37,"pdrb":4265.42,"pdrb_f":288.87,"share":6.77},"geometry":{"type":"MultiPolygon","coordinates":[[[[127.73,1.06],[127.66,1.03],[127.63,0.97],[127.63,0.92],[127.66,0.88],[127.65,0.88],[127.67,0.86],[127.67,0.88],[127.69,0.88],[127.71,0.82],[127.68,0.83],[127.63,0.88],[127.59,0.97],[127.62,1.03],[127.6,1.11],[127.63,1.12],[127.62,1.14],[127.64,1.17],[127.62,1.24],[127.65,1.25],[127.64,1.32],[127.68,1.38],[127.66,1.42],[127.68,1.44],[127.67,1.46],[127.7,1.47],[127.73,1.54],[127.74,1.6],[127.7,1.71],[127.74,1.86],[127.79,1.91],[127.77,1.96],[127.75,1.95],[127.74,1.97],[127.84,2.09],[127.96,2.2],[127.96,2.22],[127.98,2.18],[128.05,2.2],[128.07,2.17],[127.96,2.04],[127.95,1.99],[127.85,1.92],[127.84,1.85],[127.86,1.81],[127.94,1.81],[127.96,1.77],[127.99,1.76],[128.02,1.7],[127.99,1.67],[127.99,1.62],[128.04,1.58],[128.01,1.43],[128.02,1.4],[127.99,1.38],[128.01,1.31],[127.98,1.31],[127.97,1.28],[127.92,1.23],[127.9,1.15],[127.83,1.15],[127.76,1.07],[127.73,1.06]]],[[[127.74,2.18],[127.76,2.19],[127.78,2.16],[127.74,2.18]]],[[[127.78,2.29],[127.78,2.27],[127.83,2.27],[127.82,2.23],[127.79,2.22],[127.77,2.22],[127.76,2.26],[127.78,2.29]]]]}},{"type":"Feature","properties":{"id":"1603","nama":"Muara Enim","prov":"Sumatera Selatan","ikk":96.14,"pdrb":58300.21,"pdrb_f":2373.06,"share":4.07},"geometry":{"type":"MultiPolygon","coordinates":[[[[103.62,-4.22],[103.62,-4.29],[103.6,-4.36],[103.55,-4.36],[103.52,-4.38],[103.46,-4.33],[103.33,-4.29],[103.31,-4.25],[103.41,-4.17],[103.45,-4.18],[103.44,-4.16],[103.47,-4.1],[103.5,-4.13],[103.51,-4.11],[103.55,-4.12],[103.6,-4.0],[103.64,-3.97],[103.63,-3.94],[103.7,-3.9],[103.72,-3.76],[103.76,-3.74],[103.73,-3.69],[103.77,-3.69],[103.77,-3.67],[103.74,-3.64],[103.77,-3.58],[103.73,-3.58],[103.63,-3.51],[103.57,-3.55],[103.54,-3.55],[103.54,-3.49],[103.61,-3.42],[103.62,-3.35],[103.61,-3.34],[103.62,-3.33],[103.65,-3.35],[103.69,-3.33],[103.76,-3.34],[103.81,-3.31],[103.85,-3.31],[103.9,-3.33],[103.88,-3.37],[103.91,-3.37],[103.9,-3.35],[103.93,-3.4],[104.02,-3.41],[104.02,-3.36],[104.12,-3.36],[104.15,-3.4],[104.13,-3.49],[104.14,-3.5],[104.14,-3.54],[104.14,-3.53],[104.15,-3.54],[104.19,-3.55],[104.25,-3.54],[104.24,-3.57],[104.27,-3.58],[104.31,-3.56],[104.3,-3.6],[104.32,-3.62],[104.44,-3.56],[104.48,-3.61],[104.44,-3.68],[104.38,-3.72],[104.36,-3.77],[104.31,-3.77],[104.29,-3.76],[104.27,-3.77],[104.23,-3.87],[104.17,-3.87],[104.12,-3.9],[103.99,-3.92],[103.95,-3.89],[103.89,-3.92],[103.89,-3.97],[103.79,-4.04],[103.77,-4.07],[103.7,-4.09],[103.71,-4.18],[103.62,-4.22]]],[[[104.45,-3.49],[104.41,-3.5],[104.3,-3.49],[104.36,-3.37],[104.31,-3.35],[104.21,-3.36],[104.24,-3.27],[104.21,-3.25],[104.23,-3.21],[104.26,-3.03],[104.32,-3.02],[104.36,-3.05],[104.37,-3.02],[104.42,-3.02],[104.43,-3.03],[104.43,-3.04],[104.43,-3.06],[104.48,-3.08],[104.53,-3.07],[104.55,-3.03],[104.58,-3.03],[104.6,-3.05],[104.63,-3.02],[104.66,-3.05],[104.68,-3.03],[104.69,-3.06],[104.63,-3.1],[104.48,-3.12],[104.54,-3.17],[104.52,-3.16],[104.51,-3.2],[104.54,-3.2],[104.57,-3.24],[104.54,-3.27],[104.54,-3.35],[104.51,-3.39],[104.43,-3.43],[104.45,-3.49]]]]}},{"type":"Feature","properties":{"id":"8208","nama":"Pulau Taliabu","prov":"Maluku Utara","ikk":114.82,"pdrb":1316.18,"pdrb_f":42.79,"share":3.25},"geometry":{"type":"MultiPolygon","coordinates":[[[[124.41,-2.05],[124.39,-2.07],[124.37,-2.06],[124.38,-2.04],[124.41,-2.05]]],[[[124.34,-1.98],[124.36,-1.97],[124.38,-1.99],[124.37,-2.04],[124.36,-2.04],[124.32,-2.0],[124.3,-2.01],[124.31,-1.98],[124.34,-1.98]]],[[[124.34,-1.88],[124.38,-1.68],[124.4,-1.66],[124.5,-1.66],[124.53,-1.63],[124.53,-1.67],[124.57,-1.64],[124.64,-1.64],[124.81,-1.69],[124.81,-1.67],[124.87,-1.68],[124.9,-1.71],[124.96,-1.7],[125.0,-1.73],[125.02,-1.72],[125.02,-1.76],[125.05,-1.77],[125.06,-1.74],[125.07,-1.77],[125.1,-1.76],[125.11,-1.75],[125.09,-1.75],[125.11,-1.73],[125.11,-1.69],[125.13,-1.68],[125.15,-1.72],[125.16,-1.7],[125.2,-1.73],[125.18,-1.78],[125.21,-1.79],[125.23,-1.76],[125.22,-1.74],[125.26,-1.72],[125.3,-1.74],[125.29,-1.77],[125.27,-1.79],[125.32,-1.78],[125.32,-1.89],[125.23,-1.87],[125.13,-1.88],[125.1,-1.9],[125.04,-1.89],[125.01,-1.9],[125.01,-1.94],[124.89,-1.93],[124.86,-1.89],[124.77,-1.92],[124.68,-1.98],[124.52,-2.02],[124.49,-2.01],[124.51,-1.99],[124.53,-2.01],[124.57,-2.0],[124.52,-1.98],[124.48,-2.03],[124.41,-2.03],[124.39,-1.97],[124.34,-1.91],[124.34,-1.88]]]]}},{"type":"Feature","properties":{"id":"1602","nama":"Ogan Komering Ilir","prov":"Sumatera Selatan","ikk":93.14,"pdrb":29172.06,"pdrb_f":3002.91,"share":10.29},"geometry":{"type":"MultiPolygon","coordinates":[[[[105.02,-4.16],[104.79,-4.26],[104.74,-4.25],[104.79,-4.13],[104.83,-4.1],[104.83,-4.07],[104.91,-4.01],[104.93,-3.95],[104.9,-3.94],[104.86,-3.96],[104.85,-3.94],[104.88,-3.91],[104.86,-3.89],[104.88,-3.8],[104.77,-3.72],[104.77,-3.69],[104.74,-3.65],[104.64,-3.66],[104.65,-3.53],[104.7,-3.47],[104.74,-3.49],[104.82,-3.45],[104.81,-3.41],[104.83,-3.32],[104.79,-3.25],[104.81,-3.23],[104.8,-3.17],[104.82,-3.15],[104.81,-3.13],[104.79,-3.13],[104.79,-3.08],[104.83,-3.07],[104.86,-3.11],[104.88,-3.1],[104.89,-3.13],[104.96,-3.17],[105.05,-3.15],[105.05,-3.11],[105.08,-3.11],[105.09,-2.99],[105.07,-2.95],[105.1,-2.92],[105.19,-3.11],[105.22,-3.1],[105.22,-3.04],[105.26,-2.98],[105.3,-2.99],[105.29,-2.96],[105.3,-2.91],[105.29,-2.88],[105.27,-2.9],[105.26,-2.88],[105.28,-2.83],[105.25,-2.81],[105.26,-2.76],[105.22,-2.75],[105.21,-2.68],[105.17,-2.64],[105.21,-2.63],[105.2,-2.59],[105.23,-2.54],[105.26,-2.55],[105.31,-2.5],[105.31,-2.48],[105.35,-2.45],[105.47,-2.46],[105.53,-2.42],[105.62,-2.39],[105.63,-2.43],[105.6,-2.54],[105.63,-2.63],[105.69,-2.68],[105.79,-2.69],[105.78,-2.85],[105.85,-2.95],[105.89,-2.97],[105.96,-2.94],[106.04,-2.99],[106.05,-3.12],[106.1,-3.24],[105.93,-3.36],[105.89,-3.42],[105.83,-3.57],[105.83,-3.7],[105.85,-3.74],[105.92,-3.77],[105.96,-3.82],[105.87,-4.01],[105.85,-4.17],[105.78,-4.11],[105.75,-4.14],[105.7,-4.14],[105.71,-4.11],[105.69,-4.1],[105.68,-4.08],[105.65,-4.09],[105.66,-4.05],[105.6,-4.05],[105.63,-4.0],[105.59,-3.95],[105.61,-3.94],[105.6,-3.92],[105.56,-3.93],[105.57,-3.9],[105.55,-3.88],[105.52,-3.89],[105.52,-3.84],[105.43,-3.83],[105.43,-3.78],[105.39,-3.78],[105.36,-3.8],[105.33,-3.72],[105.3,-3.79],[105.28,-3.8],[105.29,-3.84],[105.28,-3.88],[105.24,-3.91],[105.2,-3.89],[105.16,-3.94],[105.14,-3.94],[105.13,-3.99],[105.11,-4.02],[105.12,-4.05],[105.09,-4.05],[105.06,-4.1],[105.07,-4.12],[105.02,-4.16]]]]}},{"type":"Feature","properties":{"id":"8207","nama":"Pulau Morotai","prov":"Maluku Utara","ikk":119.87,"pdrb":1251.44,"pdrb_f":105.59,"share":8.44},"geometry":{"type":"MultiPolygon","coordinates":[[[[128.18,2.37],[128.18,2.29],[128.14,2.3],[128.14,2.34],[128.16,2.41],[128.18,2.37]]],[[[128.52,2.08],[128.5,2.06],[128.3,2.04],[128.26,1.98],[128.29,2.06],[128.25,2.13],[128.25,2.25],[128.22,2.28],[128.2,2.28],[128.28,2.37],[128.3,2.44],[128.47,2.59],[128.53,2.58],[128.57,2.64],[128.63,2.56],[128.63,2.53],[128.69,2.5],[128.69,2.47],[128.69,2.42],[128.65,2.36],[128.65,2.31],[128.62,2.22],[128.58,2.14],[128.58,2.11],[128.52,2.08]]]]}},{"type":"Feature","properties":{"id":"1605","nama":"Musi Rawas","prov":"Sumatera Selatan","ikk":92.86,"pdrb":16699.66,"pdrb_f":877.86,"share":5.26},"geometry":{"type":"MultiPolygon","coordinates":[[[[102.99,-3.37],[102.97,-3.36],[102.97,-3.26],[102.93,-3.26],[102.95,-3.25],[102.92,-3.19],[102.92,-3.15],[102.88,-3.16],[102.86,-3.13],[102.83,-3.17],[102.81,-3.18],[102.82,-3.24],[102.76,-3.27],[102.74,-3.32],[102.68,-3.32],[102.64,-3.35],[102.51,-3.27],[102.49,-3.24],[102.51,-3.22],[102.49,-3.2],[102.49,-3.11],[102.69,-3.01],[102.88,-2.98],[102.88,-2.92],[102.91,-2.93],[102.9,-2.88],[102.95,-2.88],[103.02,-2.85],[103.1,-2.85],[103.1,-2.79],[103.13,-2.77],[103.27,-2.75],[103.35,-2.85],[103.43,-2.88],[103.41,-2.92],[103.49,-3.04],[103.52,-3.22],[103.56,-3.24],[103.59,-3.22],[103.6,-3.25],[103.65,-3.24],[103.63,-3.27],[103.6,-3.27],[103.55,-3.26],[103.62,-3.33],[103.62,-3.38],[103.59,-3.46],[103.57,-3.46],[103.54,-3.49],[103.55,-3.53],[103.53,-3.6],[103.51,-3.59],[103.49,-3.51],[103.43,-3.52],[103.41,-3.5],[103.42,-3.53],[103.37,-3.53],[103.32,-3.51],[103.2,-3.5],[103.18,-3.46],[103.11,-3.49],[103.04,-3.42],[102.99,-3.41],[102.99,-3.37]]]]}},{"type":"Feature","properties":{"id":"8202","nama":"Halmahera Tengah","prov":"Maluku Utara","ikk":116.75,"pdrb":29581.23,"pdrb_f":638.11,"share":2.16},"geometry":{"type":"MultiPolygon","coordinates":[[[[127.92,0.26],[127.92,0.18],[127.9,0.18],[127.88,0.13],[127.83,0.12],[127.79,0.15],[127.82,0.21],[127.8,0.25],[127.82,0.27],[127.8,0.32],[127.81,0.37],[127.77,0.45],[127.78,0.49],[127.8,0.48],[127.83,0.54],[127.83,0.58],[127.79,0.63],[127.81,0.65],[127.85,0.62],[127.87,0.63],[127.95,0.63],[128.0,0.66],[128.06,0.64],[128.07,0.62],[128.12,0.59],[128.21,0.6],[128.27,0.55],[128.32,0.55],[128.36,0.51],[128.48,0.49],[128.51,0.44],[128.56,0.42],[128.62,0.44],[128.64,0.51],[128.68,0.51],[128.69,0.4],[128.67,0.36],[128.69,0.33],[128.84,0.29],[128.89,0.21],[128.85,0.26],[128.56,0.32],[128.46,0.4],[128.28,0.4],[128.24,0.42],[128.23,0.41],[128.18,0.43],[128.17,0.46],[127.97,0.48],[127.9,0.44],[127.91,0.36],[127.89,0.37],[127.86,0.3],[127.92,0.27],[127.92,0.26]]],[[[128.82,0.56],[128.86,0.49],[128.82,0.53],[128.82,0.56]]],[[[129.36,0.01],[129.55,-0.13],[129.57,-0.18],[129.56,-0.21],[129.52,-0.2],[129.5,-0.15],[129.47,-0.14],[129.48,-0.12],[129.46,-0.09],[129.38,-0.07],[129.36,-0.0],[129.29,0.03],[129.29,0.05],[129.36,0.01]]],[[[129.64,-0.04],[129.66,-0.07],[129.64,-0.07],[129.62,-0.03],[129.63,-0.06],[129.59,-0.05],[129.58,-0.01],[129.6,-0.0],[129.64,-0.04]]]]}},{"type":"Feature","properties":{"id":"1604","nama":"Lahat","prov":"Sumatera Selatan","ikk":85.13,"pdrb":16508.01,"pdrb_f":1110.45,"share":6.73},"geometry":{"type":"MultiPolygon","coordinates":[[[[103.1,-4.01],[103.11,-4.02],[103.14,-3.98],[103.11,-3.92],[103.12,-3.86],[103.13,-3.85],[103.14,-3.85],[103.17,-3.8],[103.11,-3.73],[103.1,-3.65],[103.13,-3.64],[103.17,-3.51],[103.19,-3.49],[103.37,-3.53],[103.42,-3.53],[103.41,-3.5],[103.43,-3.52],[103.49,-3.51],[103.52,-3.6],[103.54,-3.59],[103.54,-3.55],[103.57,-3.55],[103.63,-3.51],[103.73,-3.58],[103.77,-3.58],[103.74,-3.64],[103.77,-3.67],[103.77,-3.69],[103.73,-3.69],[103.76,-3.74],[103.72,-3.76],[103.71,-3.86],[103.7,-3.9],[103.63,-3.94],[103.64,-3.97],[103.6,-4.0],[103.55,-4.12],[103.51,-4.11],[103.5,-4.13],[103.47,-4.1],[103.44,-4.16],[103.45,-4.18],[103.41,-4.17],[103.31,-4.25],[103.36,-4.16],[103.36,-4.1],[103.4,-4.06],[103.41,-3.99],[103.36,-4.0],[103.33,-4.04],[103.3,-4.04],[103.28,-4.03],[103.29,-4.01],[103.22,-3.99],[103.12,-4.02],[103.19,-4.22],[103.18,-4.24],[103.08,-4.26],[103.05,-4.22],[103.06,-4.2],[102.92,-4.1],[102.91,-4.06],[102.96,-4.06],[103.0,-4.02],[103.1,-4.01]]]]}},{"type":"Feature","properties":{"id":"8201","nama":"Halmahera Barat","prov":"Maluku Utara","ikk":105.54,"pdrb":1797.12,"pdrb_f":83.07,"share":4.62},"geometry":{"type":"MultiPolygon","coordinates":[[[[127.62,1.14],[127.63,1.12],[127.6,1.11],[127.62,1.03],[127.59,0.97],[127.61,0.92],[127.67,0.84],[127.71,0.82],[127.73,0.76],[127.63,0.78],[127.64,0.85],[127.62,0.84],[127.63,0.86],[127.56,0.86],[127.55,0.88],[127.53,0.86],[127.55,0.88],[127.5,0.89],[127.49,0.92],[127.51,0.97],[127.47,1.01],[127.49,1.01],[127.49,1.06],[127.43,1.05],[127.42,1.03],[127.4,1.05],[127.41,1.05],[127.4,1.08],[127.43,1.14],[127.4,1.2],[127.41,1.23],[127.52,1.44],[127.54,1.51],[127.53,1.55],[127.51,1.56],[127.55,1.59],[127.54,1.65],[127.56,1.66],[127.56,1.64],[127.56,1.66],[127.58,1.66],[127.58,1.69],[127.55,1.71],[127.58,1.72],[127.57,1.76],[127.65,1.82],[127.66,1.88],[127.71,1.95],[127.77,1.96],[127.79,1.91],[127.74,1.86],[127.71,1.75],[127.73,1.54],[127.7,1.47],[127.67,1.46],[127.68,1.44],[127.66,1.42],[127.68,1.38],[127.64,1.32],[127.65,1.25],[127.62,1.24],[127.64,1.17],[127.62,1.14]]],[[[127.53,1.71],[127.54,1.69],[127.5,1.67],[127.52,1.72],[127.53,1.71]]]]}},{"type":"Feature","properties":{"id":"7326","nama":"Toraja Utara","prov":"Sulawesi Selatan","ikk":101.42,"pdrb":6452.38,"pdrb_f":799.38,"share":12.39},"geometry":{"type":"MultiPolygon","coordinates":[[[[119.87,-3.03],[119.86,-3.05],[119.84,-3.01],[119.81,-3.02],[119.81,-2.95],[119.79,-2.93],[119.77,-2.96],[119.71,-2.95],[119.67,-2.77],[119.75,-2.71],[119.75,-2.67],[119.85,-2.61],[119.87,-2.75],[119.91,-2.78],[119.96,-2.81],[119.95,-2.86],[120.05,-2.88],[120.05,-2.95],[120.07,-2.94],[120.05,-2.98],[120.09,-3.02],[120.02,-3.07],[120.04,-3.13],[119.99,-3.19],[119.96,-3.17],[119.99,-3.13],[119.96,-3.09],[119.89,-3.05],[119.89,-3.03],[119.87,-3.03]]]]}},{"type":"Feature","properties":{"id":"8204","nama":"Halmahera Selatan","prov":"Maluku Utara","ikk":105.47,"pdrb":18130.13,"pdrb_f":308.36,"share":1.7},"geometry":{"type":"MultiPolygon","coordinates":[[[[127.19,-0.52],[127.14,-0.52],[127.12,-0.51],[127.14,-0.5],[127.11,-0.49],[127.16,-0.47],[127.1,-0.42],[127.12,-0.41],[127.11,-0.39],[127.13,-0.36],[127.14,-0.31],[127.11,-0.28],[127.15,-0.26],[127.24,-0.25],[127.27,-0.28],[127.31,-0.27],[127.3,-0.29],[127.26,-0.29],[127.25,-0.34],[127.29,-0.37],[127.29,-0.4],[127.26,-0.41],[127.28,-0.45],[127.26,-0.47],[127.27,-0.49],[127.23,-0.49],[127.23,-0.51],[127.19,-0.52]]],[[[127.08,-0.24],[127.09,-0.26],[127.04,-0.29],[127.02,-0.26],[127.04,-0.27],[127.04,-0.24],[127.06,-0.23],[127.08,-0.24]]],[[[127.15,-0.18],[127.11,-0.25],[127.09,-0.25],[127.1,-0.23],[127.13,-0.18],[127.15,-0.18]]],[[[127.21,-0.68],[127.22,-0.64],[127.19,-0.62],[127.26,-0.61],[127.27,-0.62],[127.25,-0.63],[127.25,-0.64],[127.3,-0.68],[127.29,-0.7],[127.3,-0.74],[127.33,-0.79],[127.3,-0.8],[127.25,-0.77],[127.23,-0.78],[127.18,-0.77],[127.17,-0.71],[127.21,-0.68]]],[[[127.3,-0.5],[127.29,-0.53],[127.28,-0.52],[127.28,-0.49],[127.3,-0.5]]],[[[127.27,-0.07],[127.26,-0.13],[127.22,-0.14],[127.2,-0.12],[127.23,-0.11],[127.24,-0.08],[127.27,-0.07]]],[[[127.65,-1.83],[127.64,-1.85],[127.58,-1.86],[127.58,-1.83],[127.65,-1.83]]],[[[127.36,-1.38],[127.38,-1.37],[127.37,-1.38],[127.4,-1.41],[127.33,-1.45],[127.29,-1.43],[127.29,-1.41],[127.32,-1.39],[127.32,-1.37],[127.34,-1.39],[127.34,-1.36],[127.35,-1.38],[127.36,-1.38]]],[[[127.41,-1.31],[127.43,-1.32],[127.41,-1.33],[127.37,-1.32],[127.41,-1.31]]],[[[127.6,-1.21],[127.7,-1.23],[127.69,-1.28],[127.67,-1.29],[127.56,-1.25],[127.49,-1.27],[127.47,-1.25],[127.51,-1.18],[127.55,-1.17],[127.6,-1.21]]],[[[127.41,-1.2],[127.4,-1.15],[127.41,-1.14],[127.44,-1.19],[127.43,-1.22],[127.41,-1.2]]],[[[127.5,-0.8],[127.48,-0.82],[127.46,-0.81],[127.44,-0.74],[127.48,-0.63],[127.42,-0.61],[127.41,-0.62],[127.31,-0.51],[127.3,-0.44],[127.32,-0.43],[127.34,-0.38],[127.32,-0.33],[127.37,-0.32],[127.45,-0.42],[127.52,-0.3],[127.57,-0.31],[127.59,-0.38],[127.61,-0.38],[127.62,-0.41],[127.65,-0.42],[127.69,-0.47],[127.6,-0.58],[127.6,-0.62],[127.64,-0.63],[127.65,-0.68],[127.67,-0.71],[127.8,-0.68],[127.86,-0.71],[127.88,-0.76],[127.9,-0.77],[127.91,-0.79],[127.88,-0.78],[127.9,-0.8],[127.88,-0.8],[127.87,-0.83],[127.83,-0.85],[127.74,-0.87],[127.76,-0.86],[127.69,-0.84],[127.66,-0.81],[127.66,-0.78],[127.64,-0.74],[127.5,-0.8]]],[[[127.34,-0.6],[127.38,-0.61],[127.41,-0.64],[127.41,-0.66],[127.38,-0.67],[127.37,-0.65],[127.37,-0.67],[127.34,-0.65],[127.32,-0.61],[127.34,-0.6]]],[[[127.47,-0.04],[127.43,0.02],[127.4,0.02],[127.43,0.14],[127.46,0.13],[127.44,0.1],[127.45,0.07],[127.47,0.07],[127.47,-0.04]]],[[[127.36,0.3],[127.34,0.33],[127.36,0.35],[127.4,0.37],[127.42,0.37],[127.44,0.34],[127.43,0.29],[127.4,0.28],[127.36,0.3]]],[[[127.87,-1.44],[127.89,-1.43],[127.94,-1.45],[128.01,-1.53],[128.08,-1.57],[128.07,-1.58],[128.12,-1.57],[128.17,-1.62],[128.16,-1.68],[128.09,-1.72],[128.02,-1.73],[127.98,-1.7],[127.89,-1.68],[127.82,-1.7],[127.72,-1.69],[127.66,-1.73],[127.62,-1.72],[127.6,-1.74],[127.51,-1.73],[127.4,-1.65],[127.4,-1.54],[127.44,-1.43],[127.42,-1.42],[127.44,-1.41],[127.44,-1.43],[127.5,-1.45],[127.51,-1.42],[127.58,-1.36],[127.64,-1.33],[127.67,-1.35],[127.67,-1.33],[127.7,-1.35],[127.71,-1.34],[127.76,-1.35],[127.78,-1.38],[127.79,-1.37],[127.8,-1.41],[127.87,-1.44]]],[[[128.04,-0.7],[128.0,-0.67],[127.86,-0.37],[127.71,-0.29],[127.66,-0.22],[127.7,-0.1],[127.7,-0.01],[127.74,0.02],[127.77,0.03],[127.78,0.0],[127.82,0.03],[127.8,0.06],[127.79,0.15],[127.83,0.12],[127.88,0.13],[127.9,0.18],[127.92,0.18],[127.93,0.11],[127.89,0.08],[127.89,-0.0],[127.96,-0.16],[127.99,-0.28],[128.08,-0.46],[128.06,-0.47],[128.08,-0.46],[128.21,-0.7],[128.46,-0.91],[128.38,-0.88],[128.35,-0.89],[128.31,-0.86],[128.29,-0.88],[128.23,-0.84],[128.25,-0.82],[128.28,-0.84],[128.23,-0.78],[128.25,-0.77],[128.22,-0.77],[128.23,-0.75],[128.22,-0.77],[128.04,-0.7]]],[[[127.75,-0.35],[127.76,-0.37],[127.74,-0.38],[127.73,-0.4],[127.74,-0.33],[127.75,-0.35]]],[[[128.36,-1.61],[128.35,-1.65],[128.32,-1.67],[128.3,-1.65],[128.32,-1.61],[128.36,-1.61]]],[[[128.39,-1.08],[128.45,-1.12],[128.4,-1.1],[128.37,-1.12],[128.36,-1.09],[128.34,-1.1],[128.36,-1.07],[128.39,-1.08]]],[[[128.33,-0.94],[128.34,-0.98],[128.41,-0.99],[128.42,-1.02],[128.4,-1.04],[128.35,-1.03],[128.33,-1.02],[128.34,-0.98],[128.31,-0.96],[128.31,-0.95],[128.33,-0.94]]],[[[128.4,-0.55],[128.37,-0.54],[128.35,-0.55],[128.37,-0.56],[128.34,-0.55],[128.37,-0.53],[128.4,-0.55]]]]}},{"type":"Feature","properties":{"id":"7325","nama":"Luwu Timur","prov":"Sulawesi Selatan","ikk":103.08,"pdrb":19202.18,"pdrb_f":1898.43,"share":9.89},"geometry":{"type":"MultiPolygon","coordinates":[[[[120.92,-2.66],[120.89,-2.64],[120.85,-2.66],[120.81,-2.62],[120.68,-2.65],[120.66,-2.67],[120.64,-2.6],[120.52,-2.38],[120.53,-2.33],[120.47,-2.25],[120.52,-2.14],[120.51,-2.07],[120.52,-2.05],[120.61,-2.16],[120.72,-2.23],[120.88,-2.22],[120.99,-2.24],[121.03,-2.28],[121.1,-2.27],[121.18,-2.37],[121.23,-2.36],[121.44,-2.41],[121.56,-2.49],[121.63,-2.49],[121.65,-2.54],[121.69,-2.53],[121.79,-2.66],[121.72,-2.77],[121.72,-2.81],[121.67,-2.84],[121.69,-2.9],[121.64,-2.89],[121.54,-2.92],[121.5,-2.94],[121.5,-2.97],[121.46,-3.01],[121.35,-2.97],[121.33,-2.94],[121.36,-2.9],[121.32,-2.81],[121.24,-2.83],[121.22,-2.86],[121.2,-2.86],[121.17,-2.82],[121.08,-2.78],[120.99,-2.83],[120.98,-2.81],[121.02,-2.81],[121.03,-2.77],[121.06,-2.77],[121.1,-2.72],[121.04,-2.69],[121.04,-2.66],[121.06,-2.65],[121.02,-2.65],[121.02,-2.67],[121.0,-2.68],[120.92,-2.66]]]]}},{"type":"Feature","properties":{"id":"8203","nama":"Kepulauan Sula","prov":"Maluku Utara","ikk":118.4,"pdrb":1992.02,"pdrb_f":184.09,"share":9.24},"geometry":{"type":"MultiPolygon","coordinates":[[[[125.93,-2.27],[125.88,-2.21],[125.89,-2.17],[125.86,-2.06],[125.91,-1.97],[125.99,-2.02],[125.98,-2.06],[125.96,-2.12],[125.96,-2.18],[126.07,-2.44],[126.05,-2.48],[125.99,-2.44],[125.93,-2.27]]],[[[125.72,-1.93],[125.42,-1.95],[125.43,-1.89],[125.37,-1.85],[125.36,-1.89],[125.33,-1.88],[125.33,-1.83],[125.35,-1.81],[125.38,-1.81],[125.36,-1.8],[125.37,-1.78],[125.41,-1.78],[125.43,-1.81],[125.46,-1.78],[125.48,-1.78],[125.47,-1.8],[125.5,-1.82],[125.54,-1.79],[125.54,-1.81],[125.65,-1.82],[125.73,-1.83],[125.78,-1.8],[125.82,-1.81],[125.91,-1.79],[126.2,-1.81],[126.3,-1.83],[126.35,-1.82],[126.25,-1.88],[126.21,-1.87],[126.14,-1.89],[126.07,-1.88],[125.92,-1.94],[125.84,-1.9],[125.79,-1.91],[125.78,-1.93],[125.72,-1.93]]],[[[126.45,-1.8],[126.49,-1.82],[126.46,-1.84],[126.35,-1.83],[126.45,-1.8]]]]}},{"type":"Feature","properties":{"id":"1601","nama":"Ogan Komering Ulu","prov":"Sumatera Selatan","ikk":85.79,"pdrb":12417.89,"pdrb_f":1270.75,"share":10.23},"geometry":{"type":"MultiPolygon","coordinates":[[[[104.23,-4.27],[104.24,-4.27],[104.23,-4.35],[104.15,-4.41],[104.06,-4.45],[104.06,-4.43],[104.05,-4.43],[104.05,-4.43],[104.04,-4.46],[104.01,-4.45],[103.97,-4.47],[103.98,-4.44],[103.96,-4.42],[103.88,-4.38],[103.89,-4.36],[103.86,-4.35],[103.81,-4.22],[103.76,-4.25],[103.75,-4.24],[103.7,-4.29],[103.64,-4.29],[103.62,-4.31],[103.62,-4.21],[103.71,-4.18],[103.7,-4.09],[103.77,-4.07],[103.79,-4.04],[103.89,-3.97],[103.89,-3.92],[103.96,-3.89],[103.99,-3.92],[104.12,-3.9],[104.17,-3.87],[104.23,-3.87],[104.23,-3.84],[104.29,-3.76],[104.31,-3.77],[104.38,-3.76],[104.41,-3.78],[104.42,-3.75],[104.46,-3.76],[104.55,-3.8],[104.54,-3.85],[104.57,-3.89],[104.52,-3.89],[104.49,-3.95],[104.47,-3.94],[104.41,-4.0],[104.35,-4.01],[104.34,-4.05],[104.31,-4.07],[104.32,-4.12],[104.34,-4.13],[104.33,-4.2],[104.29,-4.21],[104.28,-4.24],[104.23,-4.24],[104.23,-4.27]]]]}},{"type":"Feature","properties":{"id":"1872","nama":"Kota Metro","prov":"Lampung","ikk":84.73,"pdrb":5269.67,"pdrb_f":370.42,"share":7.03},"geometry":{"type":"MultiPolygon","coordinates":[[[[105.33,-5.16],[105.3,-5.18],[105.26,-5.16],[105.29,-5.11],[105.27,-5.1],[105.32,-5.05],[105.31,-5.08],[105.35,-5.06],[105.33,-5.16]]]]}},{"type":"Feature","properties":{"id":"7322","nama":"Luwu Utara","prov":"Sulawesi Selatan","ikk":99.98,"pdrb":10332.63,"pdrb_f":1226.29,"share":11.87},"geometry":{"type":"MultiPolygon","coordinates":[[[[120.25,-2.82],[120.13,-2.7],[120.13,-2.68],[120.1,-2.67],[120.08,-2.69],[120.0,-2.7],[119.87,-2.74],[119.85,-2.61],[119.8,-2.64],[119.71,-2.57],[119.73,-2.5],[119.69,-2.46],[119.72,-2.4],[119.69,-2.34],[119.67,-2.34],[119.63,-2.29],[119.63,-2.25],[119.76,-2.15],[119.77,-2.12],[119.81,-2.11],[119.83,-2.05],[119.87,-2.02],[119.91,-2.05],[119.99,-1.97],[120.09,-1.98],[120.18,-2.03],[120.27,-2.03],[120.34,-2.06],[120.39,-1.9],[120.47,-1.96],[120.52,-2.05],[120.51,-2.07],[120.52,-2.14],[120.47,-2.25],[120.53,-2.33],[120.52,-2.38],[120.64,-2.6],[120.66,-2.67],[120.57,-2.69],[120.53,-2.76],[120.29,-2.92],[120.27,-2.89],[120.28,-2.87],[120.25,-2.82]]]]}},{"type":"Feature","properties":{"id":"1871","nama":"Kota Bandar Lampung","prov":"Lampung","ikk":85.34,"pdrb":48502.05,"pdrb_f":5517.24,"share":11.38},"geometry":{"type":"MultiPolygon","coordinates":[[[[105.26,-5.46],[105.25,-5.49],[105.23,-5.49],[105.22,-5.45],[105.2,-5.45],[105.18,-5.41],[105.25,-5.33],[105.29,-5.36],[105.31,-5.36],[105.34,-5.41],[105.33,-5.48],[105.36,-5.51],[105.33,-5.5],[105.31,-5.45],[105.26,-5.46]]]]}},{"type":"Feature","properties":{"id":"3579","nama":"Kota Batu","prov":"Jawa Timur","ikk":95.11,"pdrb":14247.62,"pdrb_f":1700.29,"share":11.93},"geometry":{"type":"MultiPolygon","coordinates":[[[[112.57,-7.88],[112.6,-7.9],[112.58,-7.92],[112.47,-7.94],[112.5,-7.84],[112.48,-7.77],[112.53,-7.73],[112.57,-7.73],[112.59,-7.76],[112.56,-7.82],[112.57,-7.88]]]]}},{"type":"Feature","properties":{"id":"3578","nama":"Kota Surabaya","prov":"Jawa Timur","ikk":100.0,"pdrb":513934.51,"pdrb_f":50408.59,"share":9.81},"geometry":{"type":"MultiPolygon","coordinates":[[[[112.7,-7.34],[112.66,-7.35],[112.65,-7.32],[112.63,-7.31],[112.63,-7.26],[112.59,-7.22],[112.6,-7.2],[112.65,-7.19],[112.66,-7.21],[112.68,-7.19],[112.66,-7.21],[112.69,-7.23],[112.71,-7.22],[112.72,-7.2],[112.76,-7.2],[112.85,-7.28],[112.83,-7.34],[112.7,-7.34]]]]}},{"type":"Feature","properties":{"id":"3575","nama":"Kota Pasuruan","prov":"Jawa Timur","ikk":95.17,"pdrb":7385.22,"pdrb_f":416.41,"share":5.64},"geometry":{"type":"MultiPolygon","coordinates":[[[[112.94,-7.63],[112.95,-7.62],[112.95,-7.63],[112.92,-7.68],[112.9,-7.69],[112.89,-7.66],[112.87,-7.66],[112.87,-7.63],[112.94,-7.63]]]]}},{"type":"Feature","properties":{"id":"1409","nama":"Rokan Hilir","prov":"Riau","ikk":99.25,"pdrb":52027.36,"pdrb_f":783.61,"share":1.51},"geometry":{"type":"MultiPolygon","coordinates":[[[[100.53,1.28],[100.46,1.34],[100.46,1.37],[100.38,1.39],[100.28,1.47],[100.32,1.48],[100.34,1.44],[100.39,1.45],[100.42,1.53],[100.4,1.62],[100.42,1.66],[100.38,1.68],[100.35,1.73],[100.39,1.76],[100.39,1.76],[100.38,1.78],[100.3,1.79],[100.28,1.81],[100.28,1.86],[100.31,1.89],[100.32,2.03],[100.36,2.17],[100.3,2.34],[100.3,2.47],[100.29,2.48],[100.31,2.53],[100.33,2.54],[100.35,2.43],[100.4,2.32],[100.48,2.23],[100.57,2.16],[100.78,2.08],[100.88,1.97],[100.89,1.97],[100.87,2.05],[100.79,2.12],[100.77,2.28],[100.79,2.3],[100.89,2.31],[101.05,2.29],[101.07,2.23],[101.03,2.2],[101.05,2.2],[101.07,2.16],[101.09,2.18],[101.18,2.1],[101.16,2.06],[101.05,2.0],[101.06,1.96],[101.25,1.68],[101.33,1.5],[101.32,1.47],[101.3,1.49],[101.3,1.5],[101.28,1.51],[101.27,1.47],[101.19,1.45],[101.15,1.46],[101.15,1.45],[101.18,1.45],[101.16,1.44],[101.13,1.45],[101.11,1.43],[101.06,1.43],[101.06,1.38],[101.07,1.38],[101.01,1.32],[100.94,1.34],[100.93,1.39],[100.91,1.36],[100.87,1.35],[100.87,1.32],[100.77,1.32],[100.8,1.27],[100.78,1.24],[100.7,1.23],[100.66,1.29],[100.62,1.23],[100.53,1.28]]],[[[100.87,2.01],[100.81,2.07],[100.8,2.1],[100.82,2.09],[100.88,2.03],[100.89,2.0],[100.87,2.01]]],[[[100.67,2.19],[100.68,2.16],[100.64,2.19],[100.64,2.22],[100.67,2.19]]],[[[100.76,2.13],[100.73,2.16],[100.7,2.24],[100.72,2.27],[100.76,2.28],[100.76,2.21],[100.79,2.13],[100.76,2.13]]]]}},{"type":"Feature","properties":{"id":"3574","nama":"Kota Probolinggo","prov":"Jawa Timur","ikk":94.35,"pdrb":10455.38,"pdrb_f":633.79,"share":6.06},"geometry":{"type":"MultiPolygon","coordinates":[[[[113.24,-7.78],[113.24,-7.8],[113.22,-7.82],[113.21,-7.8],[113.18,-7.81],[113.16,-7.77],[113.22,-7.72],[113.24,-7.74],[113.24,-7.78]]]]}},{"type":"Feature","properties":{"id":"1408","nama":"Bengkalis","prov":"Riau","ikk":94.16,"pdrb":81005.06,"pdrb_f":3324.76,"share":4.1},"geometry":{"type":"MultiPolygon","coordinates":[[[[101.35,1.03],[101.28,1.06],[101.23,1.01],[101.11,1.02],[101.06,0.99],[101.04,1.01],[101.03,1.02],[100.99,1.1],[100.98,1.32],[101.01,1.32],[101.05,1.35],[101.06,1.43],[101.11,1.43],[101.13,1.45],[101.16,1.44],[101.18,1.45],[101.15,1.45],[101.15,1.46],[101.19,1.45],[101.27,1.47],[101.27,1.47],[101.26,1.49],[101.29,1.51],[101.32,1.47],[101.41,1.42],[101.44,1.49],[101.51,1.48],[101.58,1.54],[101.6,1.52],[101.63,1.54],[101.65,1.52],[101.69,1.52],[101.73,1.67],[101.83,1.6],[102.16,1.36],[102.16,1.2],[102.1,1.15],[102.09,1.12],[102.04,1.12],[102.05,1.06],[102.02,1.02],[101.98,0.98],[101.96,1.0],[101.93,1.0],[101.92,0.96],[101.9,0.95],[101.84,0.95],[101.88,1.01],[101.87,1.1],[101.81,1.17],[101.71,1.2],[101.54,0.93],[101.45,0.99],[101.45,1.01],[101.35,1.03]]],[[[101.73,2.04],[101.78,1.98],[101.79,1.94],[101.75,1.89],[101.74,1.77],[101.62,1.69],[101.45,1.73],[101.4,1.87],[101.38,1.91],[101.4,2.01],[101.44,2.05],[101.48,2.05],[101.46,2.05],[101.48,2.06],[101.52,2.03],[101.58,2.04],[101.59,2.09],[101.66,2.12],[101.7,2.1],[101.73,2.04]]],[[[102.5,1.31],[102.5,1.25],[102.4,1.32],[102.29,1.43],[102.19,1.44],[102.11,1.46],[102.03,1.53],[102.0,1.6],[102.06,1.61],[102.46,1.52],[102.5,1.47],[102.48,1.44],[102.5,1.43],[102.5,1.31]]]]}},{"type":"Feature","properties":{"id":"3577","nama":"Kota Madiun","prov":"Jawa Timur","ikk":93.54,"pdrb":13146.6,"pdrb_f":787.42,"share":5.99},"geometry":{"type":"MultiPolygon","coordinates":[[[[111.55,-7.64],[111.53,-7.66],[111.5,-7.63],[111.5,-7.61],[111.55,-7.6],[111.55,-7.64]]]]}},{"type":"Feature","properties":{"id":"3576","nama":"Kota Mojokerto","prov":"Jawa Timur","ikk":94.15,"pdrb":5990.39,"pdrb_f":594.47,"share":9.92},"geometry":{"type":"MultiPolygon","coordinates":[[[[112.45,-7.48],[112.41,-7.49],[112.42,-7.46],[112.47,-7.46],[112.45,-7.48]]]]}},{"type":"Feature","properties":{"id":"3571","nama":"Kota Kediri","prov":"Jawa Timur","ikk":91.53,"pdrb":96421.9,"pdrb_f":1958.15,"share":2.03},"geometry":{"type":"MultiPolygon","coordinates":[[[[112.04,-7.82],[112.08,-7.83],[112.07,-7.88],[112.0,-7.85],[112.01,-7.84],[111.96,-7.82],[111.96,-7.8],[112.01,-7.77],[112.0,-7.79],[112.04,-7.82]]]]}},{"type":"Feature","properties":{"id":"1405","nama":"Siak","prov":"Riau","ikk":93.87,"pdrb":65273.26,"pdrb_f":3201.46,"share":4.9},"geometry":{"type":"MultiPolygon","coordinates":[[[[101.92,0.52],[101.91,0.45],[101.88,0.46],[101.89,0.51],[101.82,0.5],[101.82,0.45],[101.83,0.43],[101.79,0.41],[101.73,0.45],[101.67,0.44],[101.64,0.49],[101.67,0.5],[101.66,0.52],[101.59,0.52],[101.59,0.61],[101.57,0.64],[101.55,0.64],[101.54,0.68],[101.51,0.68],[101.48,0.65],[101.38,0.71],[101.34,0.7],[101.32,0.72],[101.33,0.8],[101.28,0.82],[101.28,0.85],[101.25,0.84],[101.08,0.92],[101.08,0.91],[101.08,0.9],[101.04,0.89],[101.06,0.93],[101.01,1.0],[101.02,1.03],[101.06,0.99],[101.11,1.02],[101.23,1.01],[101.28,1.06],[101.36,1.03],[101.45,1.01],[101.45,0.99],[101.54,0.93],[101.71,1.2],[101.74,1.19],[101.74,1.19],[101.74,1.19],[101.81,1.17],[101.86,1.12],[101.88,1.04],[101.84,0.95],[101.9,0.95],[101.92,0.96],[101.93,1.0],[101.96,1.0],[101.98,0.98],[102.05,1.06],[102.04,1.12],[102.09,1.12],[102.18,1.23],[102.21,1.19],[102.19,1.09],[102.23,1.0],[102.33,0.9],[102.41,0.81],[102.5,0.75],[102.57,0.74],[102.7,0.75],[102.77,0.73],[102.9,0.72],[102.85,0.67],[102.11,0.6],[101.98,0.57],[101.97,0.55],[101.92,0.52]]]]}},{"type":"Feature","properties":{"id":"1404","nama":"Pelalawan","prov":"Riau","ikk":93.18,"pdrb":43736.92,"pdrb_f":1023.97,"share":2.34},"geometry":{"type":"MultiPolygon","coordinates":[[[[102.24,-0.17],[102.19,-0.2],[102.17,-0.26],[102.1,-0.28],[101.96,-0.41],[101.88,-0.39],[101.85,-0.4],[101.83,-0.38],[101.81,-0.38],[101.81,-0.35],[101.76,-0.35],[101.71,-0.27],[101.61,-0.24],[101.55,-0.14],[101.56,-0.12],[101.55,-0.05],[101.5,0.09],[101.58,0.15],[101.59,0.19],[101.58,0.27],[101.68,0.28],[101.67,0.33],[101.69,0.38],[101.61,0.39],[101.59,0.43],[101.6,0.44],[101.58,0.49],[101.61,0.52],[101.66,0.52],[101.67,0.5],[101.64,0.49],[101.65,0.45],[101.69,0.44],[101.73,0.45],[101.79,0.41],[101.83,0.43],[101.82,0.45],[101.82,0.5],[101.89,0.51],[101.88,0.46],[101.91,0.45],[101.92,0.52],[101.97,0.55],[101.98,0.57],[102.85,0.67],[102.9,0.72],[103.1,0.49],[103.11,0.46],[103.06,0.43],[102.9,0.34],[102.77,0.29],[102.73,0.29],[102.61,0.23],[102.57,0.17],[102.52,0.21],[102.5,0.25],[102.46,0.24],[102.43,0.26],[102.44,0.25],[102.41,0.21],[102.33,0.22],[102.31,0.28],[102.28,0.29],[102.27,0.31],[102.23,0.3],[102.17,0.34],[102.19,0.38],[102.14,0.43],[102.16,0.4],[102.19,0.38],[102.17,0.35],[102.18,0.33],[102.24,0.29],[102.26,0.31],[102.3,0.28],[102.33,0.22],[102.41,0.21],[102.43,0.24],[102.47,0.23],[102.48,0.24],[102.55,0.17],[102.53,0.17],[102.58,0.16],[102.6,0.21],[102.72,0.26],[102.86,0.25],[103.06,0.37],[103.14,0.39],[103.2,0.48],[103.29,0.51],[103.33,0.54],[103.35,0.54],[103.35,0.48],[103.27,0.44],[103.27,0.44],[103.26,0.45],[103.15,0.35],[103.03,0.31],[102.91,0.22],[102.89,0.18],[102.84,0.14],[102.72,0.11],[102.59,0.1],[102.54,0.07],[102.5,0.02],[102.48,-0.1],[102.41,-0.17],[102.37,-0.18],[102.24,-0.17]]],[[[102.82,0.27],[102.81,0.28],[102.83,0.28],[102.94,0.31],[102.85,0.26],[102.82,0.27]]],[[[102.98,0.34],[102.95,0.31],[102.95,0.34],[102.97,0.35],[102.98,0.34]]],[[[102.95,0.33],[102.94,0.32],[102.93,0.34],[102.95,0.35],[102.97,0.35],[102.95,0.33]]],[[[103.25,0.53],[103.17,0.5],[103.15,0.53],[103.15,0.67],[103.18,0.7],[103.24,0.69],[103.3,0.62],[103.3,0.54],[103.25,0.53]]],[[[103.07,0.57],[103.03,0.64],[103.03,0.66],[103.05,0.65],[103.08,0.59],[103.07,0.57]]]]}},{"type":"Feature","properties":{"id":"3573","nama":"Kota Malang","prov":"Jawa Timur","ikk":97.61,"pdrb":67125.46,"pdrb_f":8836.17,"share":13.16},"geometry":{"type":"MultiPolygon","coordinates":[[[[112.68,-7.97],[112.69,-7.99],[112.66,-8.05],[112.58,-7.99],[112.6,-7.98],[112.6,-7.96],[112.57,-7.94],[112.63,-7.91],[112.66,-7.93],[112.66,-7.97],[112.68,-7.97]]]]}},{"type":"Feature","properties":{"id":"1407","nama":"Rokan Hulu","prov":"Riau","ikk":97.07,"pdrb":32081.74,"pdrb_f":990.76,"share":3.09},"geometry":{"type":"MultiPolygon","coordinates":[[[[100.57,0.53],[100.54,0.5],[100.54,0.46],[100.47,0.45],[100.45,0.42],[100.42,0.42],[100.38,0.39],[100.29,0.4],[100.26,0.43],[100.22,0.51],[100.24,0.54],[100.18,0.57],[100.19,0.63],[100.24,0.68],[100.24,0.73],[100.21,0.74],[100.12,0.83],[100.14,0.84],[100.13,0.91],[100.15,0.94],[100.14,0.98],[100.16,1.01],[100.14,1.06],[100.12,1.06],[100.12,1.09],[100.18,1.12],[100.16,1.14],[100.17,1.17],[100.12,1.2],[100.11,1.27],[100.03,1.34],[100.03,1.35],[100.03,1.35],[100.07,1.33],[100.1,1.34],[100.07,1.38],[100.07,1.4],[100.18,1.42],[100.24,1.41],[100.34,1.44],[100.38,1.39],[100.46,1.37],[100.46,1.34],[100.49,1.32],[100.5,1.29],[100.57,1.25],[100.63,1.23],[100.66,1.29],[100.7,1.23],[100.78,1.24],[100.8,1.27],[100.77,1.32],[100.87,1.32],[100.87,1.35],[100.91,1.36],[100.93,1.39],[100.94,1.34],[100.97,1.34],[100.99,1.3],[100.99,1.1],[101.01,1.06],[101.02,1.03],[101.01,1.0],[101.06,0.93],[101.04,0.9],[101.01,0.9],[100.95,0.94],[100.96,0.96],[100.85,1.01],[100.83,0.98],[100.83,0.94],[100.79,0.9],[100.8,0.88],[100.77,0.87],[100.78,0.81],[100.75,0.8],[100.74,0.83],[100.71,0.82],[100.69,0.76],[100.66,0.75],[100.66,0.7],[100.63,0.67],[100.67,0.65],[100.67,0.6],[100.74,0.54],[100.77,0.56],[100.8,0.53],[100.84,0.54],[100.87,0.47],[100.85,0.38],[100.79,0.4],[100.72,0.39],[100.57,0.53]]]]}},{"type":"Feature","properties":{"id":"3572","nama":"Kota Blitar","prov":"Jawa Timur","ikk":92.23,"pdrb":6051.3,"pdrb_f":412.41,"share":6.82},"geometry":{"type":"MultiPolygon","coordinates":[[[[112.19,-8.08],[112.2,-8.09],[112.17,-8.13],[112.14,-8.11],[112.13,-8.08],[112.16,-8.08],[112.17,-8.06],[112.2,-8.07],[112.19,-8.08]]]]}},{"type":"Feature","properties":{"id":"1406","nama":"Kampar","prov":"Riau","ikk":87.15,"pdrb":62694.13,"pdrb_f":4640.2,"share":7.4},"geometry":{"type":"MultiPolygon","coordinates":[[[[101.18,-0.23],[101.16,-0.24],[101.17,-0.26],[101.14,-0.29],[101.14,-0.33],[101.12,-0.39],[101.04,-0.38],[101.02,-0.34],[100.98,-0.31],[100.84,-0.34],[100.84,-0.29],[100.76,-0.21],[100.74,-0.05],[100.78,-0.01],[100.81,-0.04],[100.85,0.0],[100.85,0.05],[100.83,0.07],[100.8,0.05],[100.77,0.1],[100.79,0.13],[100.84,0.15],[100.84,0.23],[100.8,0.26],[100.76,0.24],[100.7,0.24],[100.68,0.19],[100.54,0.31],[100.53,0.34],[100.48,0.4],[100.44,0.42],[100.47,0.45],[100.55,0.46],[100.54,0.5],[100.57,0.53],[100.72,0.39],[100.79,0.4],[100.85,0.38],[100.87,0.47],[100.84,0.54],[100.8,0.53],[100.77,0.56],[100.74,0.54],[100.68,0.6],[100.67,0.65],[100.63,0.67],[100.66,0.7],[100.66,0.75],[100.69,0.76],[100.71,0.82],[100.74,0.83],[100.75,0.8],[100.78,0.81],[100.77,0.87],[100.8,0.88],[100.79,0.9],[100.83,0.94],[100.83,0.98],[100.85,1.01],[100.96,0.96],[100.95,0.94],[101.01,0.9],[101.04,0.91],[101.06,0.89],[101.08,0.92],[101.13,0.9],[101.25,0.84],[101.28,0.85],[101.29,0.82],[101.33,0.81],[101.32,0.71],[101.4,0.69],[101.33,0.6],[101.35,0.56],[101.37,0.56],[101.33,0.47],[101.37,0.44],[101.45,0.42],[101.45,0.44],[101.48,0.45],[101.54,0.43],[101.59,0.46],[101.6,0.44],[101.59,0.43],[101.61,0.39],[101.69,0.38],[101.67,0.33],[101.68,0.27],[101.58,0.27],[101.59,0.19],[101.58,0.15],[101.5,0.09],[101.56,-0.12],[101.55,-0.14],[101.48,-0.1],[101.47,-0.13],[101.45,-0.13],[101.41,-0.07],[101.39,-0.1],[101.34,-0.11],[101.27,-0.0],[101.19,-0.12],[101.2,-0.18],[101.18,-0.23]]]]}},{"type":"Feature","properties":{"id":"1401","nama":"Kuantan Singingi","prov":"Riau","ikk":85.79,"pdrb":28958.89,"pdrb_f":2215.76,"share":7.65},"geometry":{"type":"MultiPolygon","coordinates":[[[[101.67,-0.84],[101.56,-0.83],[101.5,-0.81],[101.31,-0.63],[101.25,-0.63],[101.17,-0.54],[101.11,-0.5],[101.07,-0.5],[101.03,-0.4],[101.04,-0.38],[101.12,-0.39],[101.14,-0.29],[101.17,-0.26],[101.16,-0.24],[101.18,-0.23],[101.2,-0.18],[101.19,-0.12],[101.27,-0.0],[101.34,-0.11],[101.39,-0.1],[101.41,-0.07],[101.45,-0.13],[101.47,-0.13],[101.48,-0.1],[101.53,-0.12],[101.56,-0.17],[101.61,-0.24],[101.71,-0.27],[101.76,-0.35],[101.81,-0.35],[101.81,-0.38],[101.83,-0.38],[101.85,-0.4],[101.89,-0.4],[101.91,-0.47],[101.89,-0.56],[101.84,-0.58],[101.85,-0.6],[101.81,-0.66],[101.78,-0.8],[101.85,-0.92],[101.92,-0.88],[101.93,-0.91],[101.91,-0.95],[101.84,-0.98],[101.69,-0.94],[101.71,-0.87],[101.69,-0.87],[101.67,-0.84]]]]}},{"type":"Feature","properties":{"id":"1403","nama":"Indragiri Hilir","prov":"Riau","ikk":99.01,"pdrb":54768.66,"pdrb_f":3190.86,"share":5.83},"geometry":{"type":"MultiPolygon","coordinates":[[[[102.88,-0.91],[102.79,-0.98],[102.78,-1.03],[102.76,-1.03],[102.73,-1.08],[102.69,-1.08],[102.65,-1.12],[102.62,-1.09],[102.56,-1.1],[102.58,-0.88],[102.68,-0.78],[102.64,-0.72],[102.67,-0.67],[102.66,-0.6],[102.69,-0.47],[102.71,-0.48],[102.72,-0.45],[102.75,-0.45],[102.77,-0.5],[102.86,-0.54],[103.06,-0.42],[103.12,-0.36],[103.25,-0.31],[103.33,-0.35],[103.31,-0.39],[103.33,-0.41],[103.33,-0.44],[103.31,-0.43],[103.27,-0.46],[103.31,-0.43],[103.37,-0.44],[103.39,-0.52],[103.43,-0.53],[103.44,-0.55],[103.42,-0.6],[103.36,-0.62],[103.43,-0.6],[103.42,-0.63],[103.33,-0.64],[103.31,-0.66],[103.23,-0.68],[103.04,-0.68],[102.96,-0.71],[102.93,-0.74],[102.96,-0.71],[103.04,-0.68],[103.21,-0.69],[103.29,-0.71],[103.43,-0.71],[103.43,-0.73],[103.37,-0.71],[103.33,-0.73],[103.38,-0.71],[103.45,-0.73],[103.44,-0.77],[103.35,-0.8],[103.31,-0.76],[103.3,-0.78],[103.12,-0.74],[103.09,-0.76],[103.01,-0.76],[102.88,-0.91]]],[[[102.8,-0.5],[102.72,-0.43],[102.72,0.11],[102.84,0.14],[102.89,0.18],[102.91,0.22],[103.03,0.31],[103.15,0.35],[103.26,0.45],[103.27,0.44],[103.27,0.44],[103.35,0.48],[103.35,0.54],[103.43,0.51],[103.58,0.4],[103.61,0.31],[103.56,0.3],[103.56,0.28],[103.47,0.31],[103.36,0.3],[103.34,0.26],[103.3,0.24],[103.34,0.26],[103.36,0.29],[103.47,0.3],[103.56,0.28],[103.57,0.3],[103.61,0.3],[103.61,0.34],[103.66,0.33],[103.71,0.3],[103.75,0.23],[103.81,-0.01],[103.68,-0.03],[103.61,-0.01],[103.57,-0.03],[103.6,-0.04],[103.58,-0.06],[103.56,-0.05],[103.57,-0.07],[103.53,-0.08],[103.51,-0.08],[103.47,-0.04],[103.49,-0.09],[103.47,-0.11],[103.41,-0.06],[103.5,-0.15],[103.47,-0.17],[103.44,-0.14],[103.41,-0.15],[103.44,-0.15],[103.46,-0.18],[103.41,-0.22],[103.32,-0.25],[103.27,-0.24],[103.21,-0.28],[103.15,-0.27],[103.24,-0.29],[103.13,-0.34],[103.09,-0.4],[102.9,-0.52],[102.85,-0.54],[102.8,-0.5]]],[[[103.41,-0.69],[103.29,-0.7],[103.24,-0.69],[103.27,-0.68],[103.34,-0.64],[103.41,-0.65],[103.43,-0.66],[103.41,-0.69]]],[[[103.56,-0.49],[103.51,-0.52],[103.4,-0.52],[103.38,-0.44],[103.33,-0.44],[103.34,-0.41],[103.32,-0.39],[103.31,-0.38],[103.33,-0.36],[103.39,-0.38],[103.51,-0.37],[103.53,-0.4],[103.58,-0.4],[103.61,-0.42],[103.56,-0.49]]],[[[103.35,-0.26],[103.35,-0.29],[103.46,-0.32],[103.42,-0.36],[103.33,-0.34],[103.23,-0.28],[103.27,-0.25],[103.35,-0.26]]],[[[103.46,-0.31],[103.34,-0.29],[103.34,-0.25],[103.41,-0.24],[103.45,-0.21],[103.52,-0.21],[103.46,-0.31]]],[[[103.77,-0.35],[103.7,-0.36],[103.61,-0.4],[103.54,-0.39],[103.51,-0.36],[103.47,-0.37],[103.45,-0.36],[103.48,-0.29],[103.55,-0.22],[103.64,-0.23],[103.67,-0.25],[103.7,-0.25],[103.78,-0.32],[103.79,-0.34],[103.79,-0.34],[103.77,-0.35]]],[[[103.57,-0.19],[103.48,-0.2],[103.54,-0.18],[103.57,-0.19]]],[[[103.5,-0.11],[103.49,-0.12],[103.47,-0.11],[103.49,-0.1],[103.5,-0.09],[103.52,-0.1],[103.5,-0.11]]],[[[103.59,-0.09],[103.55,-0.12],[103.5,-0.12],[103.52,-0.1],[103.55,-0.08],[103.59,-0.09]]],[[[103.64,-0.03],[103.64,-0.02],[103.67,-0.03],[103.66,-0.05],[103.64,-0.03]]],[[[103.63,-0.05],[103.6,-0.02],[103.62,-0.01],[103.64,-0.02],[103.65,-0.05],[103.63,-0.05]]],[[[103.56,0.42],[103.54,0.45],[103.56,0.44],[103.59,0.41],[103.56,0.42]]]]}},{"type":"Feature","properties":{"id":"1402","nama":"Indragiri Hulu","prov":"Riau","ikk":93.0,"pdrb":36957.91,"pdrb_f":4704.28,"share":12.73},"geometry":{"type":"MultiPolygon","coordinates":[[[[102.31,-0.93],[102.25,-0.92],[102.2,-0.95],[102.17,-0.9],[102.12,-0.92],[102.01,-0.88],[101.98,-0.88],[101.96,-0.91],[101.93,-0.91],[101.91,-0.88],[101.85,-0.92],[101.84,-0.88],[101.79,-0.84],[101.78,-0.8],[101.81,-0.66],[101.84,-0.62],[101.84,-0.58],[101.89,-0.56],[101.91,-0.54],[101.91,-0.47],[101.89,-0.41],[101.89,-0.4],[101.92,-0.4],[101.96,-0.41],[102.1,-0.28],[102.17,-0.26],[102.21,-0.17],[102.37,-0.18],[102.43,-0.15],[102.48,-0.09],[102.5,0.02],[102.55,0.08],[102.72,0.11],[102.72,-0.44],[102.71,-0.47],[102.69,-0.47],[102.66,-0.6],[102.67,-0.67],[102.64,-0.72],[102.68,-0.78],[102.58,-0.88],[102.56,-1.09],[102.48,-1.08],[102.44,-1.03],[102.38,-1.03],[102.39,-0.99],[102.33,-0.96],[102.31,-0.93]]]]}},{"type":"Feature","properties":{"id":"7111","nama":"Bolaang Mongondow Timur","prov":"Sulawesi Utara","ikk":98.86,"pdrb":2380.71,"pdrb_f":211.02,"share":8.86},"geometry":{"type":"MultiPolygon","coordinates":[[[[124.55,0.62],[124.57,0.58],[124.54,0.59],[124.49,0.55],[124.51,0.48],[124.5,0.47],[124.49,0.49],[124.48,0.47],[124.47,0.48],[124.44,0.57],[124.34,0.61],[124.34,0.65],[124.38,0.66],[124.35,0.73],[124.36,0.76],[124.42,0.77],[124.43,0.79],[124.48,0.76],[124.49,0.79],[124.5,0.82],[124.56,0.87],[124.58,0.93],[124.61,0.95],[124.65,0.96],[124.66,0.89],[124.7,0.86],[124.69,0.83],[124.63,0.77],[124.63,0.71],[124.6,0.71],[124.59,0.68],[124.58,0.7],[124.55,0.62]]]]}},{"type":"Feature","properties":{"id":"7110","nama":"Bolaang Mongondow Selatan","prov":"Sulawesi Utara","ikk":92.83,"pdrb":1697.53,"pdrb_f":237.95,"share":14.02},"geometry":{"type":"MultiPolygon","coordinates":[[[[123.69,0.31],[123.63,0.29],[123.57,0.32],[123.48,0.32],[123.5,0.38],[123.55,0.43],[123.52,0.46],[123.52,0.49],[123.55,0.51],[123.53,0.54],[123.54,0.58],[123.59,0.58],[123.61,0.56],[123.71,0.57],[123.72,0.53],[123.69,0.49],[123.7,0.46],[123.74,0.47],[123.79,0.44],[123.86,0.46],[123.93,0.43],[123.95,0.46],[124.02,0.48],[124.05,0.51],[124.11,0.53],[124.14,0.56],[124.16,0.56],[124.18,0.52],[124.19,0.53],[124.27,0.54],[124.34,0.62],[124.38,0.58],[124.44,0.57],[124.44,0.54],[124.48,0.47],[124.45,0.47],[124.45,0.45],[124.41,0.45],[124.36,0.43],[124.36,0.45],[124.34,0.43],[124.32,0.45],[124.31,0.41],[124.27,0.43],[124.29,0.41],[124.22,0.38],[124.21,0.4],[124.08,0.39],[124.05,0.36],[124.04,0.38],[123.99,0.38],[123.92,0.35],[123.89,0.35],[123.87,0.33],[123.69,0.31]]]]}},{"type":"Feature","properties":{"id":"5272","nama":"Kota Bima","prov":"Nusa Tenggara Barat","ikk":104.31,"pdrb":3432.89,"pdrb_f":281.37,"share":8.2},"geometry":{"type":"MultiPolygon","coordinates":[[[[118.88,-8.46],[118.9,-8.49],[118.84,-8.5],[118.8,-8.53],[118.79,-8.51],[118.74,-8.52],[118.71,-8.5],[118.72,-8.44],[118.7,-8.41],[118.71,-8.4],[118.73,-8.35],[118.74,-8.4],[118.8,-8.43],[118.81,-8.41],[118.86,-8.42],[118.88,-8.46]]]]}},{"type":"Feature","properties":{"id":"5271","nama":"Kota Mataram","prov":"Nusa Tenggara Barat","ikk":100.16,"pdrb":16007.54,"pdrb_f":1560.27,"share":9.75},"geometry":{"type":"MultiPolygon","coordinates":[[[[116.11,-8.62],[116.07,-8.62],[116.07,-8.55],[116.15,-8.57],[116.17,-8.59],[116.11,-8.62]]]]}},{"type":"Feature","properties":{"id":"6271","nama":"Kota Palangka Raya","prov":"Kalimantan Tengah","ikk":100.8,"pdrb":14055.48,"pdrb_f":1413.29,"share":10.06},"geometry":{"type":"MultiPolygon","coordinates":[[[[114.05,-2.17],[114.11,-2.19],[114.08,-2.27],[114.04,-2.31],[114.02,-2.4],[113.76,-2.4],[113.69,-2.24],[113.69,-2.09],[113.57,-1.91],[113.49,-1.79],[113.48,-1.68],[113.49,-1.67],[113.5,-1.64],[113.56,-1.65],[113.62,-1.63],[113.65,-1.58],[113.8,-1.6],[113.83,-1.81],[113.83,-2.01],[113.93,-2.16],[114.05,-2.17]]]]}},{"type":"Feature","properties":{"id":"3376","nama":"Kota Tegal","prov":"Jawa Tengah","ikk":102.93,"pdrb":13897.41,"pdrb_f":2318.63,"share":16.68},"geometry":{"type":"MultiPolygon","coordinates":[[[[109.13,-6.88],[109.12,-6.9],[109.08,-6.89],[109.09,-6.85],[109.16,-6.84],[109.15,-6.89],[109.13,-6.88]]]]}},{"type":"Feature","properties":{"id":"3373","nama":"Kota Salatiga","prov":"Jawa Tengah","ikk":103.0,"pdrb":12198.74,"pdrb_f":1557.34,"share":12.77},"geometry":{"type":"MultiPolygon","coordinates":[[[[110.52,-7.32],[110.53,-7.36],[110.52,-7.36],[110.51,-7.39],[110.49,-7.38],[110.47,-7.3],[110.52,-7.29],[110.52,-7.32]]]]}},{"type":"Feature","properties":{"id":"3372","nama":"Kota Surakarta","prov":"Jawa Tengah","ikk":102.1,"pdrb":45304.55,"pdrb_f":9609.14,"share":21.21},"geometry":{"type":"MultiPolygon","coordinates":[[[[110.83,-7.59],[110.78,-7.58],[110.77,-7.55],[110.8,-7.55],[110.82,-7.52],[110.86,-7.53],[110.86,-7.57],[110.83,-7.59]]]]}},{"type":"Feature","properties":{"id":"3375","nama":"Kota Pekalongan","prov":"Jawa Tengah","ikk":100.78,"pdrb":9455.38,"pdrb_f":1359.5,"share":14.38},"geometry":{"type":"MultiPolygon","coordinates":[[[[109.69,-6.91],[109.69,-6.93],[109.64,-6.92],[109.65,-6.89],[109.67,-6.85],[109.71,-6.86],[109.69,-6.91]]]]}},{"type":"Feature","properties":{"id":"3374","nama":"Kota Semarang","prov":"Jawa Tengah","ikk":105.47,"pdrb":182122.11,"pdrb_f":45037.22,"share":24.73},"geometry":{"type":"MultiPolygon","coordinates":[[[[110.4,-7.11],[110.38,-7.1],[110.35,-7.11],[110.34,-7.09],[110.31,-7.11],[110.29,-7.05],[110.27,-7.05],[110.3,-6.94],[110.37,-6.96],[110.4,-6.94],[110.42,-6.96],[110.42,-6.94],[110.44,-6.95],[110.46,-6.93],[110.51,-6.96],[110.49,-7.0],[110.5,-7.02],[110.48,-7.03],[110.5,-7.07],[110.4,-7.11]]]]}},{"type":"Feature","properties":{"id":"3371","nama":"Kota Magelang","prov":"Jawa Tengah","ikk":97.38,"pdrb":8125.78,"pdrb_f":1224.66,"share":15.07},"geometry":{"type":"MultiPolygon","coordinates":[[[[110.24,-7.49],[110.24,-7.5],[110.21,-7.51],[110.2,-7.49],[110.22,-7.43],[110.24,-7.49]]]]}},{"type":"Feature","properties":{"id":"7109","nama":"Minahasa Tenggara","prov":"Sulawesi Utara","ikk":95.88,"pdrb":4631.82,"pdrb_f":929.0,"share":20.06},"geometry":{"type":"MultiPolygon","coordinates":[[[[124.77,0.9],[124.72,0.89],[124.71,0.86],[124.72,0.85],[124.71,0.84],[124.66,0.89],[124.65,0.96],[124.58,0.93],[124.58,1.01],[124.56,1.03],[124.57,1.04],[124.55,1.09],[124.58,1.11],[124.59,1.08],[124.65,1.1],[124.74,1.11],[124.77,1.1],[124.84,1.12],[124.91,1.02],[124.89,0.97],[124.79,0.94],[124.77,0.9]]]]}},{"type":"Feature","properties":{"id":"7106","nama":"Minahasa Utara","prov":"Sulawesi Utara","ikk":102.83,"pdrb":12088.4,"pdrb_f":1601.15,"share":13.25},"geometry":{"type":"MultiPolygon","coordinates":[[[[124.92,1.42],[124.91,1.45],[124.88,1.47],[124.9,1.5],[124.93,1.51],[124.93,1.57],[124.84,1.56],[124.82,1.59],[124.87,1.6],[124.88,1.63],[124.93,1.66],[124.94,1.69],[124.97,1.68],[124.96,1.73],[124.98,1.72],[124.98,1.75],[125.03,1.73],[125.02,1.68],[125.11,1.66],[125.14,1.69],[125.18,1.68],[125.14,1.58],[125.09,1.57],[125.09,1.55],[125.07,1.54],[125.08,1.51],[125.03,1.45],[125.09,1.45],[125.11,1.39],[125.08,1.36],[125.06,1.29],[125.02,1.29],[125.0,1.33],[124.97,1.3],[124.92,1.35],[124.93,1.38],[124.92,1.42]]],[[[124.77,1.72],[124.77,1.69],[124.74,1.71],[124.74,1.73],[124.75,1.72],[124.76,1.74],[124.77,1.72]]],[[[125.15,1.82],[125.19,1.78],[125.15,1.76],[125.15,1.73],[125.11,1.81],[125.14,1.82],[125.13,1.85],[125.15,1.82]]],[[[125.1,1.88],[125.06,1.81],[125.05,1.81],[125.06,1.83],[125.1,1.88]]]]}},{"type":"Feature","properties":{"id":"7105","nama":"Minahasa Selatan","prov":"Sulawesi Utara","ikk":99.0,"pdrb":7877.99,"pdrb_f":1027.8,"share":13.05},"geometry":{"type":"MultiPolygon","coordinates":[[[[124.49,0.79],[124.49,0.76],[124.45,0.77],[124.42,0.81],[124.44,0.83],[124.38,0.87],[124.38,0.96],[124.36,0.99],[124.3,1.0],[124.36,1.13],[124.35,1.16],[124.42,1.2],[124.52,1.19],[124.53,1.22],[124.56,1.18],[124.58,1.19],[124.61,1.25],[124.57,1.28],[124.55,1.27],[124.51,1.32],[124.57,1.38],[124.62,1.34],[124.72,1.33],[124.73,1.3],[124.71,1.29],[124.76,1.25],[124.76,1.23],[124.73,1.19],[124.74,1.14],[124.73,1.11],[124.59,1.08],[124.58,1.11],[124.55,1.09],[124.57,1.04],[124.56,1.03],[124.58,1.01],[124.58,0.92],[124.56,0.87],[124.5,0.82],[124.49,0.79]]]]}},{"type":"Feature","properties":{"id":"7108","nama":"Siau Tagulandang Biaro","prov":"Sulawesi Utara","ikk":112.2,"pdrb":2055.05,"pdrb_f":188.05,"share":9.15},"geometry":{"type":"MultiPolygon","coordinates":[[[[125.41,2.13],[125.41,2.1],[125.36,2.07],[125.34,2.09],[125.35,2.11],[125.36,2.13],[125.39,2.11],[125.41,2.13]]],[[[125.38,2.32],[125.38,2.29],[125.35,2.3],[125.36,2.32],[125.38,2.32]]],[[[125.37,2.69],[125.36,2.74],[125.38,2.8],[125.43,2.81],[125.45,2.78],[125.45,2.75],[125.41,2.73],[125.39,2.68],[125.43,2.66],[125.42,2.64],[125.38,2.65],[125.37,2.69]]],[[[125.41,2.32],[125.37,2.36],[125.39,2.39],[125.4,2.37],[125.42,2.38],[125.47,2.35],[125.44,2.32],[125.41,2.32]]]]}},{"type":"Feature","properties":{"id":"7107","nama":"Bolaang Mongondow Utara","prov":"Sulawesi Utara","ikk":93.08,"pdrb":2154.21,"pdrb_f":329.91,"share":15.31},"geometry":{"type":"MultiPolygon","coordinates":[[[[123.13,0.92],[123.18,0.9],[123.2,0.92],[123.17,0.95],[123.24,0.94],[123.25,0.96],[123.26,0.91],[123.34,0.91],[123.35,0.92],[123.35,0.9],[123.39,0.9],[123.4,0.92],[123.42,0.89],[123.45,0.9],[123.53,0.89],[123.6,0.9],[123.7,0.86],[123.71,0.87],[123.73,0.86],[123.72,0.84],[123.73,0.78],[123.72,0.73],[123.74,0.68],[123.73,0.65],[123.7,0.61],[123.64,0.61],[123.64,0.57],[123.61,0.56],[123.59,0.58],[123.51,0.58],[123.49,0.63],[123.38,0.64],[123.32,0.7],[123.25,0.72],[123.27,0.8],[123.21,0.86],[123.12,0.89],[123.11,0.92],[123.13,0.92]]]]}},{"type":"Feature","properties":{"id":"7102","nama":"Minahasa","prov":"Sulawesi Utara","ikk":102.36,"pdrb":15061.61,"pdrb_f":2087.47,"share":13.86},"geometry":{"type":"MultiPolygon","coordinates":[[[[124.83,1.12],[124.77,1.1],[124.74,1.11],[124.73,1.19],[124.76,1.22],[124.76,1.25],[124.71,1.29],[124.73,1.3],[124.72,1.33],[124.62,1.34],[124.57,1.38],[124.62,1.42],[124.68,1.4],[124.74,1.45],[124.78,1.46],[124.83,1.43],[124.86,1.44],[124.87,1.47],[124.89,1.46],[124.91,1.45],[124.93,1.38],[124.92,1.35],[124.97,1.3],[125.0,1.33],[125.02,1.29],[125.06,1.29],[125.02,1.14],[124.91,1.02],[124.83,1.12]],[[124.78,1.36],[124.74,1.33],[124.75,1.28],[124.78,1.29],[124.83,1.25],[124.85,1.27],[124.86,1.29],[124.89,1.33],[124.89,1.36],[124.86,1.35],[124.83,1.4],[124.81,1.39],[124.8,1.36],[124.78,1.36]]]]}},{"type":"Feature","properties":{"id":"7101","nama":"Bolaang Mongondow","prov":"Sulawesi Utara","ikk":95.73,"pdrb":7015.19,"pdrb_f":827.86,"share":11.8},"geometry":{"type":"MultiPolygon","coordinates":[[[[124.02,0.48],[123.93,0.43],[123.86,0.46],[123.8,0.44],[123.74,0.47],[123.7,0.46],[123.69,0.49],[123.72,0.53],[123.71,0.56],[123.66,0.57],[123.63,0.59],[123.65,0.61],[123.7,0.61],[123.74,0.68],[123.72,0.73],[123.73,0.87],[123.75,0.83],[123.77,0.84],[123.76,0.85],[123.79,0.83],[123.8,0.84],[123.79,0.86],[123.96,0.84],[123.93,0.86],[123.95,0.86],[124.08,0.92],[124.14,0.93],[124.2,0.99],[124.3,1.01],[124.36,0.99],[124.38,0.95],[124.38,0.87],[124.44,0.83],[124.42,0.77],[124.36,0.76],[124.32,0.77],[124.26,0.75],[124.26,0.71],[124.29,0.7],[124.29,0.66],[124.32,0.67],[124.34,0.65],[124.34,0.61],[124.29,0.56],[124.18,0.52],[124.16,0.56],[124.14,0.56],[124.02,0.48]]]]}},{"type":"Feature","properties":{"id":"7104","nama":"Kepulauan Talaud","prov":"Sulawesi Utara","ikk":119.86,"pdrb":2032.47,"pdrb_f":235.42,"share":11.58},"geometry":{"type":"MultiPolygon","coordinates":[[[[126.77,3.85],[126.8,3.83],[126.85,3.76],[126.82,3.73],[126.75,3.78],[126.74,3.84],[126.77,3.85]]],[[[126.72,3.92],[126.72,3.89],[126.68,3.87],[126.7,3.82],[126.68,3.81],[126.66,3.88],[126.67,3.93],[126.64,3.95],[126.61,3.98],[126.62,4.04],[126.64,4.02],[126.65,3.98],[126.72,3.92]]],[[[126.76,4.0],[126.68,3.99],[126.67,4.03],[126.79,4.21],[126.78,4.25],[126.72,4.27],[126.71,4.32],[126.68,4.34],[126.7,4.42],[126.73,4.46],[126.73,4.48],[126.72,4.52],[126.74,4.55],[126.78,4.52],[126.81,4.53],[126.83,4.49],[126.85,4.49],[126.87,4.43],[126.85,4.38],[126.91,4.27],[126.86,4.25],[126.87,4.22],[126.8,4.15],[126.81,4.03],[126.76,4.0]]],[[[127.08,4.74],[127.09,4.73],[127.08,4.72],[127.05,4.73],[127.08,4.74]]],[[[127.12,4.73],[127.11,4.75],[127.14,4.78],[127.14,4.74],[127.12,4.73]]]]}},{"type":"Feature","properties":{"id":"7103","nama":"Kepulauan Sangihe","prov":"Sulawesi Utara","ikk":110.81,"pdrb":3960.95,"pdrb_f":359.31,"share":9.07},"geometry":{"type":"MultiPolygon","coordinates":[[[[125.48,3.59],[125.5,3.61],[125.42,3.64],[125.4,3.71],[125.43,3.73],[125.51,3.72],[125.57,3.64],[125.56,3.63],[125.59,3.61],[125.56,3.58],[125.58,3.58],[125.59,3.55],[125.62,3.54],[125.66,3.48],[125.64,3.51],[125.66,3.52],[125.66,3.5],[125.67,3.49],[125.68,3.43],[125.66,3.39],[125.58,3.38],[125.59,3.39],[125.56,3.42],[125.57,3.44],[125.55,3.44],[125.54,3.41],[125.53,3.41],[125.52,3.44],[125.5,3.44],[125.48,3.47],[125.51,3.57],[125.48,3.59]]],[[[125.54,3.18],[125.52,3.16],[125.51,3.17],[125.51,3.19],[125.53,3.17],[125.52,3.19],[125.54,3.18]]],[[[125.63,3.79],[125.59,3.77],[125.59,3.79],[125.63,3.79]]]]}},{"type":"Feature","properties":{"id":"3471","nama":"Kota Yogyakarta","prov":"Di Yogyakarta","ikk":106.34,"pdrb":34595.51,"pdrb_f":2049.57,"share":5.92},"geometry":{"type":"MultiPolygon","coordinates":[[[[110.36,-7.83],[110.35,-7.81],[110.35,-7.77],[110.4,-7.79],[110.4,-7.83],[110.36,-7.83]]]]}},{"type":"Feature","properties":{"id":"2172","nama":"Kota Tanjung Pinang","prov":"Kepulauan Riau","ikk":105.81,"pdrb":16421.64,"pdrb_f":4273.78,"share":26.03},"geometry":{"type":"MultiPolygon","coordinates":[[[[104.46,0.93],[104.48,0.93],[104.42,0.95],[104.41,0.98],[104.49,0.99],[104.52,0.98],[104.55,0.92],[104.54,0.87],[104.5,0.84],[104.48,0.85],[104.49,0.88],[104.44,0.91],[104.44,0.93],[104.46,0.93]]],[[[104.47,0.88],[104.48,0.87],[104.44,0.87],[104.42,0.88],[104.47,0.88]]]]}},{"type":"Feature","properties":{"id":"2171","nama":"Kota Batam","prov":"Kepulauan Riau","ikk":108.46,"pdrb":144674.74,"pdrb_f":27173.75,"share":18.78},"geometry":{"type":"MultiPolygon","coordinates":[[[[103.78,1.04],[103.81,0.97],[103.77,1.0],[103.75,1.03],[103.78,1.04]]],[[[103.86,1.07],[103.88,1.05],[103.85,1.03],[103.83,1.06],[103.86,1.07]]],[[[103.88,1.03],[103.88,1.01],[103.92,1.01],[103.97,0.97],[103.94,0.91],[103.83,0.98],[103.83,1.02],[103.86,1.01],[103.85,1.03],[103.88,1.03]]],[[[103.93,1.03],[103.89,1.1],[103.91,1.1],[103.92,1.07],[103.93,1.08],[103.92,1.14],[104.0,1.12],[103.99,1.14],[104.01,1.19],[104.05,1.17],[104.04,1.16],[104.06,1.16],[104.05,1.14],[104.08,1.12],[104.09,1.15],[104.07,1.16],[104.08,1.19],[104.1,1.2],[104.13,1.18],[104.16,1.12],[104.14,1.07],[104.13,1.03],[104.11,1.03],[104.1,1.09],[104.1,1.06],[104.08,1.07],[104.09,1.09],[104.06,1.08],[104.04,1.09],[104.06,1.03],[104.07,1.05],[104.1,1.04],[104.08,1.02],[104.1,0.98],[104.07,1.0],[104.06,0.99],[104.02,1.03],[104.03,0.98],[103.99,1.02],[103.96,1.0],[103.93,1.03]]],[[[104.08,0.96],[104.07,0.92],[104.04,0.95],[104.06,0.97],[104.08,0.96]]],[[[104.22,0.59],[104.23,0.57],[104.19,0.57],[104.19,0.55],[104.19,0.61],[104.22,0.59]]],[[[104.13,0.95],[104.13,0.94],[104.15,0.93],[104.15,0.9],[104.17,0.9],[104.17,0.87],[104.21,0.88],[104.27,0.86],[104.24,0.82],[104.18,0.78],[104.15,0.86],[104.12,0.88],[104.09,0.87],[104.08,0.96],[104.13,0.95]]],[[[104.19,0.95],[104.16,0.93],[104.14,0.95],[104.19,0.95]]],[[[104.18,1.0],[104.16,1.0],[104.16,1.02],[104.18,1.03],[104.18,1.0]]],[[[104.23,0.7],[104.29,0.66],[104.29,0.61],[104.26,0.62],[104.21,0.7],[104.21,0.72],[104.23,0.7]]],[[[104.27,0.8],[104.26,0.75],[104.31,0.71],[104.25,0.69],[104.2,0.73],[104.17,0.78],[104.27,0.8]]]]}},{"type":"Feature","properties":{"id":"9419","nama":"Sarmi","prov":"Papua","ikk":143.98,"pdrb":2129.0,"pdrb_f":410.18,"share":19.27},"geometry":{"type":"MultiPolygon","coordinates":[[[[138.84,-1.95],[139.0,-1.98],[139.8,-2.38],[140.02,-2.36],[140.06,-2.38],[140.04,-2.39],[140.05,-2.44],[139.78,-2.41],[139.75,-2.45],[139.78,-2.49],[139.76,-2.53],[139.66,-2.56],[139.59,-2.54],[139.56,-2.85],[139.59,-2.88],[139.52,-2.94],[139.54,-3.07],[139.5,-3.1],[139.52,-3.13],[139.48,-3.17],[139.49,-3.22],[139.51,-3.31],[139.48,-3.41],[139.44,-3.43],[139.46,-3.46],[139.36,-3.44],[139.38,-3.47],[139.34,-3.48],[139.33,-3.44],[139.31,-3.47],[139.27,-3.46],[139.27,-3.44],[139.25,-3.46],[139.27,-3.42],[139.21,-3.44],[139.14,-3.43],[139.14,-3.36],[139.12,-3.36],[139.13,-3.38],[139.11,-3.38],[139.11,-3.32],[139.07,-3.27],[139.11,-3.25],[139.12,-3.05],[139.15,-3.01],[139.14,-2.94],[139.1,-2.92],[139.11,-2.9],[138.67,-2.67],[138.44,-2.53],[138.45,-2.49],[138.49,-2.46],[138.48,-2.37],[138.54,-2.34],[138.44,-2.3],[138.41,-2.25],[138.4,-2.18],[138.35,-2.18],[138.35,-2.14],[138.31,-2.12],[138.33,-2.1],[138.29,-2.08],[138.31,-2.07],[138.29,-2.06],[138.24,-2.1],[138.13,-2.13],[138.11,-1.97],[138.14,-1.63],[138.37,-1.72],[138.66,-1.79],[138.74,-1.85],[138.75,-1.85],[138.79,-1.92],[138.84,-1.95]]],[[[138.75,-1.62],[138.72,-1.62],[138.71,-1.59],[138.75,-1.62]]]]}},{"type":"Feature","properties":{"id":"9416","nama":"Yahukimo","prov":"Papua","ikk":176.26,"pdrb":1756.23,"pdrb_f":373.9,"share":21.29},"geometry":{"type":"MultiPolygon","coordinates":[[[[139.08,-4.78],[139.0,-4.79],[138.87,-4.73],[138.86,-4.6],[138.83,-4.56],[138.85,-4.5],[138.84,-4.27],[139.03,-4.19],[139.28,-4.13],[139.38,-4.13],[139.63,-4.04],[139.68,-4.0],[139.76,-3.86],[139.81,-3.85],[139.9,-3.75],[139.99,-3.69],[140.13,-3.7],[140.13,-3.75],[140.16,-3.76],[140.13,-3.77],[140.16,-3.81],[140.13,-3.85],[140.15,-3.89],[140.1,-3.91],[140.1,-3.95],[140.06,-3.94],[140.03,-3.99],[140.05,-4.0],[140.09,-4.02],[140.03,-4.03],[139.98,-4.08],[139.99,-4.28],[139.96,-4.46],[139.98,-4.51],[140.1,-4.63],[140.21,-4.69],[140.23,-4.8],[140.17,-4.8],[140.24,-4.83],[140.25,-4.95],[140.17,-4.98],[140.09,-5.04],[139.91,-5.05],[139.89,-5.06],[139.88,-5.1],[139.69,-5.05],[139.51,-5.09],[139.49,-5.06],[139.47,-5.07],[139.49,-5.04],[139.45,-5.02],[139.45,-4.99],[139.3,-4.94],[139.08,-4.78]]]]}},{"type":"Feature","properties":{"id":"9415","nama":"Asmat","prov":"Papua","ikk":152.51,"pdrb":1886.31,"pdrb_f":622.9,"share":33.02},"geometry":{"type":"MultiPolygon","coordinates":[[[[138.74,-6.53],[138.68,-6.53],[138.69,-6.55],[138.68,-6.57],[138.65,-6.57],[138.43,-6.36],[138.43,-6.32],[138.38,-6.2],[138.39,-6.17],[138.31,-5.99],[138.25,-5.92],[138.25,-5.88],[138.28,-5.84],[138.17,-5.82],[138.16,-5.78],[138.18,-5.74],[138.17,-5.72],[138.13,-5.72],[138.09,-5.75],[138.07,-5.72],[138.04,-5.62],[138.08,-5.53],[138.01,-5.5],[137.87,-5.36],[137.81,-5.38],[137.77,-5.36],[137.73,-5.37],[137.72,-5.35],[137.74,-5.3],[137.68,-5.24],[137.68,-5.22],[137.55,-5.17],[137.56,-5.14],[137.63,-5.13],[137.6,-5.09],[137.65,-5.04],[137.76,-4.99],[137.82,-4.94],[137.82,-4.94],[137.81,-4.89],[137.65,-4.79],[137.58,-4.65],[137.97,-4.6],[138.28,-4.66],[138.39,-4.79],[138.64,-4.77],[138.79,-4.79],[138.87,-4.73],[139.0,-4.79],[139.08,-4.78],[139.3,-4.94],[139.45,-4.99],[139.45,-5.02],[139.49,-5.04],[139.47,-5.07],[139.49,-5.06],[139.5,-5.09],[139.69,-5.05],[139.88,-5.1],[139.81,-5.17],[139.75,-5.26],[139.76,-5.29],[139.69,-5.33],[139.66,-5.39],[139.61,-5.38],[139.55,-5.45],[139.49,-5.39],[139.47,-5.43],[139.39,-5.45],[139.41,-5.47],[139.41,-5.53],[139.39,-5.57],[139.42,-5.58],[139.37,-5.6],[139.38,-5.61],[139.14,-5.65],[139.09,-5.56],[138.92,-5.66],[138.95,-6.01],[138.98,-6.07],[138.98,-6.13],[138.92,-6.16],[138.95,-6.22],[138.9,-6.23],[138.86,-6.29],[138.91,-6.32],[138.92,-6.37],[138.94,-6.38],[138.93,-6.42],[138.85,-6.48],[138.8,-6.47],[138.76,-6.54],[138.74,-6.55],[138.74,-6.53]]]]}},{"type":"Feature","properties":{"id":"9418","nama":"Tolikara","prov":"Papua","ikk":268.65,"pdrb":1232.97,"pdrb_f":257.34,"share":20.87},"geometry":{"type":"MultiPolygon","coordinates":[[[[138.48,-3.81],[138.44,-3.84],[138.43,-3.83],[138.41,-3.88],[138.37,-3.86],[138.39,-3.78],[138.3,-3.77],[138.24,-3.62],[138.17,-3.6],[138.08,-3.54],[138.07,-3.5],[138.04,-3.49],[138.01,-3.36],[138.03,-3.24],[138.13,-3.28],[138.15,-3.26],[138.07,-3.23],[138.16,-3.16],[138.18,-3.16],[138.19,-3.14],[138.39,-3.02],[138.42,-2.99],[138.55,-3.0],[138.51,-3.1],[138.42,-3.17],[138.41,-3.24],[138.45,-3.23],[138.46,-3.2],[138.5,-3.16],[138.55,-3.16],[138.58,-3.19],[138.59,-3.24],[138.56,-3.27],[138.52,-3.35],[138.54,-3.38],[138.53,-3.46],[138.47,-3.51],[138.58,-3.56],[138.64,-3.53],[138.74,-3.52],[138.73,-3.6],[138.76,-3.62],[138.75,-3.62],[138.72,-3.71],[138.68,-3.73],[138.65,-3.72],[138.64,-3.75],[138.58,-3.79],[138.64,-3.78],[138.71,-3.79],[138.72,-3.85],[138.69,-3.86],[138.72,-3.84],[138.72,-3.82],[138.66,-3.79],[138.64,-3.8],[138.67,-3.82],[138.67,-3.85],[138.63,-3.81],[138.58,-3.85],[138.59,-3.82],[138.62,-3.81],[138.61,-3.79],[138.55,-3.85],[138.52,-3.81],[138.48,-3.81]]]]}},{"type":"Feature","properties":{"id":"9417","nama":"Pegunungan Bintang","prov":"Papua","ikk":299.88,"pdrb":1640.89,"pdrb_f":500.93,"share":30.53},"geometry":{"type":"MultiPolygon","coordinates":[[[[140.63,-5.25],[140.39,-5.21],[140.39,-5.2],[140.3,-5.16],[140.29,-5.13],[140.27,-5.14],[140.28,-5.12],[140.24,-5.05],[140.11,-5.05],[140.14,-5.0],[140.25,-4.95],[140.24,-4.83],[140.17,-4.8],[140.23,-4.8],[140.23,-4.75],[140.2,-4.67],[140.1,-4.63],[139.98,-4.51],[139.96,-4.46],[139.99,-4.28],[139.98,-4.08],[140.03,-4.03],[140.09,-4.02],[140.03,-3.99],[140.04,-3.97],[140.06,-3.94],[140.1,-3.95],[140.1,-3.91],[140.15,-3.89],[140.13,-3.85],[140.16,-3.81],[140.13,-3.77],[140.16,-3.76],[140.13,-3.75],[140.13,-3.72],[140.13,-3.7],[140.18,-3.71],[140.21,-3.68],[140.27,-3.67],[140.32,-3.75],[140.4,-3.73],[140.42,-3.8],[140.4,-3.81],[140.42,-3.82],[140.41,-3.84],[140.43,-3.85],[140.42,-3.9],[140.4,-3.9],[140.41,-3.92],[140.46,-3.89],[140.49,-3.93],[140.51,-3.93],[140.49,-3.91],[140.52,-3.9],[140.53,-3.86],[140.52,-3.92],[140.59,-3.92],[140.61,-3.95],[140.68,-3.91],[140.78,-3.94],[140.88,-3.93],[140.92,-3.95],[140.92,-3.92],[141.0,-3.92],[141.0,-5.17],[140.98,-5.2],[140.9,-5.19],[140.85,-5.23],[140.8,-5.22],[140.79,-5.25],[140.63,-5.25]]]]}},{"type":"Feature","properties":{"id":"9412","nama":"Mimika","prov":"Papua","ikk":118.63,"pdrb":66983.06,"pdrb_f":1973.77,"share":2.95},"geometry":{"type":"MultiPolygon","coordinates":[[[[136.77,-4.87],[136.75,-4.87],[136.54,-4.79],[136.49,-4.74],[136.44,-4.74],[136.31,-4.66],[136.29,-4.67],[136.21,-4.66],[136.11,-4.62],[135.91,-4.49],[135.72,-4.5],[135.41,-4.43],[135.2,-4.46],[135.06,-4.39],[135.07,-4.38],[135.04,-4.38],[135.02,-4.34],[134.94,-4.31],[134.91,-4.27],[134.87,-4.25],[134.87,-4.21],[134.82,-4.18],[134.85,-4.11],[134.94,-4.08],[134.94,-4.05],[134.92,-4.04],[134.98,-4.04],[135.0,-4.01],[135.03,-4.01],[135.04,-3.99],[135.05,-4.07],[135.03,-4.08],[135.02,-4.09],[135.18,-4.2],[135.3,-4.23],[135.43,-4.22],[135.48,-4.24],[135.65,-4.22],[135.69,-4.19],[135.81,-4.23],[135.96,-4.23],[135.98,-4.26],[136.07,-4.27],[136.17,-4.24],[136.25,-4.3],[136.27,-4.26],[136.33,-4.27],[136.34,-4.3],[136.42,-4.29],[136.43,-4.32],[136.54,-4.3],[136.49,-4.21],[136.67,-4.22],[136.73,-4.13],[136.82,-4.14],[136.92,-4.13],[136.97,-4.13],[137.12,-4.02],[137.29,-4.03],[137.32,-4.16],[137.68,-4.17],[137.66,-4.47],[137.57,-4.62],[137.65,-4.79],[137.81,-4.89],[137.82,-4.94],[137.82,-4.94],[137.6,-5.09],[137.63,-5.13],[137.5,-5.15],[137.44,-5.1],[137.42,-5.13],[137.31,-5.01],[137.28,-5.02],[137.22,-4.98],[137.18,-5.01],[137.12,-4.96],[137.09,-4.97],[137.06,-4.92],[136.98,-4.94],[136.92,-4.9],[136.93,-4.86],[136.83,-4.91],[136.77,-4.87]]]]}},{"type":"Feature","properties":{"id":"9411","nama":"Puncak Jaya","prov":"Papua","ikk":340.84,"pdrb":1089.95,"pdrb_f":317.78,"share":29.16},"geometry":{"type":"MultiPolygon","coordinates":[[[[138.01,-3.84],[137.95,-3.87],[137.91,-3.83],[137.89,-3.69],[137.82,-3.69],[137.75,-3.61],[137.65,-3.6],[137.5,-3.49],[137.44,-3.36],[137.41,-3.33],[137.39,-3.31],[137.62,-3.11],[137.97,-3.13],[138.01,-3.16],[138.01,-3.22],[138.04,-3.27],[138.01,-3.36],[138.04,-3.49],[138.07,-3.5],[138.08,-3.54],[138.17,-3.6],[138.24,-3.62],[138.3,-3.77],[138.27,-3.81],[138.19,-3.84],[138.01,-3.84]]]]}},{"type":"Feature","properties":{"id":"9414","nama":"Mappi","prov":"Papua","ikk":152.84,"pdrb":2167.82,"pdrb_f":731.18,"share":33.73},"geometry":{"type":"MultiPolygon","coordinates":[[[[138.7,-7.14],[138.71,-7.11],[138.76,-7.14],[138.77,-7.15],[138.77,-7.16],[138.77,-7.17],[138.75,-7.17],[138.74,-7.17],[138.72,-7.16],[138.7,-7.14]]],[[[139.79,-7.35],[139.25,-7.3],[139.14,-7.22],[139.05,-7.24],[139.0,-7.23],[138.93,-7.19],[139.07,-7.22],[138.95,-7.16],[138.86,-7.16],[138.77,-7.12],[138.6,-7.0],[138.56,-6.94],[138.58,-6.9],[138.63,-6.88],[138.71,-6.9],[138.8,-6.85],[138.91,-6.84],[138.99,-6.87],[139.14,-6.97],[139.19,-6.97],[139.22,-7.0],[139.22,-6.99],[139.22,-6.98],[139.14,-6.96],[138.95,-6.83],[138.94,-6.79],[138.87,-6.8],[138.83,-6.78],[138.82,-6.69],[138.67,-6.59],[138.69,-6.55],[138.68,-6.53],[138.76,-6.54],[138.79,-6.48],[138.85,-6.48],[138.93,-6.42],[138.94,-6.38],[138.92,-6.37],[138.91,-6.32],[138.86,-6.29],[138.9,-6.23],[138.95,-6.22],[138.92,-6.17],[138.93,-6.15],[138.98,-6.13],[138.98,-6.07],[138.95,-6.01],[138.92,-5.66],[139.09,-5.56],[139.14,-5.65],[139.38,-5.61],[139.37,-5.6],[139.42,-5.58],[139.39,-5.57],[139.41,-5.53],[139.41,-5.47],[139.39,-5.45],[139.47,-5.43],[139.49,-5.39],[139.55,-5.45],[139.61,-5.38],[139.65,-5.39],[139.7,-5.33],[139.72,-5.33],[139.76,-5.29],[139.78,-5.3],[139.76,-5.32],[139.78,-5.39],[139.74,-5.43],[139.74,-5.51],[139.65,-5.66],[139.67,-5.71],[139.66,-5.76],[139.7,-5.8],[139.69,-5.9],[139.72,-5.92],[139.71,-6.08],[139.75,-6.09],[139.78,-6.15],[139.75,-6.22],[139.77,-6.24],[139.75,-6.26],[139.76,-6.32],[139.75,-6.46],[139.77,-6.49],[139.89,-6.5],[139.95,-6.47],[139.97,-6.43],[139.99,-6.44],[140.01,-6.41],[140.04,-6.43],[140.01,-6.47],[140.06,-6.5],[140.06,-6.56],[140.04,-6.58],[140.08,-6.6],[140.05,-6.67],[140.07,-6.75],[140.04,-6.78],[140.07,-6.84],[140.08,-6.92],[140.06,-6.93],[140.04,-6.97],[140.09,-7.0],[140.09,-7.14],[140.09,-7.14],[140.09,-7.24],[139.79,-7.35]]],[[[138.66,-6.75],[138.73,-6.76],[138.8,-6.84],[138.72,-6.88],[138.68,-6.87],[138.67,-6.83],[138.61,-6.76],[138.64,-6.73],[138.66,-6.75]]],[[[138.72,-6.64],[138.82,-6.7],[138.83,-6.79],[138.94,-6.8],[138.94,-6.83],[138.87,-6.82],[138.83,-6.82],[138.75,-6.75],[138.67,-6.72],[138.67,-6.64],[138.69,-6.63],[138.72,-6.64]]]]}},{"type":"Feature","properties":{"id":"9413","nama":"Boven Digoel","prov":"Papua","ikk":141.35,"pdrb":3522.22,"pdrb_f":947.73,"share":26.91},"geometry":{"type":"MultiPolygon","coordinates":[[[[140.42,-6.97],[140.09,-7.24],[140.09,-7.0],[140.04,-6.97],[140.06,-6.93],[140.08,-6.92],[140.07,-6.84],[140.04,-6.78],[140.07,-6.75],[140.05,-6.67],[140.08,-6.6],[140.04,-6.58],[140.06,-6.56],[140.06,-6.5],[140.01,-6.47],[140.04,-6.43],[140.01,-6.41],[139.99,-6.44],[139.97,-6.43],[139.95,-6.47],[139.89,-6.5],[139.76,-6.48],[139.75,-6.26],[139.77,-6.24],[139.75,-6.22],[139.78,-6.15],[139.75,-6.09],[139.71,-6.08],[139.72,-5.92],[139.69,-5.9],[139.7,-5.8],[139.66,-5.76],[139.67,-5.71],[139.65,-5.66],[139.74,-5.51],[139.74,-5.43],[139.78,-5.39],[139.76,-5.32],[139.78,-5.3],[139.76,-5.3],[139.75,-5.26],[139.81,-5.17],[139.85,-5.13],[139.91,-5.05],[140.05,-5.05],[140.11,-5.03],[140.11,-5.05],[140.24,-5.05],[140.28,-5.12],[140.27,-5.14],[140.29,-5.13],[140.3,-5.16],[140.39,-5.2],[140.39,-5.21],[140.58,-5.25],[140.79,-5.25],[140.8,-5.22],[140.85,-5.23],[140.9,-5.19],[140.98,-5.2],[141.0,-5.17],[141.0,-6.32],[140.96,-6.33],[140.98,-6.36],[140.94,-6.39],[140.98,-6.39],[140.94,-6.41],[140.95,-6.43],[140.93,-6.42],[140.92,-6.43],[140.94,-6.45],[140.92,-6.47],[140.96,-6.49],[140.92,-6.5],[140.92,-6.55],[140.94,-6.56],[140.89,-6.56],[140.91,-6.57],[140.9,-6.59],[140.84,-6.61],[140.42,-6.97]]]]}},{"type":"Feature","properties":{"id":"3278","nama":"Kota Tasikmalaya","prov":"Jawa Barat","ikk":102.27,"pdrb":19718.21,"pdrb_f":2884.81,"share":14.63},"geometry":{"type":"MultiPolygon","coordinates":[[[[108.23,-7.43],[108.2,-7.45],[108.18,-7.44],[108.15,-7.29],[108.17,-7.29],[108.19,-7.27],[108.25,-7.32],[108.31,-7.34],[108.26,-7.38],[108.28,-7.38],[108.27,-7.42],[108.23,-7.43]]]]}},{"type":"Feature","properties":{"id":"3277","nama":"Kota Cimahi","prov":"Jawa Barat","ikk":108.97,"pdrb":28751.31,"pdrb_f":3607.85,"share":12.55},"geometry":{"type":"MultiPolygon","coordinates":[[[[107.56,-6.9],[107.56,-6.93],[107.52,-6.92],[107.52,-6.87],[107.55,-6.83],[107.58,-6.89],[107.56,-6.9]]]]}},{"type":"Feature","properties":{"id":"9410","nama":"Paniai","prov":"Papua","ikk":169.83,"pdrb":3420.7,"pdrb_f":964.48,"share":28.2},"geometry":{"type":"MultiPolygon","coordinates":[[[[136.25,-3.99],[136.23,-3.99],[136.23,-3.99],[136.23,-3.95],[136.19,-3.93],[136.08,-3.74],[136.02,-3.69],[135.96,-3.56],[136.27,-3.42],[136.34,-3.38],[136.51,-3.63],[136.73,-3.84],[136.73,-3.91],[137.19,-3.91],[137.2,-4.02],[137.18,-4.02],[137.12,-4.02],[136.97,-4.13],[136.92,-4.13],[136.82,-4.14],[136.69,-4.11],[136.68,-4.04],[136.65,-4.03],[136.25,-3.99]]]]}},{"type":"Feature","properties":{"id":"3279","nama":"Kota Banjar","prov":"Jawa Barat","ikk":97.34,"pdrb":4083.17,"pdrb_f":395.15,"share":9.68},"geometry":{"type":"MultiPolygon","coordinates":[[[[108.6,-7.35],[108.66,-7.34],[108.65,-7.39],[108.63,-7.38],[108.62,-7.41],[108.59,-7.4],[108.57,-7.44],[108.55,-7.42],[108.49,-7.39],[108.47,-7.36],[108.52,-7.36],[108.56,-7.33],[108.6,-7.35]]]]}},{"type":"Feature","properties":{"id":"3274","nama":"Kota Cirebon","prov":"Jawa Barat","ikk":103.86,"pdrb":20946.66,"pdrb_f":2170.31,"share":10.36},"geometry":{"type":"MultiPolygon","coordinates":[[[[108.57,-6.75],[108.55,-6.79],[108.53,-6.78],[108.52,-6.74],[108.55,-6.73],[108.54,-6.7],[108.56,-6.69],[108.59,-6.74],[108.57,-6.75]]]]}},{"type":"Feature","properties":{"id":"3273","nama":"Kota Bandung","prov":"Jawa Barat","ikk":119.75,"pdrb":245392.01,"pdrb_f":18809.26,"share":7.66},"geometry":{"type":"MultiPolygon","coordinates":[[[[107.65,-6.96],[107.58,-6.96],[107.55,-6.93],[107.56,-6.93],[107.56,-6.89],[107.58,-6.89],[107.58,-6.87],[107.6,-6.84],[107.6,-6.85],[107.64,-6.89],[107.67,-6.88],[107.7,-6.91],[107.71,-6.89],[107.71,-6.9],[107.74,-6.9],[107.72,-6.96],[107.65,-6.96]]]]}},{"type":"Feature","properties":{"id":"7571","nama":"Kota Gorontalo","prov":"Gorontalo","ikk":89.94,"pdrb":7624.43,"pdrb_f":1014.89,"share":13.31},"geometry":{"type":"MultiPolygon","coordinates":[[[[123.08,0.53],[123.1,0.48],[123.06,0.51],[123.07,0.53],[123.04,0.5],[123.0,0.55],[123.03,0.55],[123.03,0.56],[123.06,0.59],[123.09,0.58],[123.08,0.53]]]]}},{"type":"Feature","properties":{"id":"3276","nama":"Kota Depok","prov":"Jawa Barat","ikk":109.05,"pdrb":61444.52,"pdrb_f":13522.87,"share":22.01},"geometry":{"type":"MultiPolygon","coordinates":[[[[106.75,-6.36],[106.77,-6.36],[106.78,-6.32],[106.81,-6.31],[106.79,-6.36],[106.84,-6.35],[106.84,-6.34],[106.88,-6.37],[106.91,-6.37],[106.9,-6.4],[106.92,-6.4],[106.92,-6.41],[106.88,-6.46],[106.86,-6.46],[106.85,-6.44],[106.82,-6.46],[106.82,-6.44],[106.74,-6.44],[106.72,-6.37],[106.75,-6.36]]]]}},{"type":"Feature","properties":{"id":"3275","nama":"Kota Bekasi","prov":"Jawa Barat","ikk":111.13,"pdrb":85627.4,"pdrb_f":9771.61,"share":11.41},"geometry":{"type":"MultiPolygon","coordinates":[[[[106.95,-6.35],[106.92,-6.4],[106.9,-6.4],[106.92,-6.32],[106.9,-6.26],[106.94,-6.25],[106.97,-6.17],[107.01,-6.17],[107.01,-6.19],[107.03,-6.2],[107.04,-6.23],[107.01,-6.28],[107.04,-6.29],[107.04,-6.32],[107.01,-6.36],[106.98,-6.36],[106.97,-6.3],[106.95,-6.35]]]]}},{"type":"Feature","properties":{"id":"3272","nama":"Kota Sukabumi","prov":"Jawa Barat","ikk":102.07,"pdrb":10851.05,"pdrb_f":711.72,"share":6.56},"geometry":{"type":"MultiPolygon","coordinates":[[[[106.95,-6.92],[106.95,-6.97],[106.87,-6.97],[106.91,-6.94],[106.91,-6.89],[106.95,-6.9],[106.95,-6.92]]]]}},{"type":"Feature","properties":{"id":"3271","nama":"Kota Bogor","prov":"Jawa Barat","ikk":109.26,"pdrb":41087.07,"pdrb_f":4232.21,"share":10.3},"geometry":{"type":"MultiPolygon","coordinates":[[[[106.85,-6.66],[106.83,-6.68],[106.81,-6.65],[106.78,-6.66],[106.79,-6.63],[106.74,-6.56],[106.76,-6.53],[106.79,-6.51],[106.8,-6.55],[106.83,-6.55],[106.85,-6.66]]]]}},{"type":"Feature","properties":{"id":"1613","nama":"Musi Rawas Utara","prov":"Sumatera Selatan","ikk":92.94,"pdrb":6828.35,"pdrb_f":297.29,"share":4.35},"geometry":{"type":"MultiPolygon","coordinates":[[[[102.9,-2.89],[102.91,-2.93],[102.88,-2.92],[102.88,-2.98],[102.69,-3.01],[102.49,-3.11],[102.44,-3.06],[102.39,-3.04],[102.32,-3.07],[102.26,-3.04],[102.23,-2.93],[102.13,-2.88],[102.13,-2.84],[102.07,-2.8],[102.07,-2.77],[102.09,-2.77],[102.13,-2.73],[102.23,-2.69],[102.25,-2.63],[102.28,-2.61],[102.32,-2.65],[102.39,-2.65],[102.4,-2.69],[102.49,-2.71],[102.52,-2.68],[102.6,-2.68],[102.64,-2.61],[102.7,-2.58],[102.69,-2.56],[102.72,-2.55],[102.74,-2.57],[102.8,-2.53],[102.79,-2.5],[102.88,-2.41],[102.84,-2.36],[102.88,-2.3],[103.0,-2.34],[103.01,-2.38],[103.05,-2.4],[103.07,-2.44],[103.12,-2.47],[103.15,-2.44],[103.14,-2.46],[103.16,-2.51],[103.18,-2.5],[103.22,-2.54],[103.25,-2.48],[103.28,-2.47],[103.28,-2.5],[103.37,-2.59],[103.34,-2.69],[103.31,-2.73],[103.25,-2.76],[103.13,-2.77],[103.1,-2.79],[103.1,-2.85],[103.02,-2.85],[102.9,-2.89]]]]}},{"type":"Feature","properties":{"id":"9409","nama":"Biak Numfor","prov":"Papua","ikk":130.53,"pdrb":3817.17,"pdrb_f":221.52,"share":5.8},"geometry":{"type":"MultiPolygon","coordinates":[[[[134.95,-1.12],[134.86,-1.14],[134.84,-1.09],[134.8,-1.04],[134.79,-1.0],[134.81,-0.98],[134.79,-0.98],[134.85,-0.93],[134.94,-0.97],[134.92,-1.08],[134.98,-1.01],[134.98,-1.07],[134.95,-1.12]]],[[[136.03,-1.15],[135.94,-1.14],[135.9,-1.18],[135.83,-1.14],[135.8,-1.1],[135.82,-1.09],[135.83,-1.03],[135.79,-0.97],[135.77,-0.88],[135.74,-0.81],[135.71,-0.8],[135.78,-0.76],[135.81,-0.69],[135.87,-0.71],[135.92,-0.79],[136.04,-0.85],[136.05,-0.86],[136.04,-0.9],[136.06,-0.89],[136.09,-0.92],[136.1,-0.96],[136.15,-1.0],[136.17,-1.04],[136.26,-1.02],[136.29,-1.03],[136.32,-1.07],[136.36,-1.06],[136.39,-1.08],[136.31,-1.14],[136.15,-1.2],[136.06,-1.18],[136.03,-1.15]]],[[[136.34,-1.23],[136.3,-1.24],[136.29,-1.23],[136.32,-1.22],[136.34,-1.23]]],[[[136.61,-1.28],[136.61,-1.32],[136.6,-1.3],[136.59,-1.27],[136.61,-1.28]]],[[[136.45,-1.21],[136.45,-1.24],[136.43,-1.22],[136.44,-1.2],[136.45,-1.21]]],[[[136.61,-1.2],[136.61,-1.22],[136.59,-1.23],[136.58,-1.21],[136.59,-1.19],[136.61,-1.2]]],[[[136.62,-1.14],[136.61,-1.17],[136.6,-1.16],[136.6,-1.14],[136.62,-1.14]]]]}},{"type":"Feature","properties":{"id":"5171","nama":"Kota Denpasar","prov":"Bali","ikk":117.97,"pdrb":40322.83,"pdrb_f":4388.1,"share":10.88},"geometry":{"type":"MultiPolygon","coordinates":[[[[115.26,-8.67],[115.26,-8.71],[115.22,-8.72],[115.25,-8.73],[115.23,-8.75],[115.22,-8.73],[115.21,-8.75],[115.21,-8.73],[115.19,-8.74],[115.18,-8.62],[115.24,-8.59],[115.27,-8.65],[115.26,-8.67]]]]}},{"type":"Feature","properties":{"id":"9408","nama":"Kepulauan Yapen","prov":"Papua","ikk":134.53,"pdrb":3319.88,"pdrb_f":216.53,"share":6.52},"geometry":{"type":"MultiPolygon","coordinates":[[[[135.65,-1.7],[135.64,-1.68],[135.6,-1.7],[135.63,-1.69],[135.58,-1.69],[135.55,-1.66],[135.52,-1.69],[135.52,-1.66],[135.51,-1.69],[135.47,-1.68],[135.47,-1.64],[135.45,-1.64],[135.44,-1.61],[135.41,-1.6],[135.69,-1.62],[135.69,-1.63],[135.78,-1.63],[135.85,-1.64],[135.84,-1.66],[135.85,-1.66],[135.91,-1.63],[136.05,-1.66],[136.2,-1.65],[136.37,-1.72],[136.41,-1.72],[136.45,-1.7],[136.59,-1.73],[136.79,-1.74],[136.9,-1.79],[136.85,-1.83],[136.72,-1.82],[136.7,-1.82],[136.71,-1.84],[136.69,-1.83],[136.63,-1.87],[136.53,-1.87],[136.5,-1.85],[136.55,-1.89],[136.54,-1.9],[136.41,-1.87],[136.4,-1.89],[136.34,-1.86],[136.27,-1.88],[136.26,-1.91],[136.25,-1.89],[136.22,-1.91],[136.23,-1.88],[136.2,-1.85],[136.19,-1.87],[136.19,-1.86],[136.17,-1.87],[136.15,-1.85],[136.07,-1.85],[136.03,-1.82],[135.98,-1.82],[135.91,-1.75],[135.9,-1.79],[135.87,-1.74],[135.85,-1.74],[135.87,-1.76],[135.86,-1.77],[135.81,-1.73],[135.76,-1.75],[135.79,-1.72],[135.76,-1.71],[135.75,-1.72],[135.73,-1.69],[135.69,-1.71],[135.65,-1.7]]],[[[135.12,-1.47],[135.16,-1.49],[135.22,-1.47],[135.21,-1.5],[135.22,-1.51],[135.25,-1.48],[135.25,-1.52],[135.26,-1.48],[135.27,-1.49],[135.3,-1.48],[135.31,-1.5],[135.34,-1.48],[135.33,-1.51],[135.25,-1.53],[135.1,-1.51],[135.11,-1.47],[135.12,-1.47]]],[[[135.84,-1.53],[135.79,-1.52],[135.83,-1.51],[135.84,-1.53]]],[[[136.38,-1.91],[136.36,-1.91],[136.36,-1.96],[136.33,-1.93],[136.34,-1.93],[136.33,-1.91],[136.34,-1.92],[136.36,-1.88],[136.38,-1.91]]],[[[137.04,-1.84],[137.05,-1.87],[136.99,-1.85],[136.96,-1.83],[137.04,-1.84]]]]}},{"type":"Feature","properties":{"id":"9404","nama":"Nabire","prov":"Papua","ikk":121.12,"pdrb":8693.69,"pdrb_f":1274.33,"share":14.66},"geometry":{"type":"MultiPolygon","coordinates":[[[[134.85,-2.95],[134.83,-2.97],[134.85,-3.0],[134.81,-3.02],[134.83,-3.09],[134.81,-3.08],[134.8,-3.13],[134.83,-3.12],[134.86,-3.16],[134.85,-3.19],[134.86,-3.23],[134.87,-3.21],[134.86,-3.25],[134.93,-3.27],[134.92,-3.24],[134.96,-3.24],[134.96,-3.23],[134.95,-3.28],[134.97,-3.32],[135.01,-3.34],[135.07,-3.33],[135.11,-3.38],[135.24,-3.38],[135.33,-3.4],[135.42,-3.37],[135.45,-3.38],[135.5,-3.36],[135.56,-3.3],[135.56,-3.26],[135.61,-3.18],[135.76,-3.11],[135.77,-3.09],[135.73,-3.07],[135.8,-3.05],[135.83,-3.01],[135.92,-2.96],[135.93,-2.9],[135.93,-2.88],[135.91,-2.89],[135.91,-2.87],[135.95,-2.83],[135.96,-2.8],[135.95,-2.78],[136.01,-2.71],[136.01,-2.73],[136.06,-2.77],[136.14,-2.75],[136.14,-2.8],[136.15,-2.78],[136.18,-2.79],[136.18,-2.81],[136.22,-2.81],[136.23,-2.84],[136.25,-2.84],[136.24,-2.86],[136.27,-2.85],[136.27,-2.89],[136.28,-2.87],[136.28,-2.88],[136.3,-2.88],[136.29,-2.91],[136.32,-2.94],[136.3,-2.99],[136.34,-3.05],[136.32,-3.16],[136.36,-3.19],[136.38,-3.23],[136.39,-3.32],[136.39,-3.35],[135.96,-3.56],[136.04,-3.71],[136.05,-3.78],[136.05,-3.84],[135.96,-3.92],[135.95,-3.92],[135.93,-3.92],[135.85,-3.85],[135.69,-3.87],[135.6,-3.91],[135.58,-3.93],[135.55,-3.93],[135.46,-3.87],[135.38,-3.87],[135.2,-3.82],[135.26,-3.75],[134.98,-3.66],[134.95,-3.59],[134.9,-3.6],[134.9,-3.61],[134.88,-3.63],[134.64,-3.54],[134.73,-3.41],[134.73,-3.36],[134.7,-3.35],[134.6,-2.49],[134.63,-2.48],[134.65,-2.53],[134.66,-2.77],[134.67,-2.86],[134.69,-2.9],[134.68,-2.92],[134.69,-2.97],[134.78,-2.99],[134.78,-2.94],[134.82,-2.94],[134.8,-2.91],[134.83,-2.91],[134.83,-2.88],[134.85,-2.89],[134.85,-2.95]]],[[[134.84,-2.69],[134.86,-2.71],[134.82,-2.72],[134.81,-2.68],[134.84,-2.69]]],[[[135.78,-2.94],[135.81,-2.94],[135.75,-2.97],[135.72,-2.98],[135.71,-2.96],[135.78,-2.94]]]]}},{"type":"Feature","properties":{"id":"9401","nama":"Merauke","prov":"Papua","ikk":139.06,"pdrb":12313.83,"pdrb_f":2163.62,"share":17.57},"geometry":{"type":"MultiPolygon","coordinates":[[[[138.5,-8.34],[138.38,-8.41],[138.27,-8.42],[138.27,-8.39],[138.35,-8.38],[138.47,-8.35],[138.5,-8.32],[138.5,-8.34]]],[[[138.59,-8.29],[138.57,-8.32],[138.55,-8.33],[138.56,-8.3],[138.59,-8.29]]],[[[138.88,-8.27],[138.9,-8.28],[138.88,-8.29],[138.86,-8.27],[138.88,-8.27]]],[[[138.82,-8.15],[138.85,-8.2],[138.85,-8.26],[138.91,-8.3],[138.91,-8.37],[138.86,-8.39],[138.68,-8.37],[138.58,-8.36],[138.55,-8.33],[138.66,-8.24],[138.68,-8.17],[138.82,-8.15]]],[[[138.86,-8.26],[138.85,-8.21],[138.88,-8.24],[138.89,-8.27],[138.86,-8.26]]],[[[138.5,-8.32],[138.47,-8.35],[138.32,-8.37],[138.3,-8.39],[137.87,-8.37],[137.72,-8.41],[137.69,-8.43],[137.68,-8.46],[137.65,-8.44],[137.69,-8.19],[137.77,-8.07],[137.81,-8.04],[137.8,-8.01],[137.82,-7.95],[137.9,-7.79],[137.96,-7.74],[138.05,-7.6],[138.22,-7.47],[138.37,-7.42],[138.63,-7.37],[138.78,-7.38],[138.86,-7.43],[138.94,-7.54],[139.09,-7.57],[139.04,-7.63],[139.03,-7.69],[138.99,-7.75],[139.0,-7.85],[138.89,-7.91],[138.9,-7.97],[138.89,-8.03],[138.91,-8.08],[138.83,-8.08],[138.79,-8.14],[138.68,-8.15],[138.61,-8.25],[138.5,-8.32]]],[[[138.99,-8.29],[138.97,-8.33],[138.95,-8.33],[138.94,-8.31],[138.99,-8.29]]],[[[138.99,-8.24],[138.98,-8.29],[138.94,-8.3],[138.93,-8.28],[138.99,-8.24]]],[[[139.94,-8.11],[139.71,-8.1],[139.59,-8.13],[139.46,-8.19],[139.34,-8.21],[139.28,-8.18],[139.22,-8.1],[139.21,-8.1],[139.08,-8.14],[139.01,-8.19],[139.04,-8.14],[138.97,-8.2],[138.99,-8.23],[138.93,-8.28],[138.91,-8.27],[138.86,-8.19],[138.84,-8.11],[138.93,-8.08],[138.9,-8.03],[138.92,-7.98],[138.91,-7.93],[139.02,-7.85],[139.02,-7.76],[139.05,-7.7],[139.07,-7.63],[139.11,-7.6],[139.11,-7.56],[139.05,-7.52],[138.96,-7.52],[138.88,-7.34],[138.67,-7.21],[138.69,-7.17],[138.75,-7.19],[138.9,-7.18],[139.0,-7.23],[139.05,-7.24],[139.13,-7.22],[139.25,-7.3],[139.79,-7.35],[140.09,-7.24],[140.85,-6.62],[140.87,-6.62],[140.86,-6.64],[140.87,-6.65],[140.87,-6.68],[140.85,-6.68],[140.85,-6.72],[140.9,-6.75],[140.87,-6.79],[140.92,-6.81],[140.9,-6.84],[140.92,-6.87],[140.95,-6.86],[140.94,-6.89],[140.95,-6.91],[140.97,-6.89],[140.99,-6.9],[141.02,-6.89],[141.02,-9.13],[140.9,-9.09],[140.76,-8.93],[140.62,-8.82],[140.53,-8.69],[140.5,-8.62],[140.36,-8.49],[140.36,-8.47],[140.39,-8.47],[140.38,-8.44],[140.42,-8.48],[140.46,-8.47],[140.42,-8.48],[140.39,-8.44],[140.39,-8.48],[140.33,-8.47],[140.24,-8.39],[140.23,-8.36],[140.18,-8.34],[140.02,-8.22],[139.94,-8.11]]]]}},{"type":"Feature","properties":{"id":"9403","nama":"Jayapura","prov":"Papua","ikk":113.52,"pdrb":11658.26,"pdrb_f":1659.81,"share":14.24},"geometry":{"type":"MultiPolygon","coordinates":[[[[140.32,-3.32],[140.35,-3.34],[140.34,-3.36],[140.36,-3.35],[140.37,-3.37],[140.35,-3.4],[140.37,-3.47],[140.34,-3.49],[140.38,-3.51],[140.36,-3.53],[140.39,-3.55],[140.38,-3.58],[140.4,-3.63],[140.34,-3.69],[140.36,-3.68],[140.36,-3.71],[140.38,-3.72],[140.38,-3.74],[140.32,-3.75],[140.27,-3.67],[140.21,-3.68],[140.18,-3.71],[139.93,-3.69],[139.91,-3.65],[139.87,-3.61],[139.86,-3.59],[139.82,-3.58],[139.8,-3.59],[139.81,-3.57],[139.77,-3.56],[139.78,-3.54],[139.76,-3.51],[139.73,-3.55],[139.72,-3.52],[139.7,-3.54],[139.68,-3.53],[139.68,-3.56],[139.66,-3.53],[139.63,-3.55],[139.58,-3.55],[139.61,-3.5],[139.55,-3.54],[139.5,-3.52],[139.49,-3.49],[139.47,-3.52],[139.47,-3.49],[139.49,-3.47],[139.44,-3.44],[139.48,-3.41],[139.51,-3.31],[139.48,-3.17],[139.52,-3.13],[139.5,-3.1],[139.53,-3.07],[139.52,-2.94],[139.59,-2.88],[139.56,-2.85],[139.59,-2.54],[139.66,-2.56],[139.76,-2.53],[139.78,-2.49],[139.75,-2.45],[139.78,-2.41],[140.05,-2.44],[140.04,-2.39],[140.06,-2.38],[140.02,-2.36],[140.07,-2.36],[140.11,-2.32],[140.14,-2.35],[140.15,-2.32],[140.15,-2.37],[140.21,-2.41],[140.23,-2.42],[140.25,-2.4],[140.29,-2.44],[140.34,-2.45],[140.34,-2.47],[140.37,-2.45],[140.35,-2.4],[140.5,-2.44],[140.53,-2.43],[140.54,-2.45],[140.6,-2.46],[140.61,-2.44],[140.65,-2.48],[140.61,-2.61],[140.63,-2.76],[140.61,-2.78],[140.58,-2.76],[140.53,-2.78],[140.47,-2.75],[140.38,-2.81],[140.41,-2.85],[140.39,-2.86],[140.4,-2.92],[140.38,-2.94],[140.41,-3.01],[140.37,-3.01],[140.36,-3.03],[140.4,-3.07],[140.39,-3.1],[140.41,-3.13],[140.32,-3.18],[140.34,-3.21],[140.31,-3.29],[140.32,-3.32]]]]}},{"type":"Feature","properties":{"id":"1312","nama":"Pasaman Barat","prov":"Sumatera Barat","ikk":93.76,"pdrb":13715.86,"pdrb_f":834.65,"share":6.09},"geometry":{"type":"MultiPolygon","coordinates":[[[[99.42,0.15],[99.4,0.15],[99.39,0.19],[99.34,0.24],[99.27,0.22],[99.26,0.2],[99.21,0.22],[99.19,0.25],[99.17,0.23],[99.2,0.29],[99.25,0.33],[99.32,0.33],[99.38,0.42],[99.38,0.45],[99.41,0.49],[99.52,0.55],[99.53,0.52],[99.57,0.51],[99.64,0.55],[99.68,0.47],[99.72,0.45],[99.74,0.48],[99.78,0.48],[99.82,0.46],[99.82,0.42],[99.79,0.42],[99.74,0.39],[99.76,0.36],[99.81,0.34],[99.84,0.35],[99.85,0.33],[99.99,0.27],[100.03,0.29],[100.08,0.19],[100.07,0.16],[99.98,0.07],[99.99,0.03],[100.04,0.01],[100.04,-0.07],[99.98,-0.14],[99.99,-0.16],[99.77,-0.17],[99.75,-0.14],[99.76,-0.06],[99.74,-0.03],[99.61,0.07],[99.42,0.15]]]]}},{"type":"Feature","properties":{"id":"9402","nama":"Jayawijaya","prov":"Papua","ikk":227.94,"pdrb":5709.71,"pdrb_f":810.9,"share":14.2},"geometry":{"type":"MultiPolygon","coordinates":[[[[138.71,-4.33],[138.72,-4.47],[138.62,-4.49],[138.59,-4.4],[138.61,-4.33],[138.73,-4.17],[138.64,-4.14],[138.63,-4.14],[138.6,-4.14],[138.68,-3.97],[138.73,-3.92],[138.68,-3.86],[138.67,-3.82],[138.64,-3.8],[138.68,-3.8],[138.72,-3.82],[138.72,-3.84],[138.69,-3.86],[138.72,-3.85],[138.72,-3.81],[138.73,-3.79],[138.81,-3.77],[138.88,-3.78],[138.9,-3.76],[138.89,-3.86],[138.92,-3.9],[139.0,-3.93],[138.98,-3.93],[139.01,-4.0],[138.98,-4.01],[138.99,-4.03],[139.02,-4.03],[139.03,-4.04],[139.25,-4.01],[139.31,-4.06],[139.32,-4.11],[139.31,-4.13],[139.02,-4.19],[138.71,-4.33]]]]}},{"type":"Feature","properties":{"id":"1311","nama":"Dharmasraya","prov":"Sumatera Barat","ikk":97.3,"pdrb":9044.81,"pdrb_f":1160.72,"share":12.83},"geometry":{"type":"MultiPolygon","coordinates":[[[[101.69,-1.32],[101.68,-1.34],[101.72,-1.35],[101.7,-1.39],[101.72,-1.44],[101.66,-1.52],[101.44,-1.7],[101.43,-1.64],[101.51,-1.57],[101.54,-1.51],[101.53,-1.49],[101.56,-1.44],[101.61,-1.44],[101.67,-1.39],[101.59,-1.33],[101.47,-1.28],[101.45,-1.21],[101.41,-1.18],[101.41,-1.12],[101.46,-1.07],[101.45,-1.01],[101.43,-1.0],[101.4,-1.04],[101.34,-1.04],[101.33,-1.15],[101.33,-1.17],[101.28,-1.2],[101.2,-1.11],[101.16,-1.09],[101.14,-1.04],[101.18,-1.03],[101.2,-0.99],[101.19,-0.95],[101.19,-0.91],[101.28,-0.95],[101.34,-0.96],[101.38,-0.94],[101.42,-0.95],[101.43,-0.86],[101.47,-0.84],[101.51,-0.86],[101.55,-0.82],[101.66,-0.83],[101.69,-0.87],[101.71,-0.87],[101.69,-0.94],[101.83,-0.98],[101.82,-1.11],[101.89,-1.1],[101.81,-1.22],[101.72,-1.24],[101.69,-1.28],[101.69,-1.32]]]]}},{"type":"Feature","properties":{"id":"1310","nama":"Solok Selatan","prov":"Sumatera Barat","ikk":92.42,"pdrb":4773.54,"pdrb_f":548.98,"share":11.5},"geometry":{"type":"MultiPolygon","coordinates":[[[[101.4,-1.68],[101.27,-1.7],[101.22,-1.72],[101.19,-1.68],[101.17,-1.71],[101.07,-1.66],[101.06,-1.63],[101.02,-1.61],[101.02,-1.57],[100.98,-1.53],[100.98,-1.49],[100.94,-1.46],[100.94,-1.42],[100.89,-1.39],[100.91,-1.37],[100.87,-1.31],[100.94,-1.28],[100.99,-1.3],[101.0,-1.28],[101.02,-1.2],[101.0,-1.13],[101.09,-1.15],[101.16,-1.23],[101.22,-1.25],[101.24,-1.21],[101.19,-1.15],[101.17,-1.1],[101.19,-1.1],[101.27,-1.19],[101.31,-1.19],[101.34,-1.15],[101.34,-1.04],[101.39,-1.04],[101.42,-1.01],[101.45,-1.01],[101.46,-1.07],[101.4,-1.16],[101.45,-1.21],[101.47,-1.28],[101.59,-1.33],[101.67,-1.39],[101.61,-1.44],[101.56,-1.44],[101.53,-1.49],[101.54,-1.51],[101.51,-1.57],[101.44,-1.63],[101.43,-1.68],[101.4,-1.68]]]]}},{"type":"Feature","properties":{"id":"1771","nama":"Kota Bengkulu","prov":"Bengkulu","ikk":96.13,"pdrb":19644.72,"pdrb_f":809.43,"share":4.12},"geometry":{"type":"MultiPolygon","coordinates":[[[[102.29,-3.84],[102.25,-3.79],[102.26,-3.75],[102.29,-3.74],[102.38,-3.86],[102.35,-3.91],[102.32,-3.91],[102.3,-3.98],[102.27,-3.92],[102.3,-3.89],[102.29,-3.84]]]]}},{"type":"Feature","properties":{"id":"1309","nama":"Pasaman","prov":"Sumatera Barat","ikk":92.5,"pdrb":7401.85,"pdrb_f":336.82,"share":4.55},"geometry":{"type":"MultiPolygon","coordinates":[[[[100.16,-0.11],[100.1,-0.07],[100.02,-0.1],[100.04,-0.07],[100.04,0.01],[99.99,0.03],[99.98,0.07],[100.07,0.17],[100.04,0.29],[99.99,0.27],[99.93,0.29],[99.84,0.35],[99.78,0.35],[99.74,0.39],[99.78,0.42],[99.82,0.42],[99.82,0.46],[99.9,0.47],[99.96,0.51],[99.96,0.57],[99.91,0.63],[99.93,0.63],[99.91,0.68],[99.89,0.68],[99.83,0.7],[99.83,0.74],[99.85,0.77],[99.83,0.88],[99.87,0.91],[100.24,0.73],[100.24,0.68],[100.19,0.63],[100.18,0.57],[100.23,0.55],[100.22,0.52],[100.24,0.47],[100.33,0.35],[100.31,0.3],[100.35,0.18],[100.32,0.12],[100.33,0.05],[100.26,-0.02],[100.29,-0.08],[100.22,-0.07],[100.2,-0.11],[100.19,-0.09],[100.16,-0.11]]]]}},{"type":"Feature","properties":{"id":"1306","nama":"Padang Pariaman","prov":"Sumatera Barat","ikk":87.51,"pdrb":14624.32,"pdrb_f":1353.28,"share":9.25},"geometry":{"type":"MultiPolygon","coordinates":[[[[100.17,-0.69],[100.15,-0.67],[100.19,-0.62],[100.14,-0.59],[100.13,-0.55],[100.09,-0.57],[99.96,-0.43],[100.0,-0.4],[99.99,-0.36],[100.04,-0.36],[100.08,-0.32],[100.16,-0.34],[100.16,-0.39],[100.21,-0.41],[100.22,-0.45],[100.26,-0.48],[100.32,-0.43],[100.32,-0.48],[100.39,-0.49],[100.38,-0.52],[100.42,-0.57],[100.42,-0.6],[100.38,-0.62],[100.43,-0.64],[100.44,-0.71],[100.46,-0.72],[100.38,-0.76],[100.37,-0.8],[100.29,-0.82],[100.17,-0.69]]]]}},{"type":"Feature","properties":{"id":"1305","nama":"Tanah Datar","prov":"Sumatera Barat","ikk":91.39,"pdrb":11469.68,"pdrb_f":1098.62,"share":9.58},"geometry":{"type":"MultiPolygon","coordinates":[[[[100.57,-0.61],[100.49,-0.66],[100.43,-0.66],[100.42,-0.63],[100.38,-0.62],[100.42,-0.6],[100.42,-0.57],[100.38,-0.52],[100.39,-0.49],[100.33,-0.49],[100.31,-0.46],[100.33,-0.4],[100.47,-0.39],[100.51,-0.3],[100.57,-0.28],[100.57,-0.3],[100.57,-0.32],[100.61,-0.35],[100.66,-0.35],[100.67,-0.33],[100.75,-0.37],[100.81,-0.35],[100.84,-0.39],[100.81,-0.48],[100.84,-0.51],[100.8,-0.56],[100.73,-0.55],[100.71,-0.57],[100.68,-0.54],[100.64,-0.54],[100.6,-0.56],[100.57,-0.61]],[[100.43,-0.48],[100.42,-0.46],[100.38,-0.46],[100.37,-0.48],[100.43,-0.48]]]]}},{"type":"Feature","properties":{"id":"6405","nama":"Berau","prov":"Kalimantan Timur","ikk":113.43,"pdrb":34707.4,"pdrb_f":1406.18,"share":4.05},"geometry":{"type":"MultiPolygon","coordinates":[[[[118.15,1.63],[118.25,1.56],[118.39,1.5],[118.38,1.48],[118.41,1.49],[118.42,1.44],[118.37,1.42],[118.43,1.43],[118.41,1.4],[118.43,1.4],[118.44,1.38],[118.46,1.4],[118.46,1.36],[118.48,1.38],[118.49,1.36],[118.51,1.38],[118.52,1.36],[118.56,1.37],[118.71,1.25],[118.77,1.19],[118.76,1.16],[118.72,1.15],[118.78,1.15],[118.78,1.13],[118.83,1.1],[118.84,1.05],[118.87,1.07],[118.95,1.06],[118.94,1.04],[118.88,1.04],[118.87,0.99],[118.84,0.99],[118.82,1.01],[118.8,1.01],[118.77,1.1],[118.61,1.1],[118.59,1.11],[118.59,1.17],[118.5,1.24],[118.47,1.22],[118.46,1.26],[118.42,1.28],[118.4,1.27],[118.37,1.15],[118.28,1.18],[118.21,1.26],[118.2,1.24],[118.21,1.2],[118.16,1.17],[118.06,1.18],[118.06,1.21],[118.02,1.21],[117.99,1.25],[118.01,1.27],[117.99,1.34],[117.96,1.34],[117.92,1.38],[117.9,1.51],[117.85,1.55],[117.84,1.63],[117.81,1.64],[117.8,1.61],[117.78,1.66],[117.73,1.7],[117.68,1.66],[117.65,1.6],[117.62,1.62],[117.59,1.62],[117.58,1.64],[117.54,1.63],[117.54,1.53],[117.52,1.51],[117.48,1.52],[117.42,1.6],[117.36,1.57],[117.32,1.53],[117.35,1.51],[117.35,1.47],[117.33,1.43],[117.33,1.38],[117.26,1.36],[117.21,1.29],[117.16,1.31],[117.11,1.37],[117.07,1.34],[116.99,1.35],[117.0,1.4],[116.95,1.43],[116.98,1.47],[116.97,1.48],[116.98,1.52],[116.91,1.6],[116.8,1.58],[116.76,1.62],[116.72,1.61],[116.68,1.63],[116.6,1.59],[116.55,1.59],[116.53,1.61],[116.55,1.64],[116.49,1.67],[116.48,1.73],[116.43,1.71],[116.4,1.72],[116.4,1.76],[116.36,1.76],[116.35,1.8],[116.31,1.83],[116.19,1.84],[116.18,1.86],[116.19,1.99],[116.23,2.01],[116.21,2.06],[116.22,2.1],[116.32,2.12],[116.35,2.16],[116.29,2.23],[116.3,2.26],[116.36,2.3],[116.47,2.29],[116.47,2.33],[116.5,2.35],[116.49,2.4],[116.5,2.45],[116.57,2.45],[116.58,2.43],[116.63,2.41],[116.63,2.39],[116.65,2.4],[116.66,2.38],[116.69,2.4],[116.72,2.38],[116.75,2.44],[116.76,2.48],[116.79,2.51],[116.81,2.5],[116.84,2.52],[116.88,2.51],[116.89,2.48],[116.9,2.5],[117.03,2.52],[117.09,2.61],[117.21,2.59],[117.32,2.62],[117.4,2.59],[117.4,2.54],[117.42,2.5],[117.46,2.51],[117.48,2.55],[117.5,2.52],[117.57,2.5],[117.61,2.52],[117.75,2.33],[117.81,2.33],[117.82,2.36],[117.86,2.39],[117.92,2.39],[117.99,2.44],[118.02,2.39],[118.02,2.37],[117.99,2.37],[118.03,2.36],[118.04,2.38],[118.07,2.36],[118.1,2.28],[118.02,2.2],[117.93,2.18],[117.9,2.21],[117.89,2.19],[117.81,2.2],[117.77,2.17],[117.68,2.18],[117.72,2.14],[117.72,2.06],[117.7,2.05],[117.71,2.03],[117.74,2.04],[117.77,2.01],[117.82,2.01],[117.81,1.98],[117.84,1.89],[117.89,1.87],[117.93,1.81],[118.05,1.78],[118.07,1.76],[118.06,1.72],[118.09,1.69],[118.08,1.65],[118.09,1.63],[118.1,1.61],[118.11,1.63],[118.12,1.65],[118.15,1.63]]],[[[117.87,1.92],[117.86,1.89],[117.85,1.9],[117.83,1.92],[117.85,1.93],[117.83,1.92],[117.82,1.95],[117.88,1.97],[117.87,1.92]]],[[[117.86,1.96],[117.83,1.95],[117.81,1.99],[117.84,2.01],[117.86,1.96]]],[[[117.78,2.07],[117.75,2.06],[117.8,2.04],[117.8,2.03],[117.76,2.02],[117.74,2.05],[117.71,2.03],[117.71,2.08],[117.77,2.1],[117.78,2.07]]],[[[117.88,2.07],[117.91,2.05],[117.89,2.04],[117.88,2.06],[117.86,2.03],[117.85,2.07],[117.84,2.05],[117.84,2.07],[117.82,2.05],[117.84,2.04],[117.8,2.03],[117.82,2.07],[117.81,2.09],[117.88,2.07]]],[[[117.81,2.09],[117.78,2.06],[117.79,2.08],[117.82,2.08],[117.79,2.04],[117.75,2.06],[117.8,2.11],[117.83,2.11],[117.81,2.09]]],[[[117.87,2.08],[117.83,2.12],[117.86,2.15],[117.9,2.12],[117.91,2.09],[117.87,2.08]]],[[[117.8,2.14],[117.79,2.11],[117.76,2.11],[117.75,2.14],[117.74,2.12],[117.77,2.11],[117.75,2.1],[117.73,2.09],[117.71,2.16],[117.8,2.18],[117.8,2.14]]],[[[117.89,2.15],[117.96,2.13],[117.91,2.1],[117.87,2.15],[117.81,2.12],[117.81,2.19],[117.89,2.15]]],[[[117.88,2.18],[117.87,2.16],[117.84,2.17],[117.83,2.19],[117.88,2.18]]],[[[117.9,2.17],[117.91,2.21],[117.93,2.17],[117.92,2.16],[117.9,2.17]]],[[[118.47,1.46],[118.52,1.39],[118.5,1.38],[118.48,1.39],[118.47,1.42],[118.48,1.43],[118.46,1.46],[118.47,1.46]]],[[[118.54,2.16],[118.56,2.12],[118.53,2.14],[118.51,2.14],[118.51,2.16],[118.54,2.16]]],[[[118.6,2.28],[118.64,2.25],[118.57,2.31],[118.57,2.26],[118.62,2.19],[118.65,2.16],[118.6,2.19],[118.56,2.25],[118.57,2.31],[118.6,2.28]]]]}},{"type":"Feature","properties":{"id":"1308","nama":"Lima Puluh Kota","prov":"Sumatera Barat","ikk":89.8,"pdrb":13379.75,"pdrb_f":635.16,"share":4.75},"geometry":{"type":"MultiPolygon","coordinates":[[[[100.58,-0.29],[100.55,-0.28],[100.54,-0.26],[100.46,-0.22],[100.44,-0.18],[100.38,-0.15],[100.32,-0.05],[100.26,-0.02],[100.33,0.05],[100.32,0.12],[100.35,0.18],[100.31,0.3],[100.33,0.35],[100.3,0.4],[100.38,0.39],[100.42,0.42],[100.47,0.41],[100.53,0.34],[100.54,0.31],[100.63,0.22],[100.68,0.19],[100.69,0.21],[100.7,0.24],[100.76,0.24],[100.8,0.26],[100.84,0.22],[100.84,0.15],[100.79,0.13],[100.77,0.1],[100.8,0.05],[100.83,0.07],[100.85,0.05],[100.85,0.0],[100.81,-0.04],[100.78,-0.01],[100.74,-0.06],[100.76,-0.21],[100.84,-0.29],[100.85,-0.34],[100.75,-0.37],[100.67,-0.33],[100.66,-0.35],[100.61,-0.35],[100.57,-0.32],[100.58,-0.29]],[[100.59,-0.24],[100.6,-0.27],[100.65,-0.27],[100.65,-0.25],[100.68,-0.24],[100.68,-0.2],[100.64,-0.18],[100.62,-0.2],[100.59,-0.19],[100.59,-0.24]]]]}},{"type":"Feature","properties":{"id":"1307","nama":"Agam","prov":"Sumatera Barat","ikk":90.76,"pdrb":17458.34,"pdrb_f":1237.93,"share":7.09},"geometry":{"type":"MultiPolygon","coordinates":[[[[100.33,-0.4],[100.26,-0.48],[100.22,-0.45],[100.21,-0.41],[100.16,-0.39],[100.16,-0.34],[100.08,-0.32],[100.04,-0.36],[99.99,-0.36],[100.0,-0.4],[99.96,-0.43],[99.82,-0.3],[99.77,-0.17],[99.95,-0.17],[99.99,-0.16],[99.98,-0.14],[100.02,-0.1],[100.06,-0.08],[100.1,-0.07],[100.14,-0.1],[100.19,-0.09],[100.2,-0.11],[100.22,-0.07],[100.29,-0.08],[100.27,-0.04],[100.32,-0.04],[100.33,-0.08],[100.37,-0.12],[100.38,-0.15],[100.44,-0.18],[100.46,-0.22],[100.54,-0.26],[100.55,-0.28],[100.51,-0.3],[100.47,-0.39],[100.33,-0.4]],[[100.34,-0.27],[100.37,-0.32],[100.4,-0.32],[100.39,-0.28],[100.34,-0.27]]]]}},{"type":"Feature","properties":{"id":"9434","nama":"Dogiyai","prov":"Papua","ikk":167.6,"pdrb":971.52,"pdrb_f":107.75,"share":11.09},"geometry":{"type":"MultiPolygon","coordinates":[[[[136.1,-4.06],[136.09,-4.25],[136.07,-4.27],[135.98,-4.26],[135.96,-4.23],[135.81,-4.23],[135.69,-4.19],[135.65,-4.22],[135.48,-4.24],[135.43,-4.22],[135.25,-4.22],[135.18,-4.2],[135.02,-4.09],[135.03,-4.08],[135.05,-4.07],[135.04,-3.99],[135.22,-4.01],[135.22,-3.99],[135.22,-3.97],[135.13,-3.91],[135.2,-3.82],[135.38,-3.87],[135.46,-3.87],[135.56,-3.94],[135.69,-3.87],[135.85,-3.85],[135.93,-3.92],[135.95,-3.92],[135.96,-3.92],[136.05,-3.84],[136.04,-3.71],[136.08,-3.74],[136.19,-3.93],[136.23,-3.95],[136.23,-3.99],[136.19,-4.03],[136.15,-4.02],[136.1,-4.06]]]]}},{"type":"Feature","properties":{"id":"1302","nama":"Pesisir Selatan","prov":"Sumatera Barat","ikk":91.92,"pdrb":11413.66,"pdrb_f":1098.35,"share":9.62},"geometry":{"type":"MultiPolygon","coordinates":[[[[100.53,-1.31],[100.49,-1.3],[100.45,-1.26],[100.4,-1.27],[100.41,-1.24],[100.43,-1.25],[100.43,-1.2],[100.38,-1.18],[100.38,-1.15],[100.36,-1.16],[100.42,-1.11],[100.43,-1.06],[100.48,-1.0],[100.52,-0.99],[100.54,-0.96],[100.58,-1.07],[100.62,-1.06],[100.64,-1.11],[100.71,-1.09],[100.74,-1.11],[100.75,-1.16],[100.78,-1.16],[100.8,-1.2],[100.8,-1.28],[100.9,-1.33],[100.91,-1.38],[100.89,-1.39],[100.94,-1.42],[100.94,-1.46],[100.98,-1.48],[100.98,-1.53],[101.02,-1.57],[101.02,-1.6],[101.06,-1.63],[101.07,-1.66],[101.13,-1.69],[101.13,-1.76],[101.18,-1.86],[101.14,-1.92],[101.21,-1.98],[101.24,-2.1],[101.27,-2.13],[101.29,-2.28],[101.24,-2.32],[101.24,-2.34],[101.02,-2.48],[100.89,-2.33],[100.87,-2.24],[100.82,-2.17],[100.88,-2.05],[100.86,-1.92],[100.64,-1.62],[100.62,-1.5],[100.56,-1.44],[100.58,-1.42],[100.56,-1.41],[100.59,-1.39],[100.58,-1.37],[100.56,-1.37],[100.57,-1.34],[100.53,-1.31]]]]}},{"type":"Feature","properties":{"id":"9433","nama":"Puncak","prov":"Papua","ikk":361.36,"pdrb":914.45,"pdrb_f":263.15,"share":28.78},"geometry":{"type":"MultiPolygon","coordinates":[[[[137.7,-4.09],[137.68,-4.17],[137.32,-4.16],[137.29,-4.03],[137.25,-4.03],[137.2,-4.02],[137.19,-3.91],[137.13,-3.82],[137.11,-3.75],[137.14,-3.6],[137.08,-3.59],[137.02,-3.55],[137.02,-3.5],[136.98,-3.49],[136.98,-3.42],[136.96,-3.41],[136.96,-3.41],[136.95,-3.34],[136.88,-3.24],[136.9,-3.19],[136.97,-3.2],[136.99,-3.17],[137.01,-3.19],[137.04,-3.17],[137.07,-3.18],[137.13,-3.12],[137.16,-3.13],[137.19,-3.11],[137.15,-3.08],[137.38,-2.96],[137.43,-3.01],[137.42,-3.01],[137.44,-3.04],[137.56,-3.05],[137.62,-3.11],[137.39,-3.31],[137.41,-3.33],[137.44,-3.36],[137.5,-3.49],[137.57,-3.53],[137.62,-3.58],[137.65,-3.6],[137.75,-3.61],[137.82,-3.69],[137.89,-3.69],[137.9,-3.8],[137.95,-3.87],[137.94,-3.96],[137.81,-3.98],[137.74,-4.03],[137.7,-4.09]]]]}},{"type":"Feature","properties":{"id":"6402","nama":"Kutai Barat","prov":"Kalimantan Timur","ikk":129.02,"pdrb":27051.65,"pdrb_f":2812.54,"share":10.4},"geometry":{"type":"MultiPolygon","coordinates":[[[[115.82,-1.09],[115.76,-1.14],[115.75,-1.1],[115.67,-1.05],[115.65,-1.06],[115.62,-0.98],[115.56,-0.93],[115.53,-0.86],[115.37,-0.88],[115.36,-0.86],[115.35,-0.89],[115.34,-0.84],[115.29,-0.8],[115.3,-0.74],[115.35,-0.72],[115.32,-0.65],[115.38,-0.57],[115.34,-0.54],[115.28,-0.55],[115.31,-0.49],[115.3,-0.46],[115.27,-0.45],[115.23,-0.39],[115.22,-0.31],[115.25,-0.29],[115.23,-0.2],[115.25,-0.18],[115.24,-0.16],[115.31,-0.12],[115.29,-0.06],[115.31,-0.05],[115.38,0.03],[115.4,0.02],[115.43,0.04],[115.46,0.14],[115.64,0.14],[115.65,0.17],[115.72,0.22],[115.72,0.25],[115.72,0.26],[115.68,0.33],[115.77,0.29],[115.77,0.24],[115.79,0.24],[115.8,0.21],[115.83,0.22],[115.87,0.17],[115.9,0.12],[115.98,0.1],[116.01,0.01],[115.95,-0.03],[115.98,-0.09],[116.03,-0.1],[116.05,-0.15],[116.16,-0.18],[116.16,-0.21],[116.31,-0.3],[116.3,-0.4],[116.24,-0.4],[116.2,-0.45],[116.32,-0.53],[116.45,-0.73],[116.52,-0.75],[116.49,-0.81],[116.5,-0.86],[116.45,-0.88],[116.48,-0.94],[116.44,-0.95],[116.44,-0.97],[116.38,-0.96],[116.34,-1.02],[116.26,-1.06],[116.25,-1.09],[116.21,-1.1],[116.07,-1.08],[116.02,-1.09],[115.99,-1.08],[115.98,-1.11],[115.92,-1.15],[115.9,-1.11],[115.84,-1.11],[115.82,-1.09]]]]}},{"type":"Feature","properties":{"id":"1301","nama":"Kepulauan Mentawai","prov":"Sumatera Barat","ikk":117.65,"pdrb":3553.01,"pdrb_f":482.52,"share":13.58},"geometry":{"type":"MultiPolygon","coordinates":[[[[99.27,-1.8],[99.29,-1.81],[99.29,-1.83],[99.25,-1.85],[99.27,-1.81],[99.25,-1.79],[99.27,-1.8]]],[[[99.21,-1.55],[99.2,-1.58],[99.22,-1.6],[99.26,-1.59],[99.29,-1.63],[99.27,-1.65],[99.29,-1.65],[99.28,-1.68],[99.29,-1.66],[99.3,-1.68],[99.29,-1.75],[99.26,-1.74],[99.23,-1.63],[99.21,-1.63],[99.2,-1.64],[99.21,-1.64],[99.24,-1.68],[99.22,-1.66],[99.26,-1.78],[99.24,-1.8],[99.16,-1.78],[99.11,-1.81],[99.06,-1.79],[98.88,-1.68],[98.83,-1.62],[98.84,-1.59],[98.81,-1.52],[98.6,-1.22],[98.6,-1.2],[98.66,-1.09],[98.66,-0.98],[98.68,-0.96],[98.72,-0.94],[98.8,-0.96],[98.91,-0.91],[98.9,-0.94],[98.93,-0.93],[98.95,-1.01],[98.93,-0.99],[98.92,-1.0],[98.95,-1.09],[98.96,-1.08],[99.0,-1.12],[99.01,-1.16],[99.04,-1.2],[99.03,-1.22],[99.07,-1.25],[99.05,-1.3],[99.08,-1.29],[99.12,-1.38],[99.1,-1.39],[99.13,-1.39],[99.13,-1.41],[99.14,-1.4],[99.17,-1.43],[99.17,-1.47],[99.11,-1.44],[99.18,-1.52],[99.2,-1.52],[99.21,-1.55]]],[[[100.15,-2.64],[100.18,-2.65],[100.22,-2.75],[100.22,-2.78],[100.14,-2.81],[100.15,-2.84],[100.08,-2.84],[100.05,-2.82],[100.04,-2.85],[100.01,-2.85],[100.0,-2.83],[100.02,-2.81],[99.99,-2.77],[100.01,-2.74],[100.0,-2.7],[100.01,-2.69],[99.96,-2.57],[99.98,-2.57],[99.98,-2.51],[100.0,-2.5],[100.15,-2.64]]],[[[99.71,-2.1],[99.72,-2.18],[99.78,-2.26],[99.78,-2.29],[99.8,-2.29],[99.85,-2.34],[99.86,-2.4],[99.84,-2.4],[99.84,-2.36],[99.8,-2.37],[99.79,-2.35],[99.74,-2.35],[99.69,-2.3],[99.63,-2.29],[99.63,-2.27],[99.61,-2.29],[99.61,-2.24],[99.59,-2.25],[99.59,-2.22],[99.57,-2.25],[99.53,-2.15],[99.57,-2.15],[99.55,-2.07],[99.59,-2.03],[99.58,-2.04],[99.64,-2.04],[99.71,-2.1]]],[[[100.27,-2.84],[100.35,-2.9],[100.43,-3.0],[100.47,-3.02],[100.46,-3.04],[100.45,-3.02],[100.45,-3.05],[100.47,-3.04],[100.46,-3.11],[100.47,-3.14],[100.36,-3.16],[100.4,-3.18],[100.4,-3.2],[100.37,-3.18],[100.47,-3.34],[100.44,-3.35],[100.38,-3.28],[100.38,-3.25],[100.33,-3.23],[100.33,-3.21],[100.37,-3.23],[100.33,-3.17],[100.34,-3.14],[100.29,-3.08],[100.25,-3.08],[100.26,-3.05],[100.23,-3.06],[100.18,-2.97],[100.2,-2.94],[100.18,-2.8],[100.24,-2.78],[100.27,-2.84]]],[[[100.5,-3.15],[100.53,-3.2],[100.48,-3.17],[100.5,-3.15]]]]}},{"type":"Feature","properties":{"id":"9436","nama":"Deiyai","prov":"Papua","ikk":170.92,"pdrb":939.09,"pdrb_f":300.53,"share":32.0},"geometry":{"type":"MultiPolygon","coordinates":[[[[136.51,-4.21],[136.49,-4.22],[136.54,-4.29],[136.5,-4.31],[136.43,-4.32],[136.42,-4.29],[136.34,-4.3],[136.33,-4.27],[136.28,-4.26],[136.25,-4.3],[136.17,-4.24],[136.09,-4.25],[136.09,-4.22],[136.09,-4.07],[136.13,-4.03],[136.19,-4.03],[136.23,-3.99],[136.65,-4.03],[136.68,-4.04],[136.69,-4.11],[136.73,-4.13],[136.7,-4.19],[136.67,-4.22],[136.51,-4.21]]]]}},{"type":"Feature","properties":{"id":"1572","nama":"Kota Sungai Penuh","prov":"Jambi","ikk":97.01,"pdrb":5736.72,"pdrb_f":675.77,"share":11.78},"geometry":{"type":"MultiPolygon","coordinates":[[[[101.43,-2.11],[101.41,-2.12],[101.42,-2.2],[101.38,-2.19],[101.39,-2.21],[101.31,-2.26],[101.29,-2.26],[101.26,-2.12],[101.24,-2.07],[101.29,-2.03],[101.43,-2.03],[101.46,-2.09],[101.43,-2.11]]]]}},{"type":"Feature","properties":{"id":"6401","nama":"Paser","prov":"Kalimantan Timur","ikk":118.75,"pdrb":40315.07,"pdrb_f":1144.11,"share":2.84},"geometry":{"type":"MultiPolygon","coordinates":[[[[116.36,-2.12],[116.43,-2.13],[116.5,-2.11],[116.51,-2.13],[116.52,-2.16],[116.4,-2.21],[116.52,-2.16],[116.55,-2.17],[116.55,-2.21],[116.59,-2.17],[116.59,-2.26],[116.56,-2.41],[116.27,-2.34],[116.24,-2.33],[116.24,-2.31],[116.17,-2.31],[116.11,-2.34],[116.04,-2.33],[116.03,-2.31],[115.93,-2.33],[115.89,-2.34],[115.89,-2.37],[115.83,-2.4],[115.82,-2.32],[115.83,-2.3],[115.79,-2.21],[115.81,-2.07],[115.78,-2.05],[115.72,-2.06],[115.69,-2.04],[115.72,-2.0],[115.69,-1.98],[115.73,-1.92],[115.73,-1.8],[115.68,-1.79],[115.71,-1.73],[115.67,-1.71],[115.67,-1.63],[115.64,-1.6],[115.63,-1.56],[115.65,-1.51],[115.62,-1.52],[115.62,-1.5],[115.63,-1.47],[115.68,-1.46],[115.74,-1.37],[115.76,-1.3],[115.78,-1.3],[115.79,-1.24],[115.82,-1.2],[115.86,-1.19],[115.84,-1.11],[115.9,-1.11],[115.92,-1.15],[115.98,-1.11],[115.99,-1.08],[116.02,-1.09],[116.07,-1.08],[116.21,-1.1],[116.34,-1.02],[116.38,-0.96],[116.44,-0.97],[116.47,-1.04],[116.37,-1.14],[116.38,-1.18],[116.41,-1.21],[116.39,-1.23],[116.41,-1.24],[116.42,-1.28],[116.4,-1.32],[116.41,-1.36],[116.43,-1.38],[116.42,-1.41],[116.38,-1.45],[116.37,-1.55],[116.46,-1.6],[116.46,-1.6],[116.48,-1.6],[116.48,-1.57],[116.55,-1.56],[116.56,-1.6],[116.49,-1.64],[116.31,-1.7],[116.26,-1.78],[116.21,-1.78],[116.26,-1.81],[116.36,-1.78],[116.37,-1.76],[116.45,-1.77],[116.45,-1.81],[116.42,-1.86],[116.44,-1.87],[116.46,-1.92],[116.46,-2.06],[116.36,-2.12]]]]}},{"type":"Feature","properties":{"id":"1304","nama":"Sijunjung","prov":"Sumatera Barat","ikk":94.68,"pdrb":8023.17,"pdrb_f":1052.66,"share":13.12},"geometry":{"type":"MultiPolygon","coordinates":[[[[101.23,-0.6],[101.25,-0.63],[101.31,-0.63],[101.5,-0.81],[101.55,-0.82],[101.51,-0.86],[101.47,-0.84],[101.43,-0.86],[101.42,-0.95],[101.38,-0.94],[101.34,-0.96],[101.28,-0.95],[101.19,-0.91],[101.19,-0.95],[101.07,-0.99],[101.05,-0.97],[101.07,-0.95],[101.04,-0.88],[101.0,-0.88],[100.99,-0.85],[100.92,-0.81],[100.89,-0.83],[100.85,-0.79],[100.81,-0.8],[100.8,-0.76],[100.81,-0.69],[100.79,-0.67],[100.81,-0.58],[100.8,-0.56],[100.84,-0.51],[100.81,-0.48],[100.84,-0.39],[100.81,-0.35],[100.95,-0.31],[101.0,-0.32],[101.04,-0.36],[101.03,-0.4],[101.07,-0.5],[101.11,-0.5],[101.23,-0.6]]]]}},{"type":"Feature","properties":{"id":"9435","nama":"Intan Jaya","prov":"Papua","ikk":342.92,"pdrb":839.85,"pdrb_f":292.8,"share":34.86},"geometry":{"type":"MultiPolygon","coordinates":[[[[137.11,-3.75],[137.13,-3.82],[137.19,-3.91],[136.73,-3.91],[136.73,-3.84],[136.51,-3.63],[136.34,-3.38],[136.39,-3.35],[136.39,-3.31],[136.38,-3.23],[136.31,-3.13],[136.34,-3.05],[136.3,-2.99],[136.32,-2.94],[136.3,-2.92],[136.32,-2.91],[136.35,-2.94],[136.34,-3.01],[136.37,-3.04],[136.43,-3.09],[136.45,-3.18],[136.49,-3.23],[136.54,-3.23],[136.57,-3.25],[136.63,-3.24],[136.73,-3.28],[136.79,-3.27],[136.83,-3.28],[136.88,-3.24],[136.95,-3.34],[136.96,-3.41],[136.96,-3.41],[136.98,-3.42],[136.98,-3.49],[137.02,-3.5],[137.02,-3.55],[137.08,-3.59],[137.14,-3.6],[137.11,-3.75]]]]}},{"type":"Feature","properties":{"id":"6404","nama":"Kutai Timur","prov":"Kalimantan Timur","ikk":127.39,"pdrb":116154.53,"pdrb_f":2901.6,"share":2.5},"geometry":{"type":"MultiPolygon","coordinates":[[[[117.53,0.31],[117.52,0.26],[117.53,0.26],[117.52,0.24],[117.53,0.22],[117.47,0.2],[117.43,0.11],[117.4,0.08],[117.39,0.02],[117.35,0.03],[117.34,0.05],[117.31,0.03],[117.26,0.04],[117.23,0.08],[117.21,0.08],[117.21,0.12],[117.17,0.15],[117.18,0.28],[117.21,0.35],[117.14,0.37],[116.99,0.58],[116.96,0.54],[116.94,0.54],[116.94,0.43],[116.9,0.39],[116.89,0.39],[116.87,0.39],[116.88,0.33],[116.85,0.31],[116.83,0.24],[116.65,0.18],[116.47,0.18],[116.47,0.31],[116.4,0.36],[116.32,0.46],[116.29,0.47],[116.29,0.51],[116.26,0.55],[116.27,0.59],[116.22,0.71],[116.17,0.73],[116.14,0.72],[116.15,0.75],[116.07,0.81],[116.03,0.77],[116.0,0.77],[115.97,0.82],[115.97,0.83],[116.02,0.83],[116.04,0.89],[116.07,0.9],[116.03,0.97],[116.04,1.01],[116.07,1.03],[116.03,1.17],[116.06,1.18],[116.1,1.25],[116.15,1.3],[116.17,1.38],[116.14,1.41],[116.15,1.48],[116.01,1.53],[116.04,1.56],[116.04,1.61],[116.07,1.65],[116.13,1.67],[116.18,1.84],[116.31,1.83],[116.35,1.8],[116.36,1.76],[116.4,1.76],[116.4,1.72],[116.43,1.71],[116.48,1.73],[116.49,1.67],[116.55,1.64],[116.53,1.61],[116.55,1.59],[116.64,1.6],[116.68,1.63],[116.72,1.61],[116.76,1.62],[116.8,1.58],[116.91,1.6],[116.98,1.52],[116.97,1.48],[116.98,1.47],[116.95,1.43],[117.0,1.4],[116.99,1.35],[117.07,1.34],[117.11,1.37],[117.16,1.31],[117.21,1.29],[117.26,1.36],[117.32,1.37],[117.33,1.44],[117.35,1.51],[117.32,1.53],[117.36,1.57],[117.42,1.6],[117.48,1.52],[117.52,1.51],[117.54,1.53],[117.54,1.63],[117.58,1.64],[117.59,1.62],[117.62,1.62],[117.65,1.6],[117.68,1.66],[117.73,1.7],[117.78,1.66],[117.8,1.61],[117.81,1.64],[117.84,1.63],[117.85,1.55],[117.9,1.51],[117.92,1.38],[117.96,1.34],[117.99,1.34],[118.01,1.27],[117.99,1.25],[118.02,1.21],[118.06,1.21],[118.06,1.18],[118.16,1.17],[118.21,1.2],[118.2,1.24],[118.21,1.26],[118.28,1.18],[118.37,1.15],[118.4,1.27],[118.42,1.28],[118.46,1.26],[118.47,1.22],[118.5,1.24],[118.59,1.17],[118.59,1.11],[118.61,1.1],[118.77,1.1],[118.8,1.01],[118.82,1.01],[118.84,0.99],[118.87,0.99],[118.88,1.04],[118.95,1.05],[118.99,1.02],[118.96,0.94],[118.89,0.88],[118.86,0.88],[118.8,0.8],[118.73,0.82],[118.71,0.81],[118.68,0.86],[118.62,0.85],[118.59,0.81],[118.44,0.84],[118.37,0.8],[118.32,0.85],[118.07,0.9],[118.04,0.95],[118.01,0.96],[117.98,1.06],[117.9,1.11],[117.93,1.07],[117.91,1.07],[117.93,1.05],[117.96,0.99],[117.93,1.05],[117.94,1.06],[117.98,1.02],[117.99,0.98],[117.97,0.96],[117.99,0.91],[118.0,0.94],[118.01,0.93],[118.03,0.78],[117.97,0.77],[117.92,0.81],[117.91,0.84],[117.76,0.76],[117.71,0.7],[117.71,0.63],[117.67,0.62],[117.63,0.52],[117.61,0.49],[117.61,0.42],[117.57,0.4],[117.55,0.42],[117.57,0.42],[117.57,0.39],[117.53,0.31]]]]}},{"type":"Feature","properties":{"id":"1303","nama":"Solok","prov":"Sumatera Barat","ikk":93.03,"pdrb":11783.72,"pdrb_f":997.84,"share":8.47},"geometry":{"type":"MultiPolygon","coordinates":[[[[100.74,-1.11],[100.71,-1.09],[100.64,-1.11],[100.62,-1.06],[100.58,-1.07],[100.55,-0.97],[100.57,-0.9],[100.56,-0.86],[100.53,-0.85],[100.54,-0.81],[100.64,-0.8],[100.68,-0.81],[100.69,-0.74],[100.64,-0.74],[100.63,-0.77],[100.6,-0.77],[100.54,-0.81],[100.44,-0.71],[100.43,-0.66],[100.52,-0.64],[100.57,-0.61],[100.6,-0.55],[100.67,-0.53],[100.71,-0.59],[100.69,-0.6],[100.69,-0.65],[100.72,-0.66],[100.7,-0.68],[100.7,-0.73],[100.74,-0.72],[100.81,-0.77],[100.81,-0.8],[100.84,-0.79],[100.89,-0.83],[100.92,-0.81],[100.99,-0.85],[101.0,-0.88],[101.04,-0.88],[101.07,-0.95],[101.05,-0.97],[101.07,-0.99],[101.2,-0.95],[101.19,-1.02],[101.14,-1.04],[101.18,-1.13],[101.24,-1.21],[101.24,-1.25],[101.22,-1.25],[101.16,-1.23],[101.09,-1.15],[101.0,-1.13],[101.02,-1.23],[101.0,-1.29],[100.95,-1.3],[100.94,-1.28],[100.87,-1.31],[100.8,-1.28],[100.8,-1.2],[100.78,-1.16],[100.75,-1.16],[100.74,-1.11]]]]}},{"type":"Feature","properties":{"id":"9430","nama":"Lanny Jaya","prov":"Papua","ikk":259.68,"pdrb":1450.94,"pdrb_f":330.49,"share":22.78},"geometry":{"type":"MultiPolygon","coordinates":[[[[138.44,-4.19],[138.34,-4.19],[138.34,-4.15],[138.32,-4.15],[138.29,-4.15],[138.28,-4.07],[138.24,-4.03],[138.18,-4.06],[138.17,-4.15],[138.07,-4.13],[137.87,-4.16],[137.82,-4.13],[137.68,-4.17],[137.7,-4.09],[137.74,-4.03],[137.81,-3.98],[137.94,-3.96],[137.95,-3.87],[138.01,-3.84],[138.19,-3.84],[138.27,-3.81],[138.3,-3.77],[138.39,-3.78],[138.37,-3.85],[138.4,-3.88],[138.43,-3.83],[138.44,-3.84],[138.48,-3.81],[138.52,-3.81],[138.55,-3.85],[138.62,-3.79],[138.62,-3.81],[138.59,-3.82],[138.58,-3.85],[138.63,-3.81],[138.68,-3.84],[138.73,-3.92],[138.68,-3.97],[138.58,-4.18],[138.44,-4.19]]]]}},{"type":"Feature","properties":{"id":"6403","nama":"Kutai Kartanegara","prov":"Kalimantan Timur","ikk":116.72,"pdrb":147909.34,"pdrb_f":10891.16,"share":7.36},"geometry":{"type":"MultiPolygon","coordinates":[[[[117.25,-0.9],[117.18,-0.94],[117.02,-1.14],[116.95,-1.13],[116.9,-1.06],[116.84,-1.05],[116.84,-1.02],[116.9,-0.99],[116.94,-0.93],[116.91,-0.88],[116.83,-0.81],[116.77,-0.83],[116.77,-0.8],[116.74,-0.83],[116.73,-0.8],[116.68,-0.8],[116.63,-0.88],[116.6,-0.88],[116.57,-0.86],[116.56,-0.81],[116.51,-0.83],[116.5,-0.86],[116.49,-0.81],[116.52,-0.75],[116.45,-0.73],[116.32,-0.53],[116.2,-0.45],[116.24,-0.4],[116.3,-0.4],[116.31,-0.3],[116.16,-0.21],[116.16,-0.18],[116.05,-0.15],[116.03,-0.1],[115.98,-0.09],[115.95,-0.03],[116.01,0.01],[115.98,0.1],[115.9,0.12],[115.84,0.19],[115.83,0.22],[115.8,0.21],[115.79,0.24],[115.77,0.24],[115.77,0.29],[115.67,0.33],[115.71,0.38],[115.77,0.4],[115.73,0.52],[115.71,0.52],[115.7,0.54],[115.65,0.54],[115.64,0.56],[115.67,0.58],[115.65,0.62],[115.6,0.64],[115.57,0.7],[115.5,0.76],[115.41,0.78],[115.39,0.77],[115.38,0.81],[115.32,0.83],[115.28,0.81],[115.28,0.84],[115.31,0.9],[115.27,0.91],[115.23,0.96],[115.26,1.03],[115.3,1.06],[115.37,1.07],[115.38,1.1],[115.42,1.14],[115.41,1.18],[115.43,1.22],[115.66,1.29],[115.7,1.26],[115.76,1.26],[115.77,1.31],[115.81,1.32],[115.86,1.4],[115.85,1.43],[115.96,1.49],[115.97,1.53],[116.15,1.48],[116.14,1.41],[116.17,1.38],[116.13,1.28],[116.06,1.18],[116.03,1.17],[116.07,1.03],[116.04,1.01],[116.03,0.97],[116.07,0.9],[116.04,0.89],[116.02,0.83],[115.97,0.83],[115.97,0.82],[116.0,0.77],[116.03,0.77],[116.07,0.81],[116.15,0.75],[116.14,0.72],[116.17,0.73],[116.22,0.71],[116.27,0.59],[116.26,0.55],[116.29,0.51],[116.29,0.47],[116.32,0.46],[116.4,0.36],[116.47,0.31],[116.47,0.18],[116.65,0.18],[116.83,0.24],[116.85,0.31],[116.88,0.33],[116.87,0.39],[116.89,0.39],[116.9,0.39],[116.94,0.43],[116.94,0.54],[116.96,0.54],[116.99,0.58],[117.14,0.37],[117.21,0.35],[117.18,0.28],[117.17,0.15],[117.21,0.12],[117.21,0.08],[117.28,0.04],[117.34,0.05],[117.37,0.02],[117.52,0.02],[117.52,-0.03],[117.48,-0.07],[117.44,-0.2],[117.42,-0.22],[117.46,-0.37],[117.43,-0.4],[117.44,-0.42],[117.42,-0.43],[117.46,-0.45],[117.43,-0.51],[117.39,-0.51],[117.39,-0.54],[117.43,-0.51],[117.41,-0.54],[117.35,-0.58],[117.24,-0.58],[117.24,-0.56],[117.27,-0.56],[117.26,-0.44],[117.3,-0.38],[117.23,-0.36],[117.24,-0.34],[117.2,-0.32],[117.14,-0.32],[117.13,-0.41],[117.06,-0.45],[117.05,-0.55],[117.07,-0.59],[117.09,-0.58],[117.14,-0.62],[117.13,-0.66],[117.16,-0.72],[117.18,-0.71],[117.19,-0.68],[117.27,-0.6],[117.29,-0.61],[117.31,-0.67],[117.28,-0.79],[117.25,-0.81],[117.25,-0.9]]],[[[117.28,-0.83],[117.28,-0.89],[117.27,-0.85],[117.27,-0.81],[117.28,-0.83]]],[[[117.3,-0.81],[117.3,-0.86],[117.29,-0.88],[117.28,-0.86],[117.28,-0.8],[117.3,-0.81]]],[[[117.31,-0.71],[117.32,-0.74],[117.3,-0.75],[117.32,-0.74],[117.32,-0.77],[117.31,-0.78],[117.32,-0.79],[117.3,-0.81],[117.32,-0.81],[117.34,-0.83],[117.31,-0.84],[117.29,-0.8],[117.29,-0.73],[117.3,-0.7],[117.31,-0.71]]],[[[117.36,-0.89],[117.38,-0.85],[117.39,-0.88],[117.36,-0.89]]],[[[117.35,-0.79],[117.37,-0.83],[117.36,-0.87],[117.34,-0.87],[117.36,-0.89],[117.33,-0.91],[117.31,-0.86],[117.35,-0.84],[117.33,-0.79],[117.35,-0.79]]],[[[117.4,-0.76],[117.44,-0.81],[117.42,-0.84],[117.39,-0.78],[117.37,-0.78],[117.38,-0.76],[117.39,-0.77],[117.39,-0.75],[117.39,-0.77],[117.38,-0.76],[117.39,-0.74],[117.4,-0.76]]],[[[117.46,-0.8],[117.46,-0.82],[117.43,-0.78],[117.41,-0.78],[117.41,-0.75],[117.46,-0.8]]],[[[117.47,-0.76],[117.48,-0.8],[117.44,-0.75],[117.47,-0.76]]],[[[117.35,-0.65],[117.38,-0.7],[117.37,-0.78],[117.39,-0.78],[117.41,-0.84],[117.43,-0.84],[117.44,-0.89],[117.42,-0.87],[117.43,-0.86],[117.41,-0.88],[117.33,-0.76],[117.3,-0.62],[117.35,-0.65]]],[[[117.44,-0.73],[117.4,-0.71],[117.43,-0.74],[117.46,-0.78],[117.42,-0.75],[117.38,-0.72],[117.39,-0.69],[117.44,-0.73]]],[[[117.32,-0.72],[117.34,-0.78],[117.32,-0.8],[117.32,-0.76],[117.3,-0.69],[117.31,-0.68],[117.32,-0.72]]],[[[117.42,-0.63],[117.46,-0.63],[117.48,-0.67],[117.46,-0.68],[117.42,-0.66],[117.38,-0.63],[117.42,-0.63]]],[[[117.48,-0.56],[117.51,-0.57],[117.46,-0.59],[117.47,-0.62],[117.38,-0.62],[117.43,-0.66],[117.43,-0.68],[117.41,-0.67],[117.39,-0.67],[117.38,-0.65],[117.39,-0.67],[117.42,-0.67],[117.41,-0.7],[117.39,-0.69],[117.29,-0.58],[117.37,-0.59],[117.47,-0.55],[117.48,-0.56]]],[[[117.49,-0.34],[117.45,-0.44],[117.43,-0.43],[117.46,-0.4],[117.44,-0.38],[117.46,-0.39],[117.46,-0.34],[117.49,-0.34]]],[[[117.53,-0.78],[117.56,-0.8],[117.53,-0.81],[117.49,-0.77],[117.53,-0.78]]],[[[117.46,-0.69],[117.47,-0.71],[117.45,-0.7],[117.52,-0.74],[117.61,-0.73],[117.6,-0.79],[117.5,-0.77],[117.5,-0.79],[117.46,-0.75],[117.39,-0.69],[117.41,-0.7],[117.41,-0.68],[117.43,-0.68],[117.44,-0.66],[117.46,-0.69]]],[[[117.52,-0.66],[117.53,-0.68],[117.52,-0.69],[117.47,-0.68],[117.49,-0.66],[117.5,-0.67],[117.49,-0.65],[117.52,-0.66]]],[[[117.5,-0.64],[117.52,-0.65],[117.5,-0.66],[117.49,-0.65],[117.48,-0.66],[117.46,-0.63],[117.5,-0.64]]],[[[117.56,-0.62],[117.56,-0.65],[117.53,-0.65],[117.54,-0.62],[117.56,-0.62]]],[[[117.49,-0.61],[117.54,-0.62],[117.53,-0.64],[117.5,-0.63],[117.47,-0.62],[117.49,-0.61]]],[[[117.56,-0.51],[117.59,-0.52],[117.58,-0.57],[117.56,-0.6],[117.52,-0.6],[117.51,-0.57],[117.45,-0.55],[117.44,-0.56],[117.45,-0.54],[117.48,-0.53],[117.54,-0.54],[117.54,-0.51],[117.56,-0.51]]],[[[117.53,-0.53],[117.5,-0.52],[117.54,-0.5],[117.53,-0.53]]],[[[117.63,-0.43],[117.6,-0.48],[117.45,-0.53],[117.44,-0.56],[117.42,-0.56],[117.42,-0.54],[117.5,-0.47],[117.6,-0.41],[117.63,-0.43]]],[[[117.53,-0.41],[117.48,-0.49],[117.45,-0.5],[117.49,-0.44],[117.5,-0.44],[117.5,-0.4],[117.53,-0.39],[117.53,-0.41]]],[[[117.53,-0.36],[117.54,-0.38],[117.5,-0.4],[117.5,-0.44],[117.47,-0.47],[117.45,-0.5],[117.44,-0.49],[117.47,-0.42],[117.52,-0.35],[117.53,-0.36]]]]}},{"type":"Feature","properties":{"id":"9432","nama":"Yalimo","prov":"Papua","ikk":235.91,"pdrb":923.38,"pdrb_f":185.82,"share":20.12},"geometry":{"type":"MultiPolygon","coordinates":[[[[139.76,-3.88],[139.68,-4.0],[139.63,-4.04],[139.38,-4.13],[139.3,-4.13],[139.32,-4.12],[139.32,-4.08],[139.25,-4.01],[139.03,-4.04],[139.02,-4.03],[138.99,-4.03],[138.98,-4.01],[139.01,-4.0],[138.98,-3.94],[139.0,-3.93],[138.92,-3.9],[138.9,-3.85],[138.95,-3.86],[138.95,-3.82],[139.01,-3.82],[139.13,-3.75],[139.21,-3.75],[139.29,-3.66],[139.31,-3.66],[139.33,-3.69],[139.34,-3.66],[139.39,-3.61],[139.46,-3.46],[139.49,-3.48],[139.47,-3.49],[139.47,-3.52],[139.49,-3.49],[139.5,-3.52],[139.54,-3.54],[139.61,-3.5],[139.58,-3.53],[139.59,-3.55],[139.63,-3.55],[139.66,-3.53],[139.68,-3.56],[139.68,-3.53],[139.7,-3.54],[139.72,-3.52],[139.73,-3.55],[139.76,-3.51],[139.77,-3.56],[139.81,-3.57],[139.8,-3.59],[139.86,-3.59],[139.87,-3.61],[139.91,-3.65],[139.93,-3.69],[139.99,-3.69],[139.9,-3.75],[139.81,-3.85],[139.76,-3.86],[139.76,-3.88]]]]}},{"type":"Feature","properties":{"id":"9431","nama":"Mamberamo Tengah","prov":"Papua","ikk":260.46,"pdrb":877.99,"pdrb_f":221.82,"share":25.26},"geometry":{"type":"MultiPolygon","coordinates":[[[[138.98,-3.83],[138.95,-3.81],[138.95,-3.86],[138.9,-3.85],[138.9,-3.76],[138.72,-3.8],[138.64,-3.78],[138.59,-3.8],[138.58,-3.79],[138.64,-3.75],[138.65,-3.72],[138.68,-3.73],[138.72,-3.71],[138.75,-3.62],[138.76,-3.62],[138.73,-3.6],[138.74,-3.52],[138.59,-3.56],[138.47,-3.51],[138.53,-3.47],[138.52,-3.41],[138.54,-3.34],[138.73,-3.29],[138.85,-3.41],[138.93,-3.42],[139.02,-3.39],[139.03,-3.35],[139.03,-3.29],[139.05,-3.3],[139.05,-3.28],[139.07,-3.28],[139.11,-3.32],[139.11,-3.38],[139.13,-3.38],[139.12,-3.36],[139.14,-3.36],[139.15,-3.39],[139.13,-3.42],[139.14,-3.43],[139.15,-3.43],[139.18,-3.42],[139.21,-3.44],[139.27,-3.42],[139.25,-3.46],[139.27,-3.44],[139.27,-3.46],[139.31,-3.47],[139.33,-3.44],[139.34,-3.48],[139.38,-3.47],[139.36,-3.44],[139.46,-3.46],[139.39,-3.61],[139.34,-3.66],[139.33,-3.69],[139.31,-3.66],[139.29,-3.66],[139.21,-3.75],[139.13,-3.75],[139.09,-3.79],[138.98,-3.83]]]]}},{"type":"Feature","properties":{"id":"1571","nama":"Kota Jambi","prov":"Jambi","ikk":95.03,"pdrb":24091.12,"pdrb_f":2180.63,"share":9.05},"geometry":{"type":"MultiPolygon","coordinates":[[[[103.62,-1.66],[103.61,-1.69],[103.59,-1.67],[103.54,-1.68],[103.54,-1.57],[103.58,-1.56],[103.6,-1.55],[103.65,-1.55],[103.66,-1.61],[103.68,-1.61],[103.65,-1.66],[103.62,-1.66]]]]}},{"type":"Feature","properties":{"id":"7472","nama":"Kota Baubau","prov":"Sulawesi Tenggara","ikk":94.08,"pdrb":8122.2,"pdrb_f":1457.1,"share":17.94},"geometry":{"type":"MultiPolygon","coordinates":[[[[122.61,-5.45],[122.65,-5.44],[122.64,-5.41],[122.62,-5.41],[122.65,-5.32],[122.68,-5.31],[122.73,-5.33],[122.73,-5.36],[122.76,-5.37],[122.77,-5.41],[122.74,-5.49],[122.62,-5.51],[122.57,-5.54],[122.56,-5.52],[122.56,-5.48],[122.61,-5.45]]]]}},{"type":"Feature","properties":{"id":"7471","nama":"Kota Kendari","prov":"Sulawesi Tenggara","ikk":86.1,"pdrb":20504.96,"pdrb_f":3354.58,"share":16.36},"geometry":{"type":"MultiPolygon","coordinates":[[[[122.55,-4.08],[122.51,-4.09],[122.51,-4.07],[122.49,-4.07],[122.44,-4.01],[122.45,-3.94],[122.48,-3.91],[122.54,-3.94],[122.63,-3.95],[122.6,-3.98],[122.56,-3.97],[122.53,-3.97],[122.55,-3.98],[122.54,-3.99],[122.59,-3.98],[122.62,-4.0],[122.65,-4.0],[122.62,-4.03],[122.59,-4.08],[122.57,-4.07],[122.55,-4.08]]]]}},{"type":"Feature","properties":{"id":"6172","nama":"Kota Singkawang","prov":"Kalimantan Barat","ikk":106.91,"pdrb":8520.17,"pdrb_f":1215.25,"share":14.26},"geometry":{"type":"MultiPolygon","coordinates":[[[[109.07,0.85],[109.05,0.84],[109.07,0.75],[109.02,0.72],[108.96,0.81],[108.87,0.84],[108.95,0.91],[108.98,1.0],[109.06,1.01],[109.09,0.99],[109.1,1.01],[109.13,1.02],[109.15,0.98],[109.17,0.98],[109.16,0.93],[109.18,0.89],[109.07,0.85]]]]}},{"type":"Feature","properties":{"id":"6171","nama":"Kota Pontianak","prov":"Kalimantan Barat","ikk":101.06,"pdrb":30321.78,"pdrb_f":4262.08,"share":14.06},"geometry":{"type":"MultiPolygon","coordinates":[[[[109.37,-0.06],[109.34,-0.1],[109.31,-0.08],[109.27,-0.03],[109.29,0.01],[109.31,0.04],[109.37,0.02],[109.39,-0.05],[109.37,-0.06]]]]}},{"type":"Feature","properties":{"id":"1214","nama":"Nias Selatan","prov":"Sumatera Utara","ikk":103.23,"pdrb":4952.27,"pdrb_f":613.46,"share":12.39},"geometry":{"type":"MultiPolygon","coordinates":[[[[97.88,0.6],[97.84,0.56],[97.82,0.57],[97.83,0.54],[97.78,0.55],[97.78,0.58],[97.75,0.55],[97.74,0.58],[97.7,0.57],[97.63,0.8],[97.55,0.89],[97.53,0.94],[97.54,0.99],[97.62,1.03],[97.66,0.99],[97.69,1.0],[97.69,0.93],[97.73,0.92],[97.78,0.96],[97.78,0.92],[97.86,0.92],[97.85,0.91],[97.86,0.89],[97.9,0.88],[97.89,0.83],[97.91,0.8],[97.89,0.74],[97.9,0.63],[97.88,0.6]]],[[[97.89,-0.06],[97.9,-0.1],[97.85,-0.08],[97.84,-0.06],[97.89,-0.06]]],[[[98.28,-0.04],[98.28,-0.08],[98.26,-0.06],[98.27,-0.03],[98.28,-0.04]]],[[[98.33,-0.52],[98.35,-0.52],[98.35,-0.47],[98.38,-0.46],[98.38,-0.34],[98.44,-0.3],[98.41,-0.24],[98.45,-0.25],[98.49,-0.3],[98.52,-0.36],[98.5,-0.4],[98.51,-0.41],[98.51,-0.48],[98.48,-0.52],[98.51,-0.54],[98.5,-0.57],[98.49,-0.55],[98.47,-0.58],[98.47,-0.53],[98.44,-0.54],[98.42,-0.55],[98.42,-0.6],[98.39,-0.56],[98.29,-0.53],[98.32,-0.51],[98.33,-0.52]]],[[[98.49,-0.18],[98.49,-0.21],[98.57,-0.28],[98.57,-0.33],[98.54,-0.33],[98.55,-0.39],[98.51,-0.3],[98.4,-0.14],[98.35,-0.04],[98.29,-0.02],[98.35,0.01],[98.39,0.01],[98.4,-0.01],[98.41,0.0],[98.42,-0.04],[98.48,-0.12],[98.49,-0.18]]],[[[98.34,-0.12],[98.34,-0.14],[98.32,-0.12],[98.33,-0.09],[98.34,-0.12]]],[[[98.33,-0.05],[98.36,-0.09],[98.32,-0.08],[98.3,-0.06],[98.33,-0.05]]],[[[98.51,-0.6],[98.52,-0.64],[98.5,-0.62],[98.49,-0.61],[98.51,-0.6]]],[[[98.62,0.18],[98.71,0.18],[98.72,0.16],[98.79,0.17],[98.84,0.13],[98.85,0.08],[98.78,0.1],[98.73,0.07],[98.54,0.1],[98.53,0.14],[98.57,0.18],[98.62,0.18]]]]}},{"type":"Feature","properties":{"id":"1213","nama":"Langkat","prov":"Sumatera Utara","ikk":94.5,"pdrb":36311.27,"pdrb_f":2534.49,"share":6.98},"geometry":{"type":"MultiPolygon","coordinates":[[[[98.24,3.26],[98.22,3.28],[98.12,3.27],[98.1,3.31],[98.06,3.32],[98.0,3.37],[97.95,3.39],[97.93,3.44],[97.96,3.48],[97.92,3.5],[97.9,3.56],[97.87,3.57],[97.87,3.61],[97.8,3.72],[97.91,3.82],[97.92,3.85],[97.9,3.91],[97.95,3.89],[97.96,3.93],[98.02,3.97],[98.06,4.13],[98.08,4.15],[98.06,4.19],[98.09,4.19],[98.07,4.26],[98.12,4.25],[98.15,4.26],[98.15,4.29],[98.2,4.3],[98.25,4.29],[98.25,4.19],[98.16,4.15],[98.18,4.15],[98.16,4.08],[98.18,4.11],[98.25,4.13],[98.3,4.11],[98.31,4.07],[98.39,4.08],[98.43,4.04],[98.49,4.03],[98.49,4.01],[98.54,4.01],[98.56,3.94],[98.66,3.91],[98.6,3.87],[98.6,3.83],[98.54,3.8],[98.5,3.75],[98.5,3.67],[98.47,3.65],[98.45,3.66],[98.47,3.64],[98.47,3.62],[98.44,3.61],[98.46,3.6],[98.45,3.54],[98.48,3.53],[98.48,3.56],[98.5,3.57],[98.53,3.52],[98.5,3.39],[98.51,3.31],[98.43,3.24],[98.35,3.28],[98.37,3.25],[98.34,3.22],[98.3,3.23],[98.29,3.25],[98.24,3.26]]],[[[98.27,4.18],[98.27,4.14],[98.24,4.14],[98.24,4.18],[98.27,4.18]]]]}},{"type":"Feature","properties":{"id":"1216","nama":"Pakpak Bharat","prov":"Sumatera Utara","ikk":97.8,"pdrb":1058.92,"pdrb_f":99.36,"share":9.38},"geometry":{"type":"MultiPolygon","coordinates":[[[[98.25,2.35],[98.26,2.27],[98.2,2.31],[98.15,2.42],[98.09,2.5],[98.08,2.58],[98.11,2.61],[98.07,2.76],[98.12,2.78],[98.25,2.71],[98.34,2.7],[98.36,2.66],[98.41,2.64],[98.41,2.61],[98.43,2.62],[98.47,2.55],[98.45,2.53],[98.4,2.52],[98.41,2.46],[98.36,2.46],[98.35,2.43],[98.3,2.41],[98.3,2.34],[98.25,2.35]]]]}},{"type":"Feature","properties":{"id":"1215","nama":"Humbang Hasundutan","prov":"Sumatera Utara","ikk":95.54,"pdrb":4991.83,"pdrb_f":667.82,"share":13.38},"geometry":{"type":"MultiPolygon","coordinates":[[[[98.68,2.01],[98.68,1.99],[98.68,1.99],[98.66,2.02],[98.64,2.0],[98.61,2.02],[98.59,2.08],[98.45,2.09],[98.28,2.19],[98.25,2.36],[98.3,2.34],[98.3,2.41],[98.35,2.43],[98.36,2.46],[98.41,2.46],[98.43,2.49],[98.47,2.46],[98.5,2.48],[98.58,2.49],[98.59,2.45],[98.65,2.45],[98.67,2.4],[98.75,2.44],[98.84,2.36],[98.82,2.35],[98.83,2.32],[98.89,2.34],[98.95,2.32],[98.96,2.3],[98.96,2.27],[98.92,2.23],[98.85,2.21],[98.81,2.19],[98.82,2.16],[98.72,2.13],[98.68,2.01]]]]}},{"type":"Feature","properties":{"id":"1210","nama":"Dairi","prov":"Sumatera Utara","ikk":99.72,"pdrb":7976.35,"pdrb_f":938.75,"share":11.77},"geometry":{"type":"MultiPolygon","coordinates":[[[[98.29,2.71],[98.2,2.73],[98.11,2.79],[98.1,2.82],[98.06,2.82],[98.04,2.85],[97.95,2.9],[97.94,3.07],[97.96,3.07],[97.99,3.09],[98.04,3.08],[98.04,3.12],[98.11,3.06],[98.18,3.07],[98.2,2.98],[98.25,2.93],[98.29,2.97],[98.34,2.97],[98.37,2.93],[98.43,2.92],[98.48,2.86],[98.52,2.87],[98.53,2.79],[98.58,2.74],[98.56,2.58],[98.49,2.55],[98.47,2.55],[98.43,2.62],[98.4,2.61],[98.41,2.64],[98.36,2.66],[98.34,2.7],[98.29,2.71]]]]}},{"type":"Feature","properties":{"id":"1212","nama":"Deli Serdang","prov":"Sumatera Utara","ikk":90.09,"pdrb":87683.33,"pdrb_f":13112.88,"share":14.95},"geometry":{"type":"MultiPolygon","coordinates":[[[[98.72,3.12],[98.7,3.05],[98.67,3.07],[98.62,3.06],[98.61,3.11],[98.63,3.12],[98.6,3.16],[98.62,3.23],[98.56,3.2],[98.54,3.25],[98.49,3.23],[98.46,3.25],[98.51,3.31],[98.5,3.39],[98.53,3.52],[98.5,3.57],[98.54,3.57],[98.53,3.62],[98.51,3.63],[98.52,3.67],[98.5,3.67],[98.5,3.75],[98.54,3.8],[98.6,3.83],[98.6,3.87],[98.67,3.91],[98.7,3.87],[98.71,3.79],[98.63,3.77],[98.65,3.73],[98.61,3.7],[98.65,3.68],[98.66,3.62],[98.6,3.62],[98.61,3.56],[98.59,3.54],[98.59,3.5],[98.63,3.52],[98.64,3.51],[98.64,3.48],[98.66,3.52],[98.75,3.53],[98.72,3.55],[98.74,3.59],[98.72,3.59],[98.74,3.6],[98.71,3.6],[98.7,3.65],[98.67,3.67],[98.7,3.67],[98.7,3.72],[98.73,3.72],[98.7,3.74],[98.71,3.77],[98.74,3.77],[98.78,3.73],[98.87,3.69],[98.95,3.67],[98.92,3.6],[98.94,3.52],[98.91,3.45],[98.92,3.37],[98.8,3.3],[98.72,3.21],[98.74,3.17],[98.72,3.12]]]]}},{"type":"Feature","properties":{"id":"1211","nama":"Karo","prov":"Sumatera Utara","ikk":98.89,"pdrb":17345.36,"pdrb_f":1127.02,"share":6.5},"geometry":{"type":"MultiPolygon","coordinates":[[[[98.4,2.92],[98.34,2.97],[98.31,2.97],[98.25,2.93],[98.2,2.98],[98.18,3.07],[98.11,3.06],[98.05,3.12],[98.03,3.12],[98.04,3.08],[97.98,3.09],[97.98,3.13],[97.94,3.16],[97.96,3.18],[97.92,3.26],[98.0,3.28],[98.03,3.33],[98.1,3.31],[98.12,3.27],[98.15,3.27],[98.22,3.28],[98.34,3.22],[98.37,3.25],[98.35,3.28],[98.43,3.24],[98.45,3.25],[98.49,3.23],[98.54,3.25],[98.56,3.2],[98.62,3.23],[98.6,3.16],[98.63,3.12],[98.61,3.11],[98.58,3.05],[98.56,3.03],[98.53,2.93],[98.56,2.88],[98.52,2.9],[98.52,2.87],[98.48,2.86],[98.43,2.92],[98.4,2.92]]]]}},{"type":"Feature","properties":{"id":"6504","nama":"Nunukan","prov":"Kalimantan Utara","ikk":106.27,"pdrb":19403.42,"pdrb_f":1746.69,"share":9.0},"geometry":{"type":"MultiPolygon","coordinates":[[[[115.65,3.45],[115.61,3.51],[115.61,3.55],[115.58,3.6],[115.57,3.65],[115.58,3.75],[115.62,3.87],[115.56,3.92],[115.64,3.96],[115.7,4.19],[115.73,4.19],[115.77,4.24],[115.82,4.23],[115.83,4.26],[115.88,4.29],[115.87,4.34],[115.88,4.39],[115.91,4.39],[115.93,4.35],[116.0,4.35],[116.03,4.33],[116.04,4.3],[116.08,4.28],[116.11,4.33],[116.16,4.34],[116.17,4.39],[116.28,4.36],[116.35,4.39],[116.44,4.32],[116.44,4.29],[116.48,4.3],[116.49,4.33],[116.54,4.32],[116.54,4.38],[116.57,4.41],[116.59,4.37],[116.62,4.38],[116.62,4.34],[116.67,4.35],[116.7,4.33],[116.75,4.39],[116.79,4.34],[116.82,4.35],[116.84,4.33],[116.91,4.37],[116.97,4.34],[117.01,4.35],[117.02,4.32],[117.04,4.35],[117.11,4.33],[117.15,4.35],[117.2,4.34],[117.25,4.37],[117.3,4.31],[117.37,4.29],[117.41,4.25],[117.47,4.17],[117.59,4.17],[117.55,4.1],[117.49,4.09],[117.4,4.15],[117.42,4.09],[117.47,4.07],[117.44,4.01],[117.39,4.04],[117.36,4.02],[117.45,4.0],[117.46,3.93],[117.47,3.96],[117.44,4.01],[117.5,4.05],[117.54,4.02],[117.6,3.93],[117.68,3.91],[117.68,3.89],[117.6,3.88],[117.75,3.87],[117.83,3.79],[117.81,3.78],[117.82,3.76],[117.79,3.75],[117.66,3.79],[117.65,3.77],[117.6,3.77],[117.6,3.8],[117.53,3.77],[117.5,3.78],[117.48,3.76],[117.49,3.71],[117.44,3.69],[117.4,3.7],[117.36,3.66],[116.99,3.73],[116.74,3.68],[116.7,3.7],[116.66,3.78],[116.59,3.84],[116.41,3.89],[116.4,3.99],[116.35,4.01],[116.33,4.06],[116.28,4.06],[116.25,4.03],[116.23,4.07],[116.18,4.07],[116.17,4.11],[116.11,4.12],[116.08,4.1],[116.05,4.11],[116.07,3.89],[116.02,3.91],[115.91,3.84],[115.95,3.78],[115.91,3.69],[115.98,3.55],[115.95,3.48],[115.9,3.46],[115.87,3.41],[115.83,3.41],[115.81,3.39],[115.72,3.36],[115.69,3.3],[115.61,3.34],[115.57,3.41],[115.59,3.45],[115.61,3.45],[115.62,3.41],[115.65,3.45]]],[[[117.48,3.68],[117.43,3.68],[117.44,3.69],[117.48,3.71],[117.48,3.68]]],[[[117.75,4.06],[117.73,3.99],[117.68,3.97],[117.6,4.01],[117.59,4.08],[117.65,4.14],[117.67,4.14],[117.75,4.06]]],[[[117.92,4.09],[117.91,4.04],[117.86,4.03],[117.74,4.11],[117.68,4.17],[117.9,4.17],[117.93,4.13],[117.92,4.09]]]]}},{"type":"Feature","properties":{"id":"1672","nama":"Kota Prabumulih","prov":"Sumatera Selatan","ikk":87.62,"pdrb":6752.04,"pdrb_f":1093.49,"share":16.19},"geometry":{"type":"MultiPolygon","coordinates":[[[[104.33,-3.43],[104.29,-3.48],[104.33,-3.51],[104.32,-3.51],[104.31,-3.51],[104.32,-3.54],[104.27,-3.58],[104.24,-3.57],[104.25,-3.54],[104.19,-3.55],[104.15,-3.54],[104.14,-3.53],[104.14,-3.54],[104.14,-3.46],[104.15,-3.4],[104.13,-3.38],[104.13,-3.33],[104.15,-3.32],[104.19,-3.33],[104.2,-3.32],[104.22,-3.36],[104.31,-3.35],[104.36,-3.37],[104.33,-3.43]]]]}},{"type":"Feature","properties":{"id":"6501","nama":"Malinau","prov":"Kalimantan Utara","ikk":101.8,"pdrb":9573.71,"pdrb_f":1641.59,"share":17.15},"geometry":{"type":"MultiPolygon","coordinates":[[[[115.58,1.28],[115.44,1.23],[115.41,1.19],[115.42,1.15],[115.38,1.12],[115.28,1.14],[115.25,1.18],[115.21,1.18],[115.18,1.2],[115.12,1.19],[115.02,1.12],[114.98,1.19],[114.94,1.18],[114.89,1.21],[114.85,1.17],[114.81,1.19],[114.76,1.25],[114.72,1.27],[114.73,1.31],[114.7,1.35],[114.64,1.38],[114.63,1.43],[114.59,1.46],[114.62,1.52],[114.6,1.53],[114.61,1.58],[114.71,1.64],[114.72,1.79],[114.7,1.81],[114.73,1.83],[114.72,1.86],[114.74,1.87],[114.8,1.85],[114.82,1.89],[114.88,1.91],[114.85,1.96],[114.89,2.02],[114.86,2.04],[114.81,2.02],[114.8,2.06],[114.81,2.06],[114.8,2.09],[114.82,2.13],[114.8,2.15],[114.74,2.13],[114.74,2.19],[114.79,2.2],[114.82,2.26],[114.83,2.25],[114.87,2.26],[114.91,2.25],[114.96,2.28],[114.95,2.31],[114.96,2.36],[115.0,2.35],[115.04,2.39],[115.05,2.39],[115.05,2.4],[115.1,2.4],[115.15,2.48],[115.21,2.47],[115.24,2.5],[115.25,2.54],[115.22,2.54],[115.18,2.61],[115.12,2.58],[115.09,2.61],[115.12,2.65],[115.12,2.69],[115.1,2.7],[115.1,2.72],[115.14,2.74],[115.16,2.79],[115.09,2.82],[115.15,2.87],[115.16,2.92],[115.25,2.97],[115.29,3.05],[115.33,2.98],[115.4,2.98],[115.44,3.02],[115.5,3.03],[115.52,3.06],[115.52,3.11],[115.56,3.16],[115.52,3.19],[115.52,3.22],[115.53,3.23],[115.53,3.32],[115.57,3.41],[115.61,3.34],[115.69,3.3],[115.72,3.36],[115.81,3.39],[115.83,3.41],[115.87,3.41],[115.91,3.46],[115.95,3.48],[115.98,3.55],[115.91,3.69],[115.95,3.78],[115.91,3.84],[116.02,3.91],[116.07,3.89],[116.04,4.1],[116.11,4.12],[116.17,4.11],[116.18,4.07],[116.23,4.07],[116.25,4.03],[116.28,4.06],[116.33,4.06],[116.35,4.01],[116.4,3.99],[116.41,3.89],[116.59,3.84],[116.66,3.78],[116.7,3.7],[116.74,3.68],[116.67,3.51],[116.71,3.47],[116.7,3.43],[116.72,3.43],[116.7,3.4],[116.71,3.36],[116.78,3.29],[116.79,3.23],[116.77,3.16],[116.74,3.17],[116.72,3.11],[116.75,3.04],[116.66,3.01],[116.66,2.98],[116.61,2.95],[116.61,2.93],[116.59,2.92],[116.58,2.89],[116.49,2.83],[116.44,2.81],[116.43,2.78],[116.32,2.69],[116.29,2.63],[116.31,2.57],[116.28,2.49],[116.23,2.48],[116.18,2.41],[116.12,2.39],[116.04,2.26],[115.99,2.26],[116.01,2.19],[116.06,2.15],[116.1,2.17],[116.15,2.16],[116.16,2.13],[116.2,2.14],[116.22,2.12],[116.21,2.06],[116.23,2.01],[116.19,1.99],[116.2,1.95],[116.18,1.9],[116.18,1.84],[116.13,1.67],[116.07,1.65],[116.04,1.61],[116.04,1.56],[116.01,1.52],[115.97,1.53],[115.96,1.49],[115.85,1.43],[115.86,1.4],[115.83,1.35],[115.77,1.31],[115.77,1.26],[115.7,1.26],[115.66,1.29],[115.58,1.28]]]]}},{"type":"Feature","properties":{"id":"1671","nama":"Kota Palembang","prov":"Sumatera Selatan","ikk":88.67,"pdrb":131646.95,"pdrb_f":19372.76,"share":14.72},"geometry":{"type":"MultiPolygon","coordinates":[[[[104.77,-3.03],[104.74,-3.05],[104.72,-3.09],[104.68,-3.03],[104.66,-3.05],[104.63,-3.02],[104.63,-2.97],[104.61,-2.98],[104.62,-2.93],[104.65,-2.94],[104.63,-2.97],[104.68,-2.98],[104.68,-2.92],[104.67,-2.89],[104.71,-2.85],[104.73,-2.9],[104.77,-2.92],[104.83,-2.9],[104.83,-2.9],[104.85,-2.91],[104.84,-2.93],[104.87,-2.96],[104.83,-2.99],[104.84,-3.01],[104.82,-3.04],[104.79,-3.03],[104.79,-3.05],[104.77,-3.03]]]]}},{"type":"Feature","properties":{"id":"9427","nama":"Supiori","prov":"Papua","ikk":142.34,"pdrb":880.43,"pdrb_f":259.07,"share":29.43},"geometry":{"type":"MultiPolygon","coordinates":[[[[135.47,-0.74],[135.5,-0.81],[135.51,-0.79],[135.54,-0.84],[135.54,-0.87],[135.53,-0.87],[135.49,-0.81],[135.39,-0.72],[135.36,-0.64],[135.39,-0.62],[135.41,-0.65],[135.46,-0.65],[135.53,-0.67],[135.55,-0.66],[135.6,-0.67],[135.59,-0.7],[135.64,-0.66],[135.68,-0.69],[135.69,-0.72],[135.72,-0.71],[135.75,-0.74],[135.8,-0.7],[135.8,-0.71],[135.79,-0.74],[135.78,-0.76],[135.72,-0.79],[135.73,-0.77],[135.64,-0.89],[135.47,-0.74]]]]}},{"type":"Feature","properties":{"id":"9426","nama":"Waropen","prov":"Papua","ikk":144.88,"pdrb":1643.61,"pdrb_f":468.81,"share":28.52},"geometry":{"type":"MultiPolygon","coordinates":[[[[136.44,-3.11],[136.43,-3.08],[136.35,-3.03],[136.34,-3.0],[136.35,-2.94],[136.32,-2.91],[136.29,-2.91],[136.28,-2.87],[136.27,-2.89],[136.27,-2.85],[136.24,-2.86],[136.25,-2.84],[136.23,-2.84],[136.2,-2.8],[136.18,-2.81],[136.18,-2.79],[136.15,-2.78],[136.14,-2.8],[136.14,-2.75],[136.06,-2.77],[136.04,-2.74],[136.02,-2.74],[136.01,-2.71],[136.06,-2.67],[136.11,-2.67],[136.22,-2.61],[136.29,-2.48],[136.28,-2.46],[136.3,-2.41],[136.34,-2.37],[136.33,-2.28],[136.4,-2.22],[136.51,-2.19],[136.54,-2.22],[136.58,-2.19],[136.56,-2.25],[136.59,-2.19],[136.58,-2.22],[136.6,-2.25],[136.67,-2.26],[136.71,-2.23],[136.76,-2.27],[136.76,-2.24],[136.79,-2.21],[136.81,-2.22],[136.81,-2.18],[136.92,-2.3],[136.92,-2.33],[136.94,-2.35],[136.91,-2.36],[136.91,-2.39],[136.95,-2.4],[136.96,-2.43],[137.03,-2.42],[137.04,-2.46],[137.2,-2.56],[137.24,-2.58],[137.27,-2.63],[137.26,-2.69],[137.29,-2.72],[137.27,-2.74],[137.29,-2.76],[137.27,-2.82],[137.35,-2.86],[137.38,-2.97],[137.15,-3.08],[137.19,-3.11],[137.18,-3.12],[137.13,-3.14],[137.13,-3.12],[137.07,-3.18],[137.04,-3.17],[137.01,-3.19],[136.99,-3.17],[136.97,-3.2],[136.9,-3.19],[136.88,-3.24],[136.83,-3.28],[136.79,-3.27],[136.73,-3.28],[136.63,-3.24],[136.57,-3.25],[136.54,-3.23],[136.49,-3.23],[136.45,-3.18],[136.44,-3.11]]]]}},{"type":"Feature","properties":{"id":"1674","nama":"Kota Lubuklinggau","prov":"Sumatera Selatan","ikk":90.46,"pdrb":5357.09,"pdrb_f":1117.46,"share":20.86},"geometry":{"type":"MultiPolygon","coordinates":[[[[102.97,-3.27],[102.97,-3.36],[102.89,-3.37],[102.89,-3.33],[102.87,-3.34],[102.81,-3.34],[102.79,-3.29],[102.75,-3.28],[102.82,-3.24],[102.81,-3.22],[102.81,-3.18],[102.83,-3.17],[102.86,-3.13],[102.88,-3.16],[102.92,-3.15],[102.92,-3.19],[102.95,-3.25],[102.93,-3.26],[102.97,-3.26],[102.97,-3.27]]]]}},{"type":"Feature","properties":{"id":"6503","nama":"Tana Tidung","prov":"Kalimantan Utara","ikk":102.98,"pdrb":4640.0,"pdrb_f":844.91,"share":18.21},"geometry":{"type":"MultiPolygon","coordinates":[[[[117.36,3.45],[117.37,3.41],[117.41,3.39],[117.41,3.33],[117.39,3.33],[117.37,3.37],[117.33,3.38],[117.3,3.44],[117.36,3.45]]],[[[117.27,3.47],[117.32,3.46],[117.3,3.45],[117.31,3.41],[117.28,3.42],[117.25,3.31],[117.23,3.34],[117.19,3.34],[117.17,3.36],[117.12,3.35],[117.09,3.39],[117.05,3.41],[116.71,3.37],[116.7,3.4],[116.72,3.43],[116.7,3.43],[116.71,3.47],[116.67,3.52],[116.75,3.68],[116.99,3.73],[117.36,3.66],[117.4,3.7],[117.42,3.7],[117.43,3.67],[117.49,3.67],[117.5,3.64],[117.41,3.63],[117.26,3.62],[117.17,3.64],[117.09,3.64],[117.01,3.59],[117.13,3.62],[117.23,3.6],[117.16,3.58],[117.23,3.59],[117.19,3.54],[117.22,3.44],[117.19,3.43],[117.15,3.46],[117.15,3.5],[117.15,3.5],[117.15,3.46],[117.19,3.43],[117.16,3.42],[117.13,3.35],[117.17,3.43],[117.23,3.44],[117.22,3.49],[117.27,3.47]]],[[[117.25,3.59],[117.28,3.59],[117.3,3.56],[117.37,3.56],[117.44,3.53],[117.44,3.5],[117.51,3.5],[117.52,3.48],[117.49,3.43],[117.47,3.44],[117.32,3.49],[117.23,3.5],[117.2,3.54],[117.25,3.59]]],[[[117.45,3.59],[117.46,3.57],[117.44,3.56],[117.41,3.59],[117.3,3.58],[117.3,3.6],[117.39,3.61],[117.45,3.59]]],[[[117.42,3.42],[117.44,3.4],[117.43,3.35],[117.42,3.34],[117.42,3.37],[117.37,3.42],[117.37,3.44],[117.42,3.42]]],[[[117.54,3.58],[117.51,3.59],[117.52,3.62],[117.55,3.6],[117.54,3.58]]],[[[117.48,3.64],[117.52,3.64],[117.5,3.6],[117.45,3.61],[117.43,3.62],[117.43,3.64],[117.48,3.64]]],[[[117.73,3.69],[117.76,3.69],[117.74,3.67],[117.77,3.68],[117.76,3.66],[117.74,3.63],[117.71,3.64],[117.71,3.67],[117.73,3.72],[117.74,3.71],[117.73,3.69]]],[[[117.6,3.77],[117.65,3.77],[117.66,3.78],[117.73,3.76],[117.82,3.71],[117.79,3.69],[117.77,3.7],[117.79,3.71],[117.75,3.7],[117.77,3.72],[117.75,3.7],[117.75,3.73],[117.74,3.72],[117.73,3.74],[117.67,3.78],[117.73,3.74],[117.71,3.73],[117.67,3.75],[117.64,3.77],[117.68,3.75],[117.67,3.73],[117.69,3.75],[117.73,3.73],[117.73,3.69],[117.71,3.67],[117.72,3.63],[117.67,3.62],[117.59,3.63],[117.51,3.68],[117.48,3.76],[117.6,3.79],[117.6,3.77]]],[[[117.78,3.75],[117.81,3.75],[117.81,3.73],[117.78,3.74],[117.74,3.76],[117.78,3.75]]]]}},{"type":"Feature","properties":{"id":"9429","nama":"Nduga","prov":"Papua","ikk":224.15,"pdrb":922.87,"pdrb_f":247.85,"share":26.86},"geometry":{"type":"MultiPolygon","coordinates":[[[[138.51,-4.79],[138.39,-4.79],[138.28,-4.66],[137.97,-4.6],[137.58,-4.65],[137.58,-4.58],[137.66,-4.47],[137.68,-4.17],[137.82,-4.13],[137.87,-4.16],[138.07,-4.13],[138.17,-4.15],[138.18,-4.06],[138.24,-4.03],[138.26,-4.05],[138.28,-4.07],[138.29,-4.15],[138.32,-4.15],[138.34,-4.15],[138.34,-4.19],[138.55,-4.19],[138.58,-4.18],[138.6,-4.16],[138.6,-4.14],[138.63,-4.14],[138.64,-4.14],[138.73,-4.17],[138.61,-4.33],[138.59,-4.4],[138.62,-4.49],[138.72,-4.47],[138.71,-4.33],[138.71,-4.33],[138.84,-4.27],[138.85,-4.5],[138.83,-4.56],[138.86,-4.6],[138.86,-4.74],[138.79,-4.79],[138.64,-4.77],[138.51,-4.79]]]]}},{"type":"Feature","properties":{"id":"1673","nama":"Kota Pagar Alam","prov":"Sumatera Selatan","ikk":92.25,"pdrb":2819.97,"pdrb_f":462.66,"share":16.41},"geometry":{"type":"MultiPolygon","coordinates":[[[[103.29,-4.04],[103.34,-4.04],[103.36,-4.0],[103.41,-3.99],[103.4,-4.05],[103.36,-4.1],[103.36,-4.16],[103.31,-4.25],[103.23,-4.25],[103.18,-4.23],[103.18,-4.17],[103.14,-4.1],[103.12,-4.02],[103.22,-3.99],[103.29,-4.01],[103.28,-4.03],[103.29,-4.04]]]]}},{"type":"Feature","properties":{"id":"6502","nama":"Bulungan","prov":"Kalimantan Utara","ikk":107.44,"pdrb":14426.55,"pdrb_f":2234.76,"share":15.49},"geometry":{"type":"MultiPolygon","coordinates":[[[[116.87,2.8],[116.79,2.69],[116.76,2.69],[116.79,2.69],[116.9,2.85],[116.98,2.8],[117.08,2.8],[117.09,2.76],[117.15,2.72],[117.18,2.77],[117.2,2.77],[117.21,2.74],[117.26,2.74],[117.26,2.76],[117.27,2.74],[117.3,2.75],[117.33,2.78],[117.33,2.82],[117.33,2.8],[117.35,2.81],[117.36,2.8],[117.36,2.82],[117.42,2.81],[117.44,2.84],[117.48,2.84],[117.48,2.82],[117.51,2.83],[117.54,2.8],[117.54,2.82],[117.57,2.84],[117.58,2.84],[117.57,2.8],[117.58,2.83],[117.61,2.8],[117.6,2.78],[117.59,2.81],[117.6,2.78],[117.62,2.8],[117.68,2.79],[117.65,2.75],[117.69,2.79],[117.79,2.75],[117.8,2.63],[117.99,2.44],[117.92,2.39],[117.86,2.39],[117.82,2.36],[117.81,2.33],[117.75,2.33],[117.61,2.52],[117.57,2.5],[117.5,2.52],[117.48,2.55],[117.46,2.51],[117.42,2.5],[117.4,2.54],[117.4,2.59],[117.32,2.62],[117.21,2.59],[117.09,2.61],[117.02,2.52],[116.9,2.5],[116.89,2.48],[116.88,2.51],[116.84,2.52],[116.81,2.5],[116.79,2.51],[116.76,2.48],[116.75,2.44],[116.72,2.38],[116.69,2.4],[116.66,2.38],[116.65,2.4],[116.63,2.39],[116.63,2.41],[116.58,2.43],[116.57,2.45],[116.5,2.45],[116.49,2.4],[116.5,2.35],[116.47,2.33],[116.48,2.29],[116.46,2.28],[116.4,2.3],[116.33,2.29],[116.29,2.23],[116.35,2.18],[116.35,2.16],[116.32,2.12],[116.23,2.1],[116.2,2.14],[116.16,2.13],[116.15,2.16],[116.1,2.17],[116.06,2.15],[116.01,2.19],[115.99,2.26],[116.04,2.26],[116.12,2.39],[116.18,2.41],[116.23,2.48],[116.28,2.49],[116.31,2.57],[116.29,2.63],[116.32,2.69],[116.43,2.78],[116.44,2.81],[116.46,2.82],[116.58,2.89],[116.59,2.92],[116.61,2.93],[116.61,2.95],[116.66,2.98],[116.66,3.01],[116.75,3.04],[116.72,3.11],[116.74,3.17],[116.77,3.16],[116.79,3.23],[116.78,3.29],[116.71,3.37],[117.05,3.41],[117.09,3.39],[117.12,3.35],[117.17,3.36],[117.19,3.34],[117.23,3.34],[117.25,3.31],[117.29,3.43],[117.33,3.4],[117.32,3.36],[117.29,3.36],[117.3,3.31],[117.3,3.36],[117.33,3.36],[117.33,3.38],[117.37,3.37],[117.39,3.34],[117.37,3.3],[117.33,3.29],[117.37,3.29],[117.33,3.26],[117.35,3.27],[117.35,3.24],[117.37,3.24],[117.38,3.27],[117.4,3.26],[117.38,3.23],[117.32,3.21],[117.31,3.24],[117.27,3.24],[117.28,3.28],[117.27,3.26],[117.26,3.29],[117.26,3.25],[117.19,3.25],[117.08,3.3],[117.18,3.25],[117.26,3.23],[117.25,3.22],[117.26,3.23],[117.28,3.19],[117.23,3.19],[117.2,3.17],[117.31,3.21],[117.32,3.17],[117.27,3.16],[117.25,3.12],[117.27,3.16],[117.29,3.16],[117.29,3.14],[117.29,3.16],[117.34,3.18],[117.4,3.16],[117.43,3.17],[117.46,3.14],[117.47,3.12],[117.39,3.09],[117.36,3.11],[117.38,3.08],[117.35,3.07],[117.35,3.05],[117.38,3.04],[117.35,3.0],[117.38,3.03],[117.37,3.04],[117.39,3.03],[117.33,2.92],[117.32,2.92],[117.31,2.95],[117.28,2.97],[117.31,2.95],[117.32,2.92],[117.34,2.93],[117.32,2.9],[117.36,2.84],[117.36,2.8],[117.33,2.82],[117.33,2.78],[117.27,2.75],[117.26,2.77],[117.26,2.74],[117.21,2.75],[117.21,2.78],[117.19,2.77],[117.15,2.72],[117.09,2.76],[117.08,2.8],[116.98,2.8],[116.9,2.85],[116.87,2.8]]],[[[117.41,2.9],[117.37,2.87],[117.36,2.84],[117.33,2.89],[117.36,2.95],[117.37,2.93],[117.37,2.95],[117.41,2.96],[117.45,2.95],[117.42,2.95],[117.41,2.9]]],[[[117.4,3.09],[117.38,3.04],[117.36,3.05],[117.35,3.07],[117.36,3.06],[117.39,3.08],[117.37,3.09],[117.37,3.11],[117.4,3.09]]],[[[117.29,3.21],[117.28,3.21],[117.27,3.23],[117.31,3.23],[117.29,3.21]]],[[[117.38,3.28],[117.37,3.25],[117.36,3.27],[117.38,3.31],[117.38,3.28]]],[[[117.39,2.87],[117.39,2.85],[117.41,2.87],[117.46,2.85],[117.47,2.86],[117.5,2.84],[117.52,2.86],[117.55,2.84],[117.56,2.86],[117.57,2.85],[117.54,2.81],[117.45,2.84],[117.42,2.81],[117.37,2.81],[117.36,2.86],[117.39,2.87]]],[[[117.47,2.88],[117.48,2.87],[117.52,2.89],[117.51,2.85],[117.5,2.86],[117.5,2.84],[117.44,2.87],[117.45,2.89],[117.47,2.88]]],[[[117.43,2.88],[117.43,2.86],[117.41,2.87],[117.41,2.86],[117.39,2.85],[117.42,2.89],[117.41,2.91],[117.45,2.9],[117.47,2.94],[117.54,2.91],[117.55,2.89],[117.58,2.89],[117.59,2.86],[117.66,2.85],[117.62,2.82],[117.56,2.87],[117.54,2.84],[117.51,2.89],[117.48,2.87],[117.45,2.89],[117.43,2.88]]],[[[117.46,2.95],[117.45,2.91],[117.43,2.91],[117.42,2.95],[117.46,2.95]]],[[[117.48,2.97],[117.46,2.97],[117.47,3.0],[117.49,3.01],[117.49,3.0],[117.48,2.97]]],[[[117.55,3.05],[117.5,3.06],[117.48,3.0],[117.45,2.98],[117.46,2.97],[117.37,2.96],[117.37,2.94],[117.36,2.96],[117.4,3.03],[117.41,3.02],[117.48,3.05],[117.46,3.03],[117.5,3.06],[117.54,3.06],[117.55,3.05]]],[[[117.49,3.07],[117.45,3.05],[117.47,3.08],[117.49,3.08],[117.49,3.07]]],[[[117.47,3.11],[117.48,3.09],[117.44,3.07],[117.43,3.03],[117.4,3.04],[117.39,3.02],[117.38,3.05],[117.41,3.08],[117.39,3.09],[117.4,3.1],[117.45,3.12],[117.47,3.11]]],[[[117.44,3.27],[117.41,3.25],[117.38,3.28],[117.44,3.28],[117.47,3.31],[117.47,3.29],[117.44,3.27]]],[[[117.46,3.34],[117.51,3.32],[117.52,3.28],[117.46,3.27],[117.46,3.31],[117.43,3.28],[117.39,3.28],[117.38,3.32],[117.4,3.31],[117.44,3.34],[117.46,3.34]]],[[[117.5,3.41],[117.5,3.34],[117.46,3.35],[117.45,3.4],[117.5,3.41]]],[[[117.5,2.94],[117.56,2.95],[117.58,2.93],[117.5,2.92],[117.45,2.94],[117.49,2.95],[117.5,2.94]]],[[[117.52,2.95],[117.5,2.96],[117.51,2.98],[117.53,2.96],[117.55,2.99],[117.56,2.96],[117.52,2.95]]],[[[117.55,2.99],[117.54,2.97],[117.52,2.99],[117.54,2.97],[117.45,2.96],[117.53,3.0],[117.55,3.01],[117.55,2.99]]],[[[117.52,3.06],[117.51,3.02],[117.49,3.04],[117.52,3.06]]],[[[117.48,3.55],[117.61,3.5],[117.61,3.47],[117.55,3.47],[117.54,3.5],[117.53,3.49],[117.5,3.51],[117.44,3.51],[117.44,3.54],[117.41,3.54],[117.42,3.56],[117.48,3.55]]],[[[117.73,2.82],[117.73,2.8],[117.66,2.8],[117.65,2.81],[117.64,2.81],[117.68,2.84],[117.73,2.82]]],[[[117.62,2.9],[117.72,2.88],[117.71,2.85],[117.68,2.88],[117.66,2.88],[117.68,2.88],[117.67,2.86],[117.65,2.88],[117.67,2.86],[117.64,2.86],[117.63,2.89],[117.63,2.87],[117.63,2.85],[117.6,2.86],[117.6,2.89],[117.6,2.86],[117.59,2.89],[117.55,2.89],[117.62,2.9]]],[[[117.7,2.9],[117.59,2.91],[117.69,2.93],[117.71,2.92],[117.7,2.9]]],[[[117.67,2.97],[117.65,2.95],[117.61,2.95],[117.61,2.96],[117.61,2.94],[117.62,2.96],[117.65,2.94],[117.66,2.96],[117.69,2.95],[117.58,2.92],[117.56,2.95],[117.61,2.97],[117.67,2.97]]],[[[117.62,3.04],[117.61,3.01],[117.56,3.03],[117.58,3.01],[117.6,3.01],[117.57,2.98],[117.56,3.01],[117.51,3.01],[117.52,3.04],[117.62,3.05],[117.62,3.04]]],[[[117.55,3.07],[117.62,3.06],[117.57,3.05],[117.55,3.07]]],[[[117.82,3.57],[117.87,3.48],[117.87,3.45],[117.85,3.45],[117.75,3.53],[117.76,3.56],[117.8,3.59],[117.82,3.57]]],[[[117.63,3.57],[117.66,3.55],[117.62,3.54],[117.51,3.58],[117.56,3.59],[117.63,3.57]]]]}},{"type":"Feature","properties":{"id":"9428","nama":"Mamberamo Raya","prov":"Papua","ikk":174.96,"pdrb":1177.68,"pdrb_f":249.6,"share":21.19},"geometry":{"type":"MultiPolygon","coordinates":[[[[137.15,-2.1],[137.23,-2.04],[137.19,-2.0],[137.22,-1.98],[137.19,-1.94],[137.16,-1.93],[137.09,-1.85],[137.1,-1.79],[137.2,-1.75],[137.24,-1.75],[137.48,-1.6],[137.69,-1.5],[137.74,-1.5],[137.74,-1.48],[137.93,-1.46],[137.97,-1.53],[138.07,-1.6],[138.14,-1.63],[138.11,-1.97],[138.13,-2.14],[138.24,-2.1],[138.29,-2.06],[138.31,-2.07],[138.29,-2.08],[138.33,-2.1],[138.31,-2.12],[138.35,-2.14],[138.35,-2.18],[138.39,-2.19],[138.4,-2.18],[138.41,-2.25],[138.44,-2.3],[138.54,-2.34],[138.48,-2.37],[138.49,-2.46],[138.45,-2.49],[138.44,-2.53],[138.67,-2.67],[139.11,-2.9],[139.1,-2.92],[139.14,-2.94],[139.15,-3.01],[139.12,-3.05],[139.11,-3.25],[139.02,-3.3],[139.03,-3.35],[139.02,-3.39],[138.93,-3.42],[138.85,-3.41],[138.73,-3.29],[138.54,-3.34],[138.52,-3.37],[138.56,-3.27],[138.59,-3.24],[138.58,-3.19],[138.55,-3.16],[138.5,-3.16],[138.46,-3.2],[138.45,-3.23],[138.41,-3.24],[138.42,-3.17],[138.51,-3.1],[138.55,-3.01],[138.46,-2.98],[138.42,-2.99],[138.09,-3.21],[138.07,-3.23],[138.15,-3.26],[138.13,-3.28],[138.02,-3.24],[138.01,-3.16],[137.97,-3.13],[137.88,-3.12],[137.6,-3.11],[137.56,-3.05],[137.44,-3.04],[137.42,-3.01],[137.43,-3.01],[137.37,-2.95],[137.38,-2.95],[137.36,-2.93],[137.35,-2.86],[137.27,-2.82],[137.29,-2.76],[137.27,-2.74],[137.29,-2.72],[137.26,-2.69],[137.25,-2.59],[137.04,-2.46],[137.03,-2.42],[136.96,-2.43],[136.95,-2.4],[136.91,-2.39],[136.91,-2.36],[136.94,-2.35],[136.92,-2.33],[136.92,-2.3],[136.81,-2.18],[136.84,-2.17],[136.84,-2.2],[136.91,-2.18],[136.94,-2.12],[136.98,-2.13],[137.06,-2.1],[137.15,-2.1]]]]}},{"type":"Feature","properties":{"id":"7271","nama":"Kota Palu","prov":"Sulawesi Tengah","ikk":84.32,"pdrb":19586.92,"pdrb_f":2959.22,"share":15.11},"geometry":{"type":"MultiPolygon","coordinates":[[[[119.93,-0.93],[119.93,-0.94],[119.87,-0.92],[119.83,-0.94],[119.82,-0.87],[119.77,-0.89],[119.76,-0.83],[119.81,-0.8],[119.84,-0.88],[119.87,-0.88],[119.88,-0.82],[119.86,-0.78],[119.86,-0.71],[119.84,-0.7],[119.86,-0.67],[119.93,-0.64],[119.87,-0.7],[119.96,-0.7],[119.88,-0.73],[119.91,-0.77],[119.87,-0.77],[119.97,-0.81],[120.01,-0.79],[120.03,-0.83],[120.03,-0.88],[119.93,-0.93]]]]}},{"type":"Feature","properties":{"id":"9420","nama":"Keerom","prov":"Papua","ikk":127.77,"pdrb":2291.91,"pdrb_f":614.1,"share":26.79},"geometry":{"type":"MultiPolygon","coordinates":[[[[140.79,-3.94],[140.68,-3.91],[140.6,-3.94],[140.59,-3.92],[140.52,-3.92],[140.53,-3.86],[140.51,-3.89],[140.52,-3.91],[140.49,-3.91],[140.51,-3.93],[140.49,-3.93],[140.46,-3.89],[140.4,-3.92],[140.43,-3.85],[140.41,-3.84],[140.42,-3.82],[140.4,-3.81],[140.42,-3.8],[140.4,-3.77],[140.4,-3.74],[140.36,-3.71],[140.36,-3.68],[140.34,-3.69],[140.4,-3.63],[140.38,-3.58],[140.39,-3.55],[140.36,-3.53],[140.38,-3.51],[140.34,-3.49],[140.37,-3.47],[140.36,-3.42],[140.35,-3.38],[140.37,-3.37],[140.36,-3.35],[140.34,-3.36],[140.35,-3.34],[140.32,-3.31],[140.34,-3.21],[140.32,-3.19],[140.41,-3.13],[140.39,-3.1],[140.4,-3.07],[140.36,-3.03],[140.37,-3.01],[140.41,-3.01],[140.38,-2.94],[140.4,-2.92],[140.39,-2.86],[140.41,-2.85],[140.38,-2.82],[140.41,-2.78],[140.48,-2.75],[140.5,-2.77],[140.58,-2.76],[140.61,-2.78],[140.63,-2.76],[140.62,-2.72],[140.66,-2.73],[140.72,-2.71],[140.83,-2.74],[141.0,-2.83],[141.0,-3.93],[140.96,-3.91],[140.92,-3.92],[140.92,-3.95],[140.88,-3.93],[140.79,-3.94]]]]}},{"type":"Feature","properties":{"id":"1207","nama":"Labuhan Batu","prov":"Sumatera Utara","ikk":96.1,"pdrb":29092.77,"pdrb_f":2086.48,"share":7.17},"geometry":{"type":"MultiPolygon","coordinates":[[[[100.03,2.06],[100.05,2.04],[100.01,1.97],[100.04,1.94],[99.91,1.97],[99.91,1.98],[99.88,1.97],[99.87,1.9],[99.91,1.85],[99.87,1.81],[99.84,1.8],[99.85,1.84],[99.82,1.87],[99.85,1.99],[99.78,2.01],[99.69,1.94],[99.68,2.04],[99.66,2.05],[99.68,2.08],[99.72,2.09],[99.74,2.12],[99.77,2.13],[99.77,2.19],[99.85,2.17],[99.85,2.2],[99.95,2.2],[99.98,2.21],[99.98,2.47],[100.03,2.48],[100.02,2.49],[100.05,2.5],[100.07,2.55],[100.05,2.64],[100.08,2.72],[100.12,2.54],[100.14,2.54],[100.12,2.66],[100.19,2.71],[100.22,2.71],[100.23,2.64],[100.32,2.55],[100.29,2.48],[100.3,2.47],[100.3,2.34],[100.33,2.26],[100.33,2.22],[100.22,2.21],[100.15,2.17],[100.07,2.17],[100.07,2.12],[100.03,2.06]]]]}},{"type":"Feature","properties":{"id":"6307","nama":"Hulu Sungai Tengah","prov":"Kalimantan Selatan","ikk":101.42,"pdrb":5936.02,"pdrb_f":527.16,"share":8.88},"geometry":{"type":"MultiPolygon","coordinates":[[[[115.42,-2.77],[115.33,-2.7],[115.23,-2.68],[115.19,-2.63],[115.17,-2.64],[115.16,-2.57],[115.18,-2.56],[115.16,-2.55],[115.15,-2.55],[115.25,-2.53],[115.34,-2.47],[115.38,-2.51],[115.4,-2.45],[115.5,-2.47],[115.53,-2.5],[115.55,-2.48],[115.59,-2.48],[115.6,-2.5],[115.75,-2.53],[115.8,-2.49],[115.88,-2.53],[115.89,-2.61],[115.83,-2.61],[115.81,-2.63],[115.7,-2.69],[115.69,-2.72],[115.65,-2.76],[115.59,-2.76],[115.6,-2.72],[115.58,-2.71],[115.55,-2.73],[115.48,-2.73],[115.44,-2.78],[115.42,-2.77]]]]}},{"type":"Feature","properties":{"id":"1206","nama":"Toba Samosir","prov":"Sumatera Utara","ikk":95.04,"pdrb":6743.59,"pdrb_f":929.46,"share":13.78},"geometry":{"type":"MultiPolygon","coordinates":[[[[99.13,2.26],[98.99,2.28],[98.99,2.34],[99.0,2.32],[99.03,2.36],[99.06,2.33],[99.08,2.34],[99.15,2.39],[99.15,2.42],[99.14,2.44],[99.1,2.41],[99.05,2.4],[99.06,2.45],[99.04,2.51],[98.98,2.56],[98.95,2.56],[98.91,2.63],[98.93,2.66],[98.98,2.61],[99.04,2.63],[99.09,2.58],[99.15,2.57],[99.18,2.53],[99.21,2.52],[99.31,2.57],[99.31,2.55],[99.39,2.56],[99.42,2.6],[99.42,2.56],[99.46,2.6],[99.45,2.5],[99.42,2.46],[99.5,2.4],[99.52,2.46],[99.52,2.36],[99.59,2.31],[99.55,2.31],[99.54,2.25],[99.42,2.21],[99.37,2.14],[99.29,2.11],[99.25,2.13],[99.21,2.17],[99.2,2.23],[99.13,2.26]]]]}},{"type":"Feature","properties":{"id":"6306","nama":"Hulu Sungai Selatan","prov":"Kalimantan Selatan","ikk":100.42,"pdrb":5862.86,"pdrb_f":471.62,"share":8.04},"geometry":{"type":"MultiPolygon","coordinates":[[[[115.25,-2.89],[115.09,-2.83],[115.06,-2.84],[115.07,-2.79],[115.03,-2.78],[114.98,-2.73],[114.86,-2.53],[115.0,-2.5],[115.16,-2.55],[115.18,-2.56],[115.16,-2.57],[115.17,-2.63],[115.26,-2.69],[115.33,-2.7],[115.44,-2.78],[115.48,-2.73],[115.6,-2.72],[115.57,-2.81],[115.51,-2.88],[115.46,-2.87],[115.4,-2.89],[115.38,-2.88],[115.38,-2.92],[115.34,-2.94],[115.28,-2.93],[115.25,-2.89]]]]}},{"type":"Feature","properties":{"id":"1209","nama":"Simalungun","prov":"Sumatera Utara","ikk":94.39,"pdrb":34616.99,"pdrb_f":2706.27,"share":7.82},"geometry":{"type":"MultiPolygon","coordinates":[[[[99.04,2.63],[98.97,2.61],[98.95,2.65],[98.93,2.66],[98.94,2.67],[98.92,2.7],[98.84,2.75],[98.69,2.87],[98.64,2.86],[98.53,2.9],[98.56,3.03],[98.61,3.1],[98.62,3.06],[98.67,3.07],[98.7,3.05],[98.72,3.13],[98.74,3.17],[98.72,3.21],[98.75,3.23],[98.75,3.21],[98.84,3.22],[98.86,3.26],[98.91,3.25],[98.97,3.29],[98.98,3.27],[98.98,3.27],[98.94,3.21],[99.0,3.21],[98.96,3.14],[98.99,3.12],[98.99,3.09],[98.98,3.07],[98.95,3.07],[98.92,3.02],[99.0,3.03],[99.01,3.07],[99.05,3.13],[99.1,3.13],[99.15,3.17],[99.16,3.16],[99.18,3.19],[99.2,3.18],[99.21,3.22],[99.23,3.2],[99.24,3.26],[99.3,3.28],[99.3,3.3],[99.34,3.29],[99.36,3.22],[99.38,3.26],[99.4,3.25],[99.37,3.15],[99.42,3.15],[99.52,3.12],[99.5,3.1],[99.51,3.09],[99.53,3.08],[99.53,3.1],[99.57,3.08],[99.55,3.04],[99.45,2.93],[99.37,2.88],[99.33,2.89],[99.27,2.86],[99.25,2.81],[99.08,2.66],[99.08,2.6],[99.04,2.63]],[[99.09,3.02],[99.04,3.01],[99.02,2.95],[99.04,2.92],[99.02,2.9],[99.03,2.89],[99.11,2.94],[99.1,2.96],[99.08,2.96],[99.11,3.02],[99.09,3.02]]]]}},{"type":"Feature","properties":{"id":"6309","nama":"Tabalong","prov":"Kalimantan Selatan","ikk":102.21,"pdrb":18133.55,"pdrb_f":1082.43,"share":5.97},"geometry":{"type":"MultiPolygon","coordinates":[[[[115.35,-2.31],[115.36,-2.34],[115.3,-2.34],[115.28,-2.36],[115.13,-2.29],[115.25,-2.21],[115.24,-2.19],[115.26,-2.23],[115.29,-2.23],[115.3,-2.14],[115.35,-2.09],[115.35,-2.07],[115.41,-2.06],[115.4,-2.01],[115.42,-2.01],[115.42,-2.01],[115.44,-1.95],[115.42,-1.93],[115.42,-1.89],[115.32,-1.89],[115.3,-1.83],[115.34,-1.69],[115.37,-1.65],[115.36,-1.62],[115.41,-1.42],[115.56,-1.4],[115.67,-1.33],[115.71,-1.34],[115.76,-1.31],[115.69,-1.45],[115.63,-1.47],[115.62,-1.51],[115.65,-1.51],[115.63,-1.56],[115.64,-1.6],[115.67,-1.63],[115.67,-1.71],[115.71,-1.73],[115.68,-1.79],[115.73,-1.8],[115.73,-1.92],[115.69,-1.98],[115.71,-1.98],[115.71,-2.02],[115.64,-2.13],[115.62,-2.12],[115.55,-2.19],[115.49,-2.21],[115.46,-2.27],[115.35,-2.31]]]]}},{"type":"Feature","properties":{"id":"1208","nama":"Asahan","prov":"Sumatera Utara","ikk":92.16,"pdrb":32783.93,"pdrb_f":1775.9,"share":5.42},"geometry":{"type":"MultiPolygon","coordinates":[[[[99.45,2.6],[99.42,2.56],[99.42,2.6],[99.39,2.56],[99.31,2.55],[99.31,2.57],[99.21,2.52],[99.15,2.57],[99.09,2.58],[99.07,2.6],[99.08,2.66],[99.25,2.81],[99.27,2.86],[99.33,2.89],[99.38,2.88],[99.5,2.98],[99.57,3.09],[99.55,3.03],[99.53,3.03],[99.55,3.02],[99.59,3.04],[99.62,3.09],[99.59,3.11],[99.62,3.14],[99.7,3.12],[99.74,3.17],[99.76,3.17],[99.83,3.07],[99.86,3.04],[99.89,3.04],[99.95,2.97],[99.98,2.95],[99.99,2.96],[99.99,2.86],[99.8,2.69],[99.78,2.64],[99.74,2.64],[99.74,2.63],[99.7,2.59],[99.62,2.57],[99.57,2.58],[99.54,2.61],[99.54,2.59],[99.5,2.58],[99.47,2.55],[99.45,2.6]],[[99.76,2.97],[99.75,2.94],[99.78,2.92],[99.84,2.94],[99.81,2.97],[99.82,3.02],[99.77,3.01],[99.78,2.97],[99.76,2.97]]]]}},{"type":"Feature","properties":{"id":"6308","nama":"Hulu Sungai Utara","prov":"Kalimantan Selatan","ikk":101.97,"pdrb":4066.51,"pdrb_f":418.22,"share":10.28},"geometry":{"type":"MultiPolygon","coordinates":[[[[115.31,-2.39],[115.33,-2.42],[115.39,-2.44],[115.38,-2.51],[115.34,-2.47],[115.25,-2.53],[115.15,-2.55],[115.0,-2.5],[114.95,-2.51],[114.86,-2.52],[114.91,-2.46],[115.13,-2.29],[115.28,-2.36],[115.3,-2.34],[115.34,-2.34],[115.32,-2.36],[115.31,-2.39]]]]}},{"type":"Feature","properties":{"id":"1203","nama":"Tapanuli Selatan","prov":"Sumatera Utara","ikk":93.55,"pdrb":12129.95,"pdrb_f":1262.53,"share":10.41},"geometry":{"type":"MultiPolygon","coordinates":[[[[99.38,1.35],[99.42,1.28],[99.43,1.19],[99.51,1.14],[99.45,1.11],[99.45,1.08],[99.42,1.07],[99.46,1.04],[99.47,1.02],[99.43,0.98],[99.37,1.02],[99.34,1.02],[99.28,1.1],[99.24,1.04],[99.22,1.04],[99.19,1.1],[99.12,1.1],[99.07,1.19],[99.02,1.2],[99.03,1.27],[98.98,1.3],[98.93,1.28],[98.89,1.3],[98.85,1.29],[98.84,1.35],[98.78,1.43],[98.83,1.43],[98.83,1.45],[98.87,1.47],[98.88,1.45],[98.94,1.43],[99.01,1.47],[99.01,1.5],[98.99,1.53],[99.07,1.56],[99.05,1.7],[99.08,1.7],[99.14,1.64],[99.24,1.71],[99.25,1.73],[99.24,1.82],[99.29,1.83],[99.3,1.85],[99.35,1.85],[99.36,1.88],[99.34,1.9],[99.38,1.95],[99.46,1.95],[99.44,2.03],[99.46,2.13],[99.51,2.12],[99.6,1.97],[99.63,1.96],[99.6,1.94],[99.61,1.89],[99.57,1.89],[99.54,1.86],[99.57,1.81],[99.55,1.72],[99.49,1.71],[99.44,1.66],[99.45,1.59],[99.4,1.57],[99.42,1.54],[99.39,1.49],[99.42,1.4],[99.4,1.42],[99.37,1.4],[99.38,1.35]],[[99.24,1.37],[99.31,1.3],[99.35,1.32],[99.34,1.38],[99.3,1.44],[99.25,1.48],[99.22,1.41],[99.24,1.37]]]]}},{"type":"Feature","properties":{"id":"6303","nama":"Banjar","prov":"Kalimantan Selatan","ikk":100.31,"pdrb":14529.34,"pdrb_f":1452.15,"share":9.99},"geometry":{"type":"MultiPolygon","coordinates":[[[[114.68,-3.52],[114.51,-3.54],[114.51,-3.39],[114.52,-3.36],[114.59,-3.38],[114.66,-3.35],[114.63,-3.31],[114.64,-3.27],[114.78,-3.23],[114.79,-3.2],[114.82,-3.2],[114.83,-3.17],[114.87,-3.14],[114.87,-3.06],[114.85,-3.08],[114.83,-3.09],[114.83,-3.02],[115.03,-3.13],[115.03,-3.16],[115.12,-3.2],[115.17,-3.19],[115.18,-3.16],[115.23,-3.18],[115.24,-3.14],[115.17,-3.11],[115.21,-3.05],[115.24,-3.05],[115.32,-2.97],[115.39,-2.98],[115.4,-3.0],[115.44,-2.98],[115.56,-2.83],[115.6,-2.89],[115.55,-2.94],[115.56,-2.98],[115.53,-2.98],[115.51,-3.01],[115.52,-3.03],[115.49,-3.06],[115.49,-3.09],[115.43,-3.12],[115.42,-3.23],[115.39,-3.25],[115.43,-3.3],[115.4,-3.36],[115.39,-3.44],[115.41,-3.45],[115.3,-3.52],[115.25,-3.6],[115.12,-3.63],[114.95,-3.73],[114.94,-3.69],[114.97,-3.63],[114.92,-3.61],[114.89,-3.47],[114.9,-3.45],[114.78,-3.42],[114.72,-3.38],[114.68,-3.44],[114.68,-3.52]]]]}},{"type":"Feature","properties":{"id":"1202","nama":"Mandailing Natal","prov":"Sumatera Utara","ikk":92.39,"pdrb":11483.69,"pdrb_f":1243.08,"share":10.82},"geometry":{"type":"MultiPolygon","coordinates":[[[[99.38,0.44],[99.38,0.42],[99.32,0.33],[99.25,0.33],[99.2,0.29],[99.17,0.23],[99.14,0.25],[99.16,0.29],[99.15,0.33],[99.11,0.35],[99.14,0.43],[99.12,0.51],[99.09,0.51],[99.1,0.59],[99.07,0.63],[99.05,0.62],[99.07,0.66],[99.05,0.67],[99.06,0.74],[99.01,0.82],[98.97,0.85],[98.99,0.85],[98.97,0.93],[98.84,1.28],[98.84,1.3],[98.86,1.28],[98.89,1.3],[98.93,1.28],[98.98,1.3],[99.03,1.27],[99.02,1.2],[99.07,1.19],[99.12,1.1],[99.19,1.1],[99.22,1.04],[99.26,1.05],[99.27,1.1],[99.29,1.08],[99.34,1.02],[99.37,1.02],[99.44,0.98],[99.47,1.02],[99.46,1.04],[99.42,1.07],[99.45,1.08],[99.45,1.11],[99.51,1.13],[99.55,1.07],[99.57,1.07],[99.6,0.95],[99.65,0.92],[99.69,0.93],[99.75,0.87],[99.8,0.86],[99.84,0.82],[99.83,0.7],[99.91,0.68],[99.93,0.63],[99.91,0.63],[99.96,0.55],[99.96,0.51],[99.9,0.47],[99.83,0.46],[99.78,0.48],[99.74,0.48],[99.72,0.45],[99.68,0.48],[99.64,0.55],[99.57,0.51],[99.53,0.52],[99.52,0.55],[99.41,0.49],[99.38,0.44]]]]}},{"type":"Feature","properties":{"id":"1473","nama":"Kota Dumai","prov":"Riau","ikk":96.91,"pdrb":32589.35,"pdrb_f":2972.48,"share":9.12},"geometry":{"type":"MultiPolygon","coordinates":[[[[101.45,1.69],[101.57,1.64],[101.73,1.67],[101.69,1.52],[101.65,1.52],[101.63,1.54],[101.6,1.52],[101.58,1.54],[101.51,1.48],[101.44,1.49],[101.41,1.42],[101.32,1.47],[101.33,1.5],[101.25,1.68],[101.07,1.93],[101.05,2.0],[101.16,2.06],[101.18,2.1],[101.09,2.18],[101.07,2.16],[101.07,2.16],[101.05,2.18],[101.05,2.2],[101.03,2.2],[101.07,2.23],[101.3,2.04],[101.36,1.83],[101.36,1.76],[101.41,1.7],[101.45,1.69]]]]}},{"type":"Feature","properties":{"id":"6302","nama":"Kota Baru","prov":"Kalimantan Selatan","ikk":99.52,"pdrb":21636.11,"pdrb_f":1256.0,"share":5.81},"geometry":{"type":"MultiPolygon","coordinates":[[[[115.85,-4.77],[115.83,-4.78],[115.85,-4.79],[115.79,-4.83],[115.77,-4.84],[115.79,-4.8],[115.85,-4.77]]],[[[116.18,-3.22],[116.18,-3.25],[116.09,-3.28],[116.08,-3.26],[116.04,-3.26],[115.99,-3.22],[115.95,-3.25],[115.93,-3.23],[115.95,-3.19],[115.93,-3.15],[115.77,-3.19],[115.7,-3.08],[115.68,-3.07],[115.68,-3.09],[115.64,-3.06],[115.62,-3.07],[115.59,-3.01],[115.52,-3.03],[115.51,-3.01],[115.53,-2.98],[115.56,-2.98],[115.55,-2.94],[115.6,-2.89],[115.56,-2.83],[115.59,-2.76],[115.65,-2.76],[115.69,-2.72],[115.7,-2.69],[115.81,-2.63],[115.83,-2.61],[115.89,-2.61],[115.88,-2.53],[115.8,-2.5],[115.8,-2.43],[115.84,-2.39],[115.89,-2.37],[115.89,-2.33],[116.03,-2.31],[116.04,-2.33],[116.11,-2.34],[116.16,-2.31],[116.24,-2.31],[116.24,-2.33],[116.27,-2.34],[116.56,-2.41],[116.51,-2.56],[116.48,-2.57],[116.46,-2.51],[116.42,-2.5],[116.4,-2.53],[116.36,-2.52],[116.34,-2.5],[116.35,-2.52],[116.34,-2.53],[116.3,-2.52],[116.28,-2.54],[116.28,-2.52],[116.27,-2.54],[116.31,-2.54],[116.32,-2.59],[116.27,-2.62],[116.27,-2.64],[116.25,-2.63],[116.26,-2.66],[116.23,-2.68],[116.25,-2.67],[116.36,-2.55],[116.39,-2.58],[116.41,-2.58],[116.37,-2.66],[116.36,-2.88],[116.27,-3.0],[116.22,-3.01],[116.2,-2.91],[116.19,-2.9],[116.2,-2.92],[116.18,-2.92],[116.16,-2.9],[116.16,-2.83],[116.14,-2.84],[116.14,-2.79],[116.12,-2.82],[116.13,-2.89],[116.11,-2.92],[116.09,-2.91],[116.12,-2.96],[116.07,-2.94],[116.11,-2.97],[116.09,-2.99],[116.06,-2.97],[116.08,-2.99],[116.06,-3.01],[116.09,-3.0],[116.05,-3.04],[116.13,-2.97],[116.18,-3.0],[116.17,-3.06],[116.27,-3.11],[116.27,-3.13],[116.21,-3.13],[116.17,-3.16],[116.18,-3.22]]],[[[116.23,-3.93],[116.2,-3.96],[116.21,-3.98],[116.17,-4.0],[116.14,-4.03],[116.12,-4.03],[116.09,-4.09],[116.1,-4.06],[116.07,-4.04],[116.05,-4.06],[116.05,-4.03],[116.03,-4.03],[116.06,-4.0],[116.08,-3.93],[116.06,-3.9],[116.08,-3.83],[116.01,-3.68],[116.0,-3.64],[116.05,-3.55],[116.04,-3.48],[116.1,-3.35],[116.12,-3.3],[116.16,-3.3],[116.25,-3.21],[116.28,-3.22],[116.25,-3.38],[116.31,-3.46],[116.31,-3.5],[116.27,-3.52],[116.27,-3.55],[116.31,-3.59],[116.29,-3.61],[116.3,-3.72],[116.34,-3.73],[116.27,-3.82],[116.29,-3.86],[116.32,-3.86],[116.31,-3.92],[116.28,-3.91],[116.24,-3.94],[116.23,-3.93]]],[[[116.17,-2.91],[116.2,-2.94],[116.19,-2.95],[116.15,-2.93],[116.15,-2.9],[116.17,-2.91]]],[[[116.43,-3.37],[116.4,-3.63],[116.36,-3.65],[116.34,-3.57],[116.31,-3.55],[116.35,-3.45],[116.39,-3.41],[116.41,-3.36],[116.43,-3.37]]]]}},{"type":"Feature","properties":{"id":"1205","nama":"Tapanuli Utara","prov":"Sumatera Utara","ikk":93.3,"pdrb":7248.51,"pdrb_f":923.64,"share":12.74},"geometry":{"type":"MultiPolygon","coordinates":[[[[98.97,1.76],[98.87,1.76],[98.86,1.81],[98.8,1.87],[98.79,1.87],[98.81,1.93],[98.77,1.96],[98.7,1.97],[98.68,1.99],[98.68,1.99],[98.68,2.01],[98.72,2.13],[98.77,2.13],[98.82,2.16],[98.81,2.19],[98.92,2.23],[98.96,2.27],[98.95,2.32],[98.86,2.34],[98.86,2.35],[98.9,2.33],[98.94,2.36],[98.95,2.33],[98.99,2.34],[98.99,2.28],[99.13,2.26],[99.2,2.23],[99.21,2.17],[99.28,2.11],[99.34,2.12],[99.39,2.17],[99.44,2.12],[99.46,2.13],[99.44,2.03],[99.46,1.95],[99.38,1.95],[99.34,1.9],[99.36,1.88],[99.35,1.85],[99.3,1.85],[99.29,1.83],[99.24,1.83],[99.25,1.73],[99.14,1.64],[99.08,1.7],[99.04,1.71],[98.99,1.66],[98.97,1.66],[98.97,1.76]]]]}},{"type":"Feature","properties":{"id":"6305","nama":"Tapin","prov":"Kalimantan Selatan","ikk":102.09,"pdrb":7909.53,"pdrb_f":424.34,"share":5.36},"geometry":{"type":"MultiPolygon","coordinates":[[[[115.13,-3.2],[115.03,-3.16],[115.03,-3.13],[114.82,-3.01],[114.8,-2.96],[114.84,-2.87],[114.8,-2.74],[114.86,-2.53],[114.98,-2.73],[115.03,-2.78],[115.07,-2.79],[115.06,-2.84],[115.09,-2.83],[115.23,-2.87],[115.28,-2.93],[115.34,-2.94],[115.38,-2.92],[115.38,-2.88],[115.4,-2.89],[115.48,-2.87],[115.5,-2.89],[115.48,-2.94],[115.4,-3.0],[115.39,-2.98],[115.35,-2.98],[115.35,-2.97],[115.28,-2.99],[115.17,-3.11],[115.24,-3.14],[115.24,-3.17],[115.23,-3.18],[115.17,-3.16],[115.17,-3.19],[115.13,-3.2]]]]}},{"type":"Feature","properties":{"id":"1204","nama":"Tapanuli Tengah","prov":"Sumatera Utara","ikk":98.34,"pdrb":8347.56,"pdrb_f":838.63,"share":10.05},"geometry":{"type":"MultiPolygon","coordinates":[[[[98.49,1.7],[98.51,1.68],[98.5,1.65],[98.53,1.64],[98.55,1.68],[98.58,1.65],[98.59,1.66],[98.61,1.61],[98.47,1.63],[98.44,1.65],[98.44,1.68],[98.46,1.7],[98.49,1.7]]],[[[98.56,1.87],[98.46,1.99],[98.38,2.01],[98.36,2.0],[98.37,2.02],[98.34,2.05],[98.26,2.03],[98.26,2.06],[98.13,2.17],[98.18,2.24],[98.2,2.31],[98.26,2.27],[98.28,2.19],[98.3,2.16],[98.45,2.09],[98.59,2.08],[98.61,2.02],[98.64,2.0],[98.66,2.02],[98.7,1.97],[98.77,1.96],[98.81,1.93],[98.79,1.87],[98.8,1.87],[98.86,1.81],[98.87,1.76],[98.97,1.76],[98.97,1.66],[98.99,1.66],[99.04,1.71],[99.05,1.7],[99.07,1.56],[99.04,1.54],[98.99,1.53],[99.01,1.5],[99.01,1.47],[98.97,1.47],[98.99,1.45],[98.94,1.43],[98.86,1.47],[98.83,1.45],[98.83,1.43],[98.78,1.43],[98.76,1.49],[98.71,1.56],[98.73,1.57],[98.77,1.53],[98.77,1.57],[98.78,1.58],[98.81,1.57],[98.8,1.6],[98.84,1.63],[98.82,1.68],[98.78,1.7],[98.81,1.73],[98.8,1.76],[98.77,1.76],[98.74,1.78],[98.67,1.77],[98.72,1.75],[98.73,1.77],[98.74,1.73],[98.72,1.72],[98.68,1.74],[98.61,1.84],[98.56,1.87]]]]}},{"type":"Feature","properties":{"id":"6304","nama":"Barito Kuala","prov":"Kalimantan Selatan","ikk":107.09,"pdrb":7082.55,"pdrb_f":1051.91,"share":14.85},"geometry":{"type":"MultiPolygon","coordinates":[[[[114.51,-3.4],[114.51,-3.51],[114.43,-3.5],[114.35,-3.46],[114.36,-3.32],[114.45,-3.21],[114.42,-3.18],[114.55,-3.07],[114.51,-3.0],[114.55,-2.95],[114.53,-2.93],[114.52,-2.93],[114.54,-2.93],[114.57,-2.86],[114.6,-2.89],[114.61,-2.89],[114.62,-2.88],[114.6,-2.82],[114.66,-2.8],[114.68,-2.74],[114.76,-2.72],[114.79,-2.68],[114.81,-2.58],[114.86,-2.53],[114.8,-2.74],[114.84,-2.87],[114.8,-2.96],[114.83,-3.02],[114.83,-3.09],[114.85,-3.08],[114.87,-3.06],[114.87,-3.14],[114.83,-3.17],[114.82,-3.2],[114.79,-3.2],[114.78,-3.23],[114.63,-3.29],[114.57,-3.27],[114.56,-3.32],[114.51,-3.4]]]]}},{"type":"Feature","properties":{"id":"1201","nama":"Nias","prov":"Sumatera Utara","ikk":102.41,"pdrb":3072.05,"pdrb_f":296.6,"share":9.65},"geometry":{"type":"MultiPolygon","coordinates":[[[[97.77,0.95],[97.73,0.92],[97.69,0.93],[97.69,1.0],[97.66,0.99],[97.62,1.02],[97.62,1.11],[97.52,1.16],[97.52,1.13],[97.49,1.15],[97.48,1.21],[97.51,1.27],[97.57,1.29],[97.56,1.28],[97.59,1.26],[97.57,1.25],[97.56,1.21],[97.59,1.21],[97.61,1.2],[97.6,1.18],[97.62,1.16],[97.66,1.14],[97.65,1.13],[97.65,1.1],[97.71,1.16],[97.73,1.15],[97.8,1.15],[97.85,1.07],[97.92,1.03],[97.95,0.96],[97.9,0.88],[97.86,0.89],[97.85,0.91],[97.86,0.92],[97.8,0.91],[97.78,0.96],[97.77,0.95]]]]}},{"type":"Feature","properties":{"id":"6301","nama":"Tanah Laut","prov":"Kalimantan Selatan","ikk":102.93,"pdrb":12789.73,"pdrb_f":920.33,"share":7.2},"geometry":{"type":"MultiPolygon","coordinates":[[[[114.79,-4.13],[114.69,-4.18],[114.62,-4.16],[114.64,-4.04],[114.6,-3.81],[114.62,-3.67],[114.57,-3.57],[114.52,-3.54],[114.74,-3.51],[114.85,-3.55],[114.86,-3.57],[114.91,-3.54],[114.92,-3.61],[114.97,-3.63],[114.94,-3.69],[114.95,-3.73],[115.12,-3.63],[115.25,-3.59],[115.26,-3.67],[115.28,-3.7],[115.32,-3.71],[115.33,-3.76],[115.34,-3.77],[115.38,-3.86],[115.02,-4.01],[114.79,-4.13]]]]}},{"type":"Feature","properties":{"id":"1471","nama":"Kota Pekanbaru","prov":"Riau","ikk":90.47,"pdrb":90775.07,"pdrb_f":26001.86,"share":28.64},"geometry":{"type":"MultiPolygon","coordinates":[[[[101.43,0.43],[101.37,0.44],[101.33,0.47],[101.37,0.55],[101.34,0.57],[101.33,0.61],[101.38,0.64],[101.4,0.69],[101.48,0.65],[101.51,0.68],[101.54,0.68],[101.55,0.64],[101.57,0.64],[101.59,0.61],[101.6,0.54],[101.58,0.49],[101.59,0.46],[101.54,0.43],[101.48,0.45],[101.45,0.44],[101.45,0.42],[101.43,0.43]]]]}},{"type":"Feature","properties":{"id":"7373","nama":"Kota Palopo","prov":"Sulawesi Selatan","ikk":99.18,"pdrb":6955.29,"pdrb_f":979.6,"share":14.08},"geometry":{"type":"MultiPolygon","coordinates":[[[[120.21,-3.06],[120.12,-3.08],[120.08,-3.01],[120.05,-2.98],[120.07,-2.93],[120.13,-2.91],[120.18,-2.88],[120.22,-2.9],[120.21,-2.96],[120.19,-2.97],[120.22,-3.01],[120.23,-3.04],[120.21,-3.06]]]]}},{"type":"Feature","properties":{"id":"7372","nama":"Kota Parepare","prov":"Sulawesi Selatan","ikk":93.02,"pdrb":6214.61,"pdrb_f":808.63,"share":13.01},"geometry":{"type":"MultiPolygon","coordinates":[[[[119.68,-3.98],[119.69,-4.01],[119.73,-4.02],[119.71,-4.06],[119.72,-4.08],[119.66,-4.08],[119.62,-4.07],[119.62,-4.0],[119.66,-3.96],[119.68,-3.98]]]]}},{"type":"Feature","properties":{"id":"7371","nama":"Kota Makassar","prov":"Sulawesi Selatan","ikk":94.28,"pdrb":155895.57,"pdrb_f":23154.9,"share":14.85},"geometry":{"type":"MultiPolygon","coordinates":[[[[119.39,-5.15],[119.41,-5.11],[119.45,-5.1],[119.47,-5.06],[119.53,-5.06],[119.54,-5.08],[119.54,-5.12],[119.52,-5.15],[119.5,-5.15],[119.52,-5.19],[119.46,-5.18],[119.46,-5.19],[119.4,-5.19],[119.41,-5.23],[119.38,-5.2],[119.39,-5.15]]]]}},{"type":"Feature","properties":{"id":"3175","nama":"Kota Jakarta Utara","prov":"Dki Jakarta","ikk":110.75,"pdrb":399327.56,"pdrb_f":57150.8,"share":14.31},"geometry":{"type":"MultiPolygon","coordinates":[[[[106.92,-6.16],[106.91,-6.18],[106.82,-6.13],[106.78,-6.15],[106.75,-6.13],[106.71,-6.1],[106.75,-6.07],[106.74,-6.1],[106.79,-6.11],[106.79,-6.09],[106.81,-6.12],[106.87,-6.1],[106.87,-6.12],[106.88,-6.09],[106.91,-6.11],[106.97,-6.09],[106.97,-6.15],[106.92,-6.16]]]]}},{"type":"Feature","properties":{"id":"3174","nama":"Kota Jakarta Barat","prov":"Dki Jakarta","ikk":113.82,"pdrb":403268.49,"pdrb_f":49275.61,"share":12.22},"geometry":{"type":"MultiPolygon","coordinates":[[[[106.78,-6.21],[106.78,-6.23],[106.72,-6.22],[106.72,-6.19],[106.69,-6.17],[106.69,-6.1],[106.71,-6.1],[106.74,-6.13],[106.78,-6.15],[106.82,-6.14],[106.83,-6.16],[106.8,-6.16],[106.81,-6.19],[106.78,-6.21]]]]}},{"type":"Feature","properties":{"id":"3171","nama":"Kota Jakarta Selatan","prov":"Dki Jakarta","ikk":112.28,"pdrb":527225.79,"pdrb_f":54183.55,"share":10.28},"geometry":{"type":"MultiPolygon","coordinates":[[[[106.85,-6.3],[106.84,-6.35],[106.79,-6.36],[106.81,-6.31],[106.77,-6.31],[106.74,-6.22],[106.78,-6.23],[106.78,-6.21],[106.8,-6.22],[106.82,-6.2],[106.86,-6.22],[106.85,-6.3]]]]}},{"type":"Feature","properties":{"id":"3173","nama":"Kota Jakarta Pusat","prov":"Dki Jakarta","ikk":119.26,"pdrb":560760.04,"pdrb_f":44889.9,"share":8.01},"geometry":{"type":"MultiPolygon","coordinates":[[[[106.82,-6.21],[106.8,-6.23],[106.81,-6.19],[106.8,-6.16],[106.83,-6.16],[106.82,-6.14],[106.84,-6.14],[106.88,-6.16],[106.87,-6.19],[106.82,-6.21]]]]}},{"type":"Feature","properties":{"id":"3172","nama":"Kota Jakarta Timur","prov":"Dki Jakarta","ikk":109.74,"pdrb":380674.35,"pdrb_f":38404.25,"share":10.09},"geometry":{"type":"MultiPolygon","coordinates":[[[[106.91,-6.29],[106.91,-6.37],[106.88,-6.37],[106.84,-6.34],[106.87,-6.24],[106.85,-6.21],[106.87,-6.19],[106.88,-6.17],[106.92,-6.18],[106.94,-6.15],[106.97,-6.15],[106.97,-6.21],[106.94,-6.25],[106.91,-6.26],[106.91,-6.29]]]]}},{"type":"Feature","properties":{"id":"7174","nama":"Kota Kotamobagu","prov":"Sulawesi Utara","ikk":98.74,"pdrb":3068.76,"pdrb_f":406.27,"share":13.24},"geometry":{"type":"MultiPolygon","coordinates":[[[[124.36,0.75],[124.35,0.73],[124.38,0.66],[124.34,0.65],[124.29,0.67],[124.29,0.7],[124.26,0.71],[124.26,0.75],[124.32,0.77],[124.36,0.75]]]]}},{"type":"Feature","properties":{"id":"7171","nama":"Kota Manado","prov":"Sulawesi Utara","ikk":102.87,"pdrb":32415.41,"pdrb_f":3485.82,"share":10.75},"geometry":{"type":"MultiPolygon","coordinates":[[[[124.85,1.44],[124.83,1.43],[124.78,1.45],[124.83,1.46],[124.84,1.51],[124.8,1.57],[124.89,1.57],[124.93,1.57],[124.93,1.51],[124.9,1.5],[124.85,1.44]]],[[[124.75,1.63],[124.78,1.63],[124.77,1.6],[124.76,1.62],[124.74,1.62],[124.75,1.63]]],[[[124.71,1.65],[124.72,1.63],[124.69,1.62],[124.68,1.64],[124.71,1.65]]]]}},{"type":"Feature","properties":{"id":"7173","nama":"Kota Tomohon","prov":"Sulawesi Utara","ikk":101.2,"pdrb":3927.94,"pdrb_f":775.96,"share":19.75},"geometry":{"type":"MultiPolygon","coordinates":[[[[124.86,1.28],[124.83,1.25],[124.78,1.29],[124.74,1.29],[124.74,1.33],[124.79,1.36],[124.83,1.4],[124.86,1.35],[124.89,1.36],[124.86,1.28]]]]}},{"type":"Feature","properties":{"id":"7172","nama":"Kota Bitung","prov":"Sulawesi Utara","ikk":96.3,"pdrb":14820.5,"pdrb_f":1417.82,"share":9.57},"geometry":{"type":"MultiPolygon","coordinates":[[[[125.26,1.43],[125.25,1.41],[125.17,1.39],[125.17,1.4],[125.19,1.43],[125.24,1.45],[125.29,1.55],[125.26,1.43]]],[[[125.13,1.43],[125.11,1.39],[125.09,1.45],[125.03,1.45],[125.08,1.51],[125.07,1.54],[125.09,1.55],[125.09,1.57],[125.11,1.58],[125.13,1.57],[125.14,1.6],[125.16,1.58],[125.25,1.51],[125.21,1.45],[125.13,1.43]]]]}},{"type":"Feature","properties":{"id":"3604","nama":"Serang","prov":"Banten","ikk":91.31,"pdrb":66523.75,"pdrb_f":6848.31,"share":10.29},"geometry":{"type":"MultiPolygon","coordinates":[[[[106.08,-6.24],[106.04,-6.28],[106.0,-6.28],[105.98,-6.24],[105.94,-6.24],[105.93,-6.28],[105.89,-6.22],[105.88,-6.24],[105.83,-6.24],[105.88,-6.07],[105.92,-6.05],[105.99,-6.05],[105.98,-6.04],[106.03,-6.04],[106.02,-6.08],[106.04,-6.08],[106.09,-6.04],[106.09,-6.0],[106.04,-5.94],[106.04,-5.88],[106.07,-5.88],[106.11,-5.93],[106.1,-5.98],[106.15,-6.02],[106.15,-6.07],[106.07,-6.12],[106.07,-6.18],[106.11,-6.18],[106.13,-6.16],[106.15,-6.18],[106.13,-6.2],[106.19,-6.22],[106.25,-6.15],[106.24,-6.13],[106.22,-6.13],[106.23,-6.1],[106.22,-6.02],[106.25,-5.96],[106.33,-5.98],[106.36,-5.96],[106.39,-5.98],[106.41,-6.03],[106.36,-6.04],[106.34,-6.07],[106.35,-6.11],[106.39,-6.15],[106.37,-6.22],[106.39,-6.23],[106.4,-6.33],[106.32,-6.34],[106.25,-6.3],[106.22,-6.31],[106.21,-6.29],[106.17,-6.29],[106.17,-6.25],[106.13,-6.26],[106.08,-6.24]]],[[[105.86,-5.94],[105.85,-5.98],[105.83,-5.95],[105.86,-5.94]]]]}},{"type":"Feature","properties":{"id":"3601","nama":"Pandeglang","prov":"Banten","ikk":83.53,"pdrb":23064.6,"pdrb_f":1474.0,"share":6.39},"geometry":{"type":"MultiPolygon","coordinates":[[[[105.76,-6.85],[105.67,-6.84],[105.54,-6.87],[105.48,-6.86],[105.44,-6.84],[105.41,-6.85],[105.39,-6.82],[105.31,-6.8],[105.26,-6.85],[105.24,-6.84],[105.24,-6.8],[105.21,-6.76],[105.21,-6.75],[105.26,-6.76],[105.33,-6.7],[105.33,-6.67],[105.37,-6.65],[105.4,-6.72],[105.39,-6.74],[105.43,-6.77],[105.44,-6.82],[105.47,-6.83],[105.5,-6.79],[105.51,-6.73],[105.62,-6.62],[105.62,-6.56],[105.65,-6.48],[105.68,-6.48],[105.69,-6.52],[105.72,-6.53],[105.73,-6.52],[105.78,-6.51],[105.82,-6.44],[105.82,-6.36],[105.84,-6.31],[105.83,-6.24],[105.88,-6.24],[105.89,-6.22],[105.93,-6.28],[105.95,-6.24],[105.98,-6.24],[106.0,-6.28],[106.04,-6.28],[106.08,-6.23],[106.13,-6.26],[106.18,-6.25],[106.15,-6.32],[106.13,-6.33],[106.14,-6.35],[106.11,-6.42],[106.05,-6.41],[105.98,-6.51],[105.99,-6.54],[105.93,-6.62],[105.94,-6.69],[105.92,-6.72],[105.9,-6.72],[105.87,-6.78],[105.88,-6.84],[105.76,-6.85]]],[[[105.25,-6.57],[105.26,-6.6],[105.24,-6.63],[105.22,-6.64],[105.18,-6.68],[105.17,-6.67],[105.19,-6.62],[105.17,-6.6],[105.17,-6.59],[105.18,-6.59],[105.16,-6.58],[105.13,-6.62],[105.11,-6.62],[105.1,-6.61],[105.18,-6.54],[105.21,-6.55],[105.26,-6.53],[105.25,-6.57]]]]}},{"type":"Feature","properties":{"id":"3603","nama":"Tangerang","prov":"Banten","ikk":94.75,"pdrb":120464.02,"pdrb_f":17289.4,"share":14.35},"geometry":{"type":"MultiPolygon","coordinates":[[[[106.51,-6.33],[106.53,-6.34],[106.52,-6.36],[106.48,-6.35],[106.47,-6.3],[106.43,-6.35],[106.4,-6.34],[106.39,-6.23],[106.37,-6.22],[106.39,-6.15],[106.34,-6.07],[106.36,-6.04],[106.41,-6.02],[106.5,-6.04],[106.54,-6.01],[106.59,-6.03],[106.65,-6.0],[106.7,-6.03],[106.73,-6.09],[106.68,-6.1],[106.68,-6.12],[106.66,-6.12],[106.64,-6.11],[106.61,-6.15],[106.59,-6.15],[106.55,-6.18],[106.58,-6.22],[106.6,-6.21],[106.64,-6.23],[106.66,-6.36],[106.59,-6.36],[106.58,-6.34],[106.51,-6.33]]]]}},{"type":"Feature","properties":{"id":"3602","nama":"Lebak","prov":"Banten","ikk":86.99,"pdrb":24547.6,"pdrb_f":2310.44,"share":9.41},"geometry":{"type":"MultiPolygon","coordinates":[[[[106.17,-6.91],[106.03,-6.82],[105.93,-6.81],[105.88,-6.85],[105.89,-6.82],[105.87,-6.78],[105.9,-6.72],[105.92,-6.72],[105.94,-6.69],[105.93,-6.6],[105.99,-6.54],[105.98,-6.51],[106.03,-6.43],[106.06,-6.41],[106.11,-6.42],[106.14,-6.35],[106.13,-6.33],[106.15,-6.32],[106.16,-6.3],[106.21,-6.29],[106.23,-6.31],[106.28,-6.3],[106.32,-6.33],[106.39,-6.33],[106.43,-6.35],[106.45,-6.43],[106.44,-6.45],[106.4,-6.45],[106.43,-6.59],[106.43,-6.68],[106.47,-6.75],[106.53,-6.77],[106.44,-6.82],[106.43,-6.86],[106.39,-6.9],[106.4,-6.98],[106.38,-7.0],[106.31,-7.0],[106.24,-6.96],[106.23,-6.92],[106.17,-6.91]]]]}},{"type":"Feature","properties":{"id":"1115","nama":"Nagan Raya","prov":"Aceh","ikk":95.42,"pdrb":8422.99,"pdrb_f":618.92,"share":7.35},"geometry":{"type":"MultiPolygon","coordinates":[[[[96.3,3.98],[96.19,4.11],[96.28,4.15],[96.27,4.26],[96.29,4.27],[96.3,4.37],[96.33,4.37],[96.37,4.39],[96.37,4.42],[96.44,4.43],[96.48,4.46],[96.44,4.51],[96.49,4.56],[96.5,4.63],[96.6,4.57],[96.61,4.5],[96.64,4.51],[96.63,4.39],[96.8,4.27],[96.8,4.22],[96.73,4.13],[96.72,4.01],[96.64,3.96],[96.6,3.89],[96.59,3.83],[96.61,3.81],[96.62,3.74],[96.54,3.73],[96.5,3.75],[96.39,3.85],[96.3,3.98],[96.31,3.99],[96.3,3.98]]]]}},{"type":"Feature","properties":{"id":"1114","nama":"Aceh Tamiang","prov":"Aceh","ikk":94.52,"pdrb":6748.29,"pdrb_f":353.78,"share":5.24},"geometry":{"type":"MultiPolygon","coordinates":[[[[98.04,4.06],[98.02,3.97],[97.96,3.93],[97.95,3.89],[97.91,3.91],[97.9,3.94],[97.86,3.92],[97.79,4.02],[97.78,4.11],[97.73,4.15],[97.72,4.26],[97.77,4.34],[97.92,4.35],[97.95,4.39],[97.98,4.38],[98.04,4.42],[98.05,4.47],[98.04,4.48],[98.06,4.48],[98.06,4.51],[98.14,4.51],[98.29,4.42],[98.28,4.33],[98.24,4.28],[98.2,4.3],[98.15,4.29],[98.15,4.26],[98.12,4.25],[98.07,4.26],[98.09,4.19],[98.06,4.19],[98.08,4.15],[98.06,4.13],[98.04,4.06]]]]}},{"type":"Feature","properties":{"id":"1117","nama":"Bener Meriah","prov":"Aceh","ikk":98.35,"pdrb":4319.32,"pdrb_f":614.03,"share":14.22},"geometry":{"type":"MultiPolygon","coordinates":[[[[96.83,4.67],[96.82,4.68],[96.81,4.67],[96.78,4.71],[96.75,4.71],[96.68,4.76],[96.71,4.82],[96.68,4.95],[96.66,4.95],[96.66,4.98],[96.76,4.96],[96.87,4.88],[96.89,4.9],[96.89,4.88],[96.99,4.86],[97.02,4.91],[97.08,4.91],[97.14,4.91],[97.26,4.87],[97.28,4.82],[97.25,4.76],[97.26,4.74],[97.25,4.73],[97.32,4.74],[97.33,4.71],[97.31,4.66],[97.25,4.66],[97.26,4.62],[97.3,4.63],[97.31,4.6],[97.15,4.58],[97.05,4.6],[97.02,4.64],[96.83,4.67]]]]}},{"type":"Feature","properties":{"id":"1116","nama":"Aceh Jaya","prov":"Aceh","ikk":97.37,"pdrb":2352.07,"pdrb_f":378.23,"share":16.08},"geometry":{"type":"MultiPolygon","coordinates":[[[[95.45,4.8],[95.41,4.82],[95.43,4.84],[95.37,4.95],[95.38,4.97],[95.36,5.0],[95.37,5.03],[95.31,5.08],[95.32,5.09],[95.3,5.11],[95.31,5.17],[95.33,5.19],[95.32,5.23],[95.37,5.25],[95.4,5.21],[95.44,5.22],[95.58,5.21],[95.62,5.17],[95.64,5.14],[95.63,5.11],[95.64,5.07],[95.76,5.06],[95.9,4.87],[95.99,4.79],[96.04,4.66],[96.03,4.61],[96.05,4.59],[96.05,4.57],[95.97,4.52],[95.92,4.43],[95.87,4.38],[95.61,4.62],[95.57,4.63],[95.58,4.66],[95.54,4.66],[95.45,4.8]]]]}},{"type":"Feature","properties":{"id":"1111","nama":"Aceh Utara","prov":"Aceh","ikk":99.95,"pdrb":18650.83,"pdrb_f":829.89,"share":4.45},"geometry":{"type":"MultiPolygon","coordinates":[[[[97.14,4.91],[97.02,4.91],[97.0,4.87],[96.96,4.86],[96.89,4.88],[96.89,4.9],[96.87,4.88],[96.85,4.88],[96.79,4.94],[96.82,4.99],[96.82,5.07],[96.86,5.1],[96.89,5.18],[96.93,5.21],[96.91,5.25],[96.98,5.26],[97.05,5.24],[97.03,5.2],[97.05,5.19],[97.06,5.16],[97.09,5.17],[97.11,5.11],[97.17,5.08],[97.18,5.14],[97.48,5.24],[97.5,5.17],[97.47,5.15],[97.48,5.13],[97.46,5.11],[97.49,5.07],[97.52,5.07],[97.5,5.05],[97.51,5.03],[97.49,5.0],[97.5,4.97],[97.49,4.96],[97.5,4.96],[97.47,4.95],[97.47,4.92],[97.51,4.89],[97.5,4.87],[97.51,4.88],[97.48,4.84],[97.44,4.83],[97.46,4.82],[97.44,4.82],[97.43,4.79],[97.41,4.78],[97.41,4.79],[97.4,4.77],[97.42,4.75],[97.36,4.77],[97.36,4.78],[97.34,4.78],[97.32,4.73],[97.26,4.72],[97.25,4.76],[97.28,4.82],[97.27,4.85],[97.23,4.88],[97.14,4.91]]]]}},{"type":"Feature","properties":{"id":"1110","nama":"Bireuen","prov":"Aceh","ikk":96.51,"pdrb":12191.19,"pdrb_f":975.96,"share":8.01},"geometry":{"type":"MultiPolygon","coordinates":[[[[96.48,4.89],[96.43,4.94],[96.37,4.93],[96.33,4.96],[96.37,5.05],[96.34,5.16],[96.34,5.23],[96.4,5.21],[96.47,5.24],[96.49,5.21],[96.53,5.2],[96.85,5.28],[96.88,5.25],[96.91,5.25],[96.91,5.22],[96.93,5.21],[96.89,5.18],[96.86,5.1],[96.82,5.07],[96.82,4.99],[96.79,4.95],[96.66,4.98],[96.66,4.95],[96.55,4.94],[96.51,4.89],[96.48,4.89]]]]}},{"type":"Feature","properties":{"id":"6411","nama":"Mahakam Ulu","prov":"Kalimantan Timur","ikk":139.05,"pdrb":2017.72,"pdrb_f":173.59,"share":8.6},"geometry":{"type":"MultiPolygon","coordinates":[[[[115.65,0.61],[115.67,0.58],[115.64,0.56],[115.64,0.54],[115.7,0.54],[115.71,0.52],[115.73,0.52],[115.77,0.41],[115.67,0.34],[115.72,0.26],[115.72,0.25],[115.72,0.22],[115.65,0.17],[115.64,0.14],[115.46,0.14],[115.43,0.04],[115.4,0.02],[115.38,0.03],[115.31,-0.05],[115.26,-0.05],[115.18,-0.09],[115.15,-0.09],[115.15,-0.14],[115.06,-0.15],[115.04,-0.21],[114.99,-0.18],[114.93,-0.19],[114.89,0.04],[114.84,0.07],[114.81,0.07],[114.79,0.12],[114.76,0.14],[114.83,0.19],[114.84,0.23],[114.91,0.26],[114.89,0.28],[114.9,0.32],[115.02,0.33],[115.05,0.3],[115.13,0.37],[115.14,0.42],[115.01,0.6],[114.98,0.73],[114.91,0.79],[114.91,0.77],[114.87,0.74],[114.83,0.76],[114.72,0.7],[114.66,0.7],[114.6,0.63],[114.55,0.63],[114.55,0.59],[114.51,0.56],[114.37,0.59],[114.33,0.63],[114.32,0.59],[114.26,0.61],[114.24,0.64],[114.18,0.62],[114.16,0.68],[114.12,0.7],[114.03,0.67],[114.0,0.64],[113.97,0.66],[113.92,0.64],[113.85,0.65],[113.84,0.67],[113.84,0.7],[113.89,0.73],[113.9,0.75],[113.87,0.78],[113.93,0.84],[113.87,0.89],[113.91,0.97],[113.92,1.0],[113.89,1.02],[113.89,1.06],[113.95,1.06],[113.99,1.14],[114.04,1.15],[114.05,1.13],[114.09,1.16],[114.13,1.15],[114.15,1.2],[114.14,1.22],[114.17,1.27],[114.15,1.29],[114.16,1.31],[114.16,1.38],[114.22,1.42],[114.24,1.45],[114.3,1.46],[114.41,1.52],[114.56,1.44],[114.57,1.39],[114.61,1.39],[114.62,1.36],[114.7,1.35],[114.73,1.31],[114.72,1.27],[114.85,1.17],[114.89,1.21],[114.94,1.18],[114.98,1.19],[115.01,1.13],[115.03,1.12],[115.12,1.19],[115.18,1.2],[115.25,1.18],[115.28,1.14],[115.37,1.11],[115.42,1.15],[115.37,1.07],[115.3,1.06],[115.25,1.02],[115.26,0.99],[115.23,0.96],[115.31,0.89],[115.28,0.84],[115.28,0.81],[115.32,0.83],[115.38,0.81],[115.39,0.77],[115.41,0.78],[115.5,0.76],[115.57,0.7],[115.59,0.64],[115.65,0.62],[115.65,0.61]]]]}},{"type":"Feature","properties":{"id":"1113","nama":"Gayo Lues","prov":"Aceh","ikk":97.2,"pdrb":2248.44,"pdrb_f":163.64,"share":7.28},"geometry":{"type":"MultiPolygon","coordinates":[[[[97.18,3.72],[97.11,3.84],[97.12,3.93],[97.1,3.95],[96.84,3.96],[96.8,3.99],[96.78,4.07],[96.72,4.1],[96.75,4.17],[96.8,4.22],[96.79,4.28],[96.84,4.28],[96.89,4.22],[96.97,4.2],[97.0,4.18],[97.01,4.2],[97.11,4.24],[97.16,4.28],[97.22,4.24],[97.24,4.18],[97.36,4.21],[97.44,4.17],[97.5,4.16],[97.53,4.19],[97.58,4.18],[97.6,4.25],[97.64,4.22],[97.72,4.25],[97.72,4.17],[97.78,4.11],[97.79,4.02],[97.86,3.92],[97.9,3.93],[97.92,3.85],[97.91,3.82],[97.82,3.75],[97.63,3.73],[97.51,3.7],[97.31,3.68],[97.21,3.69],[97.18,3.72]]]]}},{"type":"Feature","properties":{"id":"1112","nama":"Aceh Barat Daya","prov":"Aceh","ikk":95.1,"pdrb":3596.03,"pdrb_f":445.67,"share":12.39},"geometry":{"type":"MultiPolygon","coordinates":[[[[96.9,3.64],[96.85,3.7],[96.78,3.74],[96.62,3.74],[96.62,3.75],[96.61,3.81],[96.59,3.83],[96.6,3.91],[96.64,3.96],[96.7,3.99],[96.73,4.04],[96.72,4.1],[96.75,4.09],[96.79,4.05],[96.8,3.99],[96.84,3.96],[96.98,3.94],[97.06,3.96],[97.12,3.93],[97.11,3.84],[97.15,3.75],[97.13,3.69],[97.04,3.6],[96.97,3.62],[96.94,3.57],[96.9,3.6],[96.9,3.64]]]]}},{"type":"Feature","properties":{"id":"1225","nama":"Nias Barat","prov":"Sumatera Utara","ikk":109.37,"pdrb":1458.9,"pdrb_f":125.84,"share":8.63},"geometry":{"type":"MultiPolygon","coordinates":[[[[97.36,0.83],[97.36,0.81],[97.33,0.83],[97.35,0.84],[97.36,0.83]]],[[[97.41,0.97],[97.36,1.09],[97.43,1.09],[97.46,1.12],[97.48,1.08],[97.47,1.12],[97.49,1.15],[97.52,1.13],[97.52,1.16],[97.62,1.11],[97.61,1.06],[97.62,1.03],[97.54,0.99],[97.53,0.94],[97.55,0.89],[97.51,0.91],[97.48,0.94],[97.42,0.95],[97.41,0.94],[97.41,0.97]]]]}},{"type":"Feature","properties":{"id":"1224","nama":"Nias Utara","prov":"Sumatera Utara","ikk":102.28,"pdrb":2769.93,"pdrb_f":230.69,"share":8.33},"geometry":{"type":"MultiPolygon","coordinates":[[[[97.32,1.15],[97.3,1.17],[97.28,1.21],[97.26,1.21],[97.25,1.26],[97.2,1.27],[97.15,1.37],[97.1,1.41],[97.08,1.39],[97.06,1.41],[97.13,1.43],[97.17,1.4],[97.19,1.42],[97.21,1.4],[97.27,1.42],[97.35,1.48],[97.33,1.52],[97.35,1.54],[97.4,1.5],[97.42,1.52],[97.44,1.47],[97.48,1.48],[97.54,1.42],[97.5,1.38],[97.51,1.36],[97.5,1.34],[97.48,1.35],[97.49,1.31],[97.53,1.3],[97.49,1.29],[97.51,1.28],[97.48,1.21],[97.49,1.16],[97.47,1.12],[97.48,1.08],[97.46,1.12],[97.43,1.09],[97.36,1.09],[97.32,1.15]]]]}},{"type":"Feature","properties":{"id":"1221","nama":"Padang Lawas","prov":"Sumatera Utara","ikk":93.1,"pdrb":10064.06,"pdrb_f":1391.89,"share":13.83},"geometry":{"type":"MultiPolygon","coordinates":[[[[99.73,0.89],[99.69,0.93],[99.65,0.92],[99.6,0.95],[99.57,1.07],[99.55,1.07],[99.51,1.14],[99.44,1.18],[99.42,1.23],[99.63,1.32],[99.73,1.4],[99.75,1.46],[99.78,1.45],[99.9,1.55],[99.92,1.52],[99.92,1.48],[99.95,1.41],[100.03,1.36],[100.03,1.33],[100.11,1.27],[100.12,1.2],[100.17,1.17],[100.16,1.14],[100.18,1.12],[100.13,1.11],[100.11,1.07],[100.14,1.06],[100.16,1.01],[100.14,0.98],[100.15,0.94],[100.13,0.91],[100.14,0.84],[100.12,0.83],[100.18,0.76],[99.88,0.91],[99.83,0.88],[99.84,0.82],[99.8,0.86],[99.75,0.87],[99.73,0.89]]]]}},{"type":"Feature","properties":{"id":"1220","nama":"Padang Lawas Utara","prov":"Sumatera Utara","ikk":92.42,"pdrb":10276.52,"pdrb_f":1324.76,"share":12.89},"geometry":{"type":"MultiPolygon","coordinates":[[[[99.41,1.4],[99.42,1.43],[99.39,1.48],[99.42,1.54],[99.4,1.57],[99.45,1.59],[99.43,1.63],[99.44,1.67],[99.47,1.67],[99.49,1.71],[99.55,1.72],[99.57,1.81],[99.54,1.86],[99.57,1.89],[99.61,1.89],[99.6,1.94],[99.63,1.96],[99.6,1.97],[99.59,2.02],[99.62,2.0],[99.62,2.04],[99.68,2.04],[99.7,1.94],[99.78,2.01],[99.85,1.99],[99.82,1.87],[99.85,1.84],[99.84,1.8],[99.73,1.83],[99.7,1.8],[99.71,1.75],[99.85,1.64],[99.9,1.72],[99.96,1.64],[99.99,1.64],[100.04,1.72],[100.08,1.74],[100.12,1.7],[100.15,1.59],[100.18,1.59],[100.18,1.55],[100.21,1.55],[100.22,1.55],[100.2,1.54],[100.21,1.48],[100.24,1.49],[100.34,1.44],[100.24,1.41],[100.18,1.42],[100.07,1.4],[100.07,1.38],[100.1,1.34],[100.06,1.34],[99.95,1.41],[99.9,1.56],[99.78,1.45],[99.75,1.46],[99.73,1.4],[99.63,1.32],[99.43,1.23],[99.42,1.28],[99.36,1.38],[99.38,1.41],[99.41,1.4]]]]}},{"type":"Feature","properties":{"id":"1223","nama":"Labuhan Batu Utara","prov":"Sumatera Utara","ikk":97.14,"pdrb":21378.55,"pdrb_f":1232.49,"share":5.77},"geometry":{"type":"MultiPolygon","coordinates":[[[[99.77,2.19],[99.77,2.13],[99.74,2.12],[99.72,2.09],[99.68,2.08],[99.66,2.03],[99.62,2.04],[99.62,2.0],[99.57,2.03],[99.51,2.12],[99.44,2.12],[99.4,2.16],[99.42,2.21],[99.54,2.25],[99.55,2.31],[99.59,2.31],[99.52,2.36],[99.53,2.45],[99.5,2.4],[99.42,2.46],[99.46,2.55],[99.54,2.59],[99.54,2.61],[99.57,2.58],[99.62,2.57],[99.7,2.59],[99.74,2.63],[99.74,2.64],[99.78,2.64],[99.8,2.69],[99.99,2.86],[99.99,2.75],[99.95,2.69],[99.99,2.68],[99.99,2.7],[99.96,2.71],[100.03,2.75],[100.08,2.72],[100.05,2.64],[100.07,2.55],[100.05,2.5],[100.02,2.49],[100.03,2.48],[99.98,2.47],[99.98,2.21],[99.93,2.19],[99.85,2.2],[99.85,2.17],[99.77,2.19]]]]}},{"type":"Feature","properties":{"id":"1222","nama":"Labuhan Batu Selatan","prov":"Sumatera Utara","ikk":97.11,"pdrb":23682.47,"pdrb_f":1426.56,"share":6.02},"geometry":{"type":"MultiPolygon","coordinates":[[[[100.31,1.93],[100.28,1.81],[100.3,1.79],[100.38,1.78],[100.39,1.76],[100.39,1.76],[100.35,1.73],[100.38,1.68],[100.42,1.66],[100.4,1.62],[100.42,1.51],[100.39,1.45],[100.34,1.44],[100.32,1.48],[100.21,1.48],[100.2,1.54],[100.22,1.55],[100.21,1.55],[100.18,1.55],[100.18,1.59],[100.15,1.59],[100.12,1.7],[100.08,1.74],[100.04,1.72],[99.99,1.64],[99.96,1.64],[99.91,1.72],[99.85,1.64],[99.77,1.71],[99.7,1.76],[99.7,1.81],[99.74,1.83],[99.83,1.8],[99.89,1.81],[99.91,1.85],[99.87,1.91],[99.9,1.98],[99.91,1.97],[100.04,1.94],[100.01,1.97],[100.07,2.17],[100.15,2.17],[100.22,2.21],[100.35,2.22],[100.35,2.15],[100.32,2.03],[100.31,1.93]]]]}},{"type":"Feature","properties":{"id":"6409","nama":"Penajam Paser Utara","prov":"Kalimantan Timur","ikk":119.59,"pdrb":13390.71,"pdrb_f":6642.17,"share":49.6},"geometry":{"type":"MultiPolygon","coordinates":[[[[116.54,-1.46],[116.53,-1.51],[116.55,-1.56],[116.48,-1.57],[116.48,-1.6],[116.46,-1.6],[116.46,-1.6],[116.37,-1.55],[116.38,-1.45],[116.42,-1.41],[116.43,-1.38],[116.41,-1.36],[116.4,-1.32],[116.42,-1.28],[116.41,-1.24],[116.39,-1.23],[116.41,-1.21],[116.38,-1.18],[116.37,-1.14],[116.47,-1.04],[116.44,-0.97],[116.44,-0.95],[116.48,-0.94],[116.45,-0.88],[116.51,-0.86],[116.54,-0.81],[116.56,-0.81],[116.57,-0.86],[116.6,-0.88],[116.63,-0.88],[116.68,-0.8],[116.73,-0.8],[116.74,-0.83],[116.77,-0.8],[116.77,-0.83],[116.83,-0.81],[116.91,-0.88],[116.94,-0.93],[116.9,-0.99],[116.87,-0.99],[116.87,-1.01],[116.83,-1.02],[116.8,-1.05],[116.78,-1.04],[116.76,-1.07],[116.73,-1.07],[116.72,-1.11],[116.77,-1.18],[116.76,-1.36],[116.6,-1.42],[116.54,-1.46]]]]}},{"type":"Feature","properties":{"id":"1108","nama":"Aceh Besar","prov":"Aceh","ikk":95.94,"pdrb":12020.56,"pdrb_f":2086.86,"share":17.36},"geometry":{"type":"MultiPolygon","coordinates":[[[[95.16,5.65],[95.19,5.61],[95.15,5.59],[95.14,5.61],[95.13,5.59],[95.12,5.62],[95.14,5.63],[95.14,5.66],[95.16,5.65]]],[[[95.06,5.75],[95.14,5.67],[95.08,5.67],[95.05,5.65],[95.07,5.66],[95.04,5.67],[95.06,5.68],[95.04,5.69],[95.06,5.71],[95.05,5.74],[95.01,5.72],[95.03,5.75],[95.06,5.75]]],[[[95.37,5.25],[95.33,5.23],[95.33,5.18],[95.31,5.17],[95.24,5.22],[95.25,5.28],[95.21,5.28],[95.22,5.32],[95.24,5.33],[95.22,5.34],[95.23,5.36],[95.24,5.34],[95.25,5.38],[95.23,5.43],[95.24,5.46],[95.19,5.53],[95.22,5.58],[95.24,5.55],[95.28,5.55],[95.29,5.52],[95.34,5.53],[95.36,5.57],[95.38,5.57],[95.35,5.58],[95.36,5.6],[95.43,5.66],[95.51,5.6],[95.57,5.62],[95.61,5.63],[95.75,5.57],[95.72,5.5],[95.78,5.44],[95.75,5.42],[95.77,5.4],[95.75,5.32],[95.79,5.28],[95.78,5.25],[95.84,5.14],[95.82,5.09],[95.73,5.05],[95.65,5.07],[95.63,5.1],[95.64,5.14],[95.62,5.19],[95.5,5.22],[95.4,5.21],[95.37,5.25]]]]}},{"type":"Feature","properties":{"id":"1107","nama":"Aceh Barat","prov":"Aceh","ikk":93.95,"pdrb":9068.13,"pdrb_f":749.73,"share":8.27},"geometry":{"type":"MultiPolygon","coordinates":[[[[96.07,4.19],[96.04,4.21],[96.02,4.19],[95.87,4.38],[95.92,4.43],[95.97,4.52],[96.05,4.57],[96.03,4.64],[96.09,4.7],[96.12,4.77],[96.22,4.76],[96.28,4.8],[96.26,4.7],[96.41,4.67],[96.44,4.63],[96.47,4.63],[96.49,4.62],[96.49,4.56],[96.44,4.51],[96.48,4.46],[96.44,4.43],[96.37,4.42],[96.37,4.39],[96.33,4.37],[96.3,4.37],[96.29,4.27],[96.27,4.26],[96.28,4.18],[96.26,4.14],[96.19,4.11],[96.15,4.14],[96.13,4.12],[96.07,4.19]]]]}},{"type":"Feature","properties":{"id":"1109","nama":"Pidie","prov":"Aceh","ikk":93.91,"pdrb":9245.75,"pdrb_f":594.71,"share":6.43},"geometry":{"type":"MultiPolygon","coordinates":[[[[95.98,4.8],[95.9,4.87],[95.88,4.91],[95.74,5.06],[95.82,5.09],[95.84,5.14],[95.78,5.25],[95.79,5.28],[95.75,5.32],[95.77,5.4],[95.75,5.42],[95.78,5.44],[95.72,5.5],[95.73,5.55],[95.75,5.57],[95.88,5.51],[95.9,5.43],[95.93,5.41],[96.1,5.29],[96.05,5.29],[96.06,5.25],[96.04,5.24],[96.06,5.2],[96.02,5.15],[96.04,5.12],[96.14,5.07],[96.19,5.08],[96.21,5.04],[96.19,5.0],[96.26,4.91],[96.32,4.92],[96.34,4.94],[96.42,4.94],[96.46,4.91],[96.48,4.85],[96.47,4.76],[96.3,4.77],[96.27,4.8],[96.22,4.76],[96.14,4.75],[96.12,4.77],[96.09,4.7],[96.04,4.66],[95.98,4.8]]]]}},{"type":"Feature","properties":{"id":"1104","nama":"Aceh Tenggara","prov":"Aceh","ikk":95.77,"pdrb":3939.45,"pdrb_f":232.12,"share":5.89},"geometry":{"type":"MultiPolygon","coordinates":[[[[97.93,3.05],[97.94,3.04],[97.94,2.99],[97.9,3.01],[97.83,3.0],[97.81,2.96],[97.8,2.98],[97.77,2.96],[97.75,2.93],[97.64,2.95],[97.64,3.03],[97.62,3.09],[97.48,3.22],[97.47,3.33],[97.4,3.45],[97.45,3.54],[97.48,3.55],[97.46,3.62],[97.43,3.64],[97.4,3.62],[97.37,3.64],[97.29,3.61],[97.28,3.65],[97.21,3.69],[97.32,3.68],[97.82,3.75],[97.8,3.72],[97.87,3.61],[97.87,3.57],[97.9,3.56],[97.92,3.5],[97.96,3.48],[97.93,3.44],[97.95,3.39],[98.0,3.37],[98.03,3.33],[98.0,3.28],[97.92,3.26],[97.96,3.18],[97.94,3.16],[97.98,3.11],[97.97,3.07],[97.94,3.07],[97.93,3.05]]]]}},{"type":"Feature","properties":{"id":"8172","nama":"Kota Tual","prov":"Maluku","ikk":106.74,"pdrb":1899.32,"pdrb_f":151.43,"share":7.97},"geometry":{"type":"MultiPolygon","coordinates":[[[[132.2,-5.73],[132.18,-5.77],[132.17,-5.74],[132.18,-5.72],[132.2,-5.73]]],[[[132.28,-5.58],[132.31,-5.59],[132.3,-5.62],[132.32,-5.62],[132.3,-5.65],[132.28,-5.6],[132.26,-5.59],[132.28,-5.58]]],[[[132.33,-5.53],[132.36,-5.55],[132.38,-5.54],[132.36,-5.58],[132.32,-5.57],[132.3,-5.53],[132.33,-5.53]]],[[[132.01,-5.36],[131.97,-5.38],[131.98,-5.33],[132.01,-5.31],[132.01,-5.36]]],[[[132.79,-5.67],[132.77,-5.69],[132.76,-5.66],[132.77,-5.65],[132.75,-5.66],[132.74,-5.64],[132.77,-5.55],[132.8,-5.52],[132.79,-5.57],[132.82,-5.55],[132.8,-5.61],[132.81,-5.68],[132.79,-5.69],[132.8,-5.65],[132.79,-5.67]]],[[[132.74,-5.53],[132.75,-5.55],[132.7,-5.55],[132.69,-5.53],[132.74,-5.53]]]]}},{"type":"Feature","properties":{"id":"1103","nama":"Aceh Selatan","prov":"Aceh","ikk":98.04,"pdrb":4931.74,"pdrb_f":743.36,"share":15.07},"geometry":{"type":"MultiPolygon","coordinates":[[[[97.41,2.95],[97.32,3.06],[97.26,3.22],[97.19,3.26],[97.17,3.26],[97.0,3.54],[96.94,3.57],[96.97,3.62],[97.04,3.6],[97.13,3.69],[97.15,3.75],[97.28,3.65],[97.29,3.6],[97.37,3.64],[97.4,3.62],[97.45,3.63],[97.47,3.6],[97.48,3.55],[97.45,3.54],[97.4,3.45],[97.47,3.33],[97.48,3.22],[97.62,3.09],[97.64,3.03],[97.64,2.96],[97.75,2.93],[97.78,2.97],[97.8,2.97],[97.81,2.96],[97.82,2.98],[97.9,2.97],[97.91,2.92],[97.86,2.88],[97.85,2.84],[97.77,2.79],[97.82,2.64],[97.79,2.5],[97.73,2.42],[97.66,2.39],[97.65,2.68],[97.6,2.87],[97.58,2.89],[97.54,2.88],[97.41,2.95]]]]}},{"type":"Feature","properties":{"id":"8171","nama":"Kota Ambon","prov":"Maluku","ikk":91.61,"pdrb":12942.46,"pdrb_f":615.82,"share":4.76},"geometry":{"type":"MultiPolygon","coordinates":[[[[128.27,-3.64],[128.3,-3.68],[128.26,-3.73],[128.16,-3.75],[128.15,-3.77],[128.09,-3.79],[128.16,-3.71],[128.24,-3.64],[128.23,-3.63],[128.08,-3.72],[128.03,-3.68],[128.04,-3.64],[128.2,-3.63],[128.2,-3.6],[128.24,-3.57],[128.27,-3.6],[128.27,-3.64]]]]}},{"type":"Feature","properties":{"id":"1106","nama":"Aceh Tengah","prov":"Aceh","ikk":99.27,"pdrb":7139.99,"pdrb_f":920.73,"share":12.9},"geometry":{"type":"MultiPolygon","coordinates":[[[[96.83,4.28],[96.76,4.3],[96.63,4.39],[96.62,4.41],[96.65,4.47],[96.64,4.51],[96.61,4.5],[96.6,4.57],[96.5,4.63],[96.45,4.62],[96.41,4.67],[96.26,4.71],[96.28,4.78],[96.47,4.76],[96.47,4.89],[96.5,4.89],[96.54,4.93],[96.58,4.95],[96.68,4.95],[96.71,4.81],[96.68,4.76],[96.75,4.71],[96.78,4.71],[96.81,4.67],[96.82,4.68],[97.02,4.64],[97.05,4.6],[97.15,4.58],[97.31,4.6],[97.32,4.55],[97.28,4.52],[97.29,4.5],[97.34,4.5],[97.37,4.38],[97.35,4.21],[97.24,4.18],[97.22,4.24],[97.16,4.28],[97.11,4.24],[97.01,4.2],[97.0,4.18],[96.97,4.2],[96.89,4.22],[96.83,4.28]]]]}},{"type":"Feature","properties":{"id":"1105","nama":"Aceh Timur","prov":"Aceh","ikk":94.87,"pdrb":9466.19,"pdrb_f":665.96,"share":7.04},"geometry":{"type":"MultiPolygon","coordinates":[[[[97.77,4.34],[97.72,4.25],[97.64,4.22],[97.6,4.25],[97.58,4.18],[97.53,4.19],[97.5,4.16],[97.36,4.21],[97.37,4.38],[97.34,4.5],[97.28,4.51],[97.32,4.55],[97.31,4.6],[97.3,4.63],[97.26,4.62],[97.25,4.66],[97.31,4.67],[97.34,4.78],[97.42,4.75],[97.4,4.77],[97.41,4.79],[97.41,4.78],[97.43,4.79],[97.44,4.82],[97.46,4.82],[97.44,4.83],[97.48,4.84],[97.51,4.88],[97.5,4.87],[97.51,4.89],[97.47,4.92],[97.47,4.95],[97.5,4.96],[97.49,4.96],[97.5,4.97],[97.5,5.01],[97.52,5.07],[97.49,5.07],[97.46,5.11],[97.48,5.13],[97.47,5.15],[97.5,5.16],[97.48,5.24],[97.5,5.25],[97.55,5.21],[97.53,5.21],[97.59,5.14],[97.65,5.12],[97.64,5.07],[97.85,4.9],[97.91,4.89],[97.98,4.67],[97.97,4.68],[97.96,4.67],[98.02,4.6],[97.97,4.56],[97.97,4.53],[97.92,4.53],[97.88,4.46],[97.92,4.45],[97.92,4.42],[97.97,4.44],[97.99,4.41],[98.02,4.42],[97.98,4.38],[97.95,4.39],[97.92,4.35],[97.77,4.34]]]]}},{"type":"Feature","properties":{"id":"1102","nama":"Aceh Singkil","prov":"Aceh","ikk":96.3,"pdrb":2043.19,"pdrb_f":187.91,"share":9.2},"geometry":{"type":"MultiPolygon","coordinates":[[[[97.13,2.11],[97.16,2.07],[97.12,2.04],[97.13,2.01],[97.1,2.03],[97.08,2.09],[97.1,2.09],[97.1,2.11],[97.13,2.11]]],[[[97.18,2.23],[97.18,2.22],[97.19,2.23],[97.19,2.21],[97.22,2.2],[97.24,2.23],[97.3,2.23],[97.29,2.2],[97.33,2.15],[97.34,2.16],[97.35,2.09],[97.35,2.04],[97.33,2.04],[97.34,2.06],[97.31,2.06],[97.26,2.13],[97.23,2.15],[97.23,2.17],[97.22,2.16],[97.21,2.18],[97.12,2.2],[97.12,2.23],[97.18,2.23]]],[[[98.16,2.4],[98.2,2.31],[98.18,2.24],[98.13,2.16],[97.95,2.27],[97.91,2.27],[97.88,2.24],[97.8,2.27],[97.78,2.23],[97.71,2.34],[97.67,2.39],[97.73,2.42],[97.79,2.51],[97.84,2.5],[97.84,2.56],[97.91,2.55],[97.99,2.61],[98.03,2.56],[98.05,2.56],[98.06,2.59],[98.08,2.58],[98.09,2.5],[98.16,2.4]]]]}},{"type":"Feature","properties":{"id":"1101","nama":"Simeulue","prov":"Aceh","ikk":106.82,"pdrb":1958.5,"pdrb_f":175.38,"share":8.95},"geometry":{"type":"MultiPolygon","coordinates":[[[[95.96,2.58],[95.89,2.6],[95.89,2.62],[95.86,2.64],[95.84,2.62],[95.82,2.65],[95.8,2.63],[95.79,2.68],[95.75,2.7],[95.77,2.71],[95.72,2.74],[95.73,2.76],[95.7,2.75],[95.69,2.77],[95.72,2.83],[95.78,2.82],[95.8,2.84],[95.78,2.84],[95.76,2.86],[95.79,2.93],[95.84,2.88],[95.83,2.92],[95.9,2.89],[95.91,2.85],[95.88,2.87],[95.87,2.86],[95.88,2.83],[95.9,2.82],[95.92,2.84],[96.03,2.76],[96.1,2.75],[96.08,2.73],[96.09,2.75],[96.13,2.73],[96.11,2.73],[96.11,2.71],[96.13,2.7],[96.15,2.71],[96.15,2.69],[96.11,2.69],[96.09,2.67],[96.1,2.65],[96.12,2.63],[96.14,2.65],[96.19,2.62],[96.18,2.66],[96.15,2.67],[96.17,2.67],[96.27,2.57],[96.34,2.55],[96.34,2.52],[96.37,2.51],[96.38,2.46],[96.41,2.46],[96.4,2.51],[96.43,2.48],[96.43,2.49],[96.45,2.48],[96.5,2.37],[96.48,2.34],[96.44,2.33],[96.39,2.35],[96.34,2.34],[96.31,2.36],[96.34,2.39],[96.31,2.39],[96.31,2.42],[96.23,2.44],[96.08,2.57],[96.01,2.59],[96.0,2.57],[95.98,2.59],[95.96,2.58]]],[[[96.26,2.35],[96.24,2.34],[96.22,2.36],[96.23,2.36],[96.26,2.37],[96.26,2.35]]],[[[96.68,2.1],[96.68,2.08],[96.65,2.06],[96.61,2.09],[96.63,2.12],[96.68,2.1]]],[[[96.66,2.16],[96.64,2.15],[96.62,2.19],[96.66,2.16]]]]}},{"type":"Feature","properties":{"id":"1218","nama":"Serdang Bedagai","prov":"Sumatera Utara","ikk":91.69,"pdrb":24043.8,"pdrb_f":2036.97,"share":8.47},"geometry":{"type":"MultiPolygon","coordinates":[[[[99.05,3.13],[99.01,3.07],[99.0,3.03],[98.92,3.02],[98.99,3.09],[98.99,3.12],[98.96,3.14],[99.0,3.21],[98.94,3.21],[98.98,3.27],[98.96,3.29],[98.91,3.25],[98.86,3.26],[98.84,3.22],[98.75,3.21],[98.8,3.3],[98.92,3.37],[98.93,3.57],[98.92,3.6],[98.95,3.68],[99.27,3.49],[99.27,3.47],[99.29,3.48],[99.32,3.44],[99.28,3.39],[99.29,3.38],[99.26,3.31],[99.22,3.28],[99.23,3.26],[99.2,3.18],[99.18,3.19],[99.16,3.16],[99.15,3.17],[99.1,3.13],[99.05,3.13]],[[99.14,3.28],[99.14,3.31],[99.19,3.31],[99.19,3.35],[99.17,3.35],[99.18,3.37],[99.15,3.37],[99.15,3.34],[99.12,3.34],[99.14,3.28]]]]}},{"type":"Feature","properties":{"id":"9471","nama":"Kota Jayapura","prov":"Papua","ikk":126.76,"pdrb":26779.51,"pdrb_f":5000.78,"share":18.67},"geometry":{"type":"MultiPolygon","coordinates":[[[[140.8,-2.6],[140.92,-2.62],[141.0,-2.6],[141.0,-2.83],[140.83,-2.74],[140.73,-2.71],[140.63,-2.72],[140.61,-2.61],[140.62,-2.53],[140.67,-2.47],[140.74,-2.51],[140.75,-2.54],[140.73,-2.52],[140.71,-2.54],[140.72,-2.56],[140.72,-2.59],[140.69,-2.57],[140.7,-2.63],[140.74,-2.63],[140.71,-2.6],[140.77,-2.63],[140.8,-2.6]]]]}},{"type":"Feature","properties":{"id":"1217","nama":"Samosir","prov":"Sumatera Utara","ikk":99.96,"pdrb":3794.86,"pdrb_f":412.71,"share":10.88},"geometry":{"type":"MultiPolygon","coordinates":[[[[98.66,2.56],[98.69,2.53],[98.71,2.55],[98.84,2.36],[98.75,2.44],[98.67,2.4],[98.65,2.45],[98.59,2.45],[98.58,2.49],[98.51,2.49],[98.47,2.46],[98.45,2.49],[98.41,2.49],[98.4,2.52],[98.45,2.53],[98.47,2.55],[98.49,2.55],[98.56,2.58],[98.58,2.74],[98.63,2.68],[98.61,2.65],[98.69,2.61],[98.67,2.58],[98.69,2.57],[98.66,2.56]]],[[[98.73,2.53],[98.68,2.64],[98.7,2.73],[98.73,2.76],[98.79,2.73],[98.83,2.68],[98.86,2.67],[98.85,2.66],[98.91,2.56],[98.97,2.51],[98.99,2.46],[98.89,2.43],[98.82,2.47],[98.8,2.46],[98.79,2.5],[98.76,2.5],[98.73,2.53]]]]}},{"type":"Feature","properties":{"id":"1219","nama":"Batu Bara","prov":"Sumatera Utara","ikk":88.63,"pdrb":28549.99,"pdrb_f":1538.74,"share":5.39},"geometry":{"type":"MultiPolygon","coordinates":[[[[99.46,3.14],[99.37,3.15],[99.4,3.25],[99.38,3.26],[99.36,3.22],[99.34,3.29],[99.3,3.3],[99.3,3.28],[99.24,3.26],[99.23,3.2],[99.21,3.22],[99.32,3.44],[99.44,3.37],[99.49,3.34],[99.49,3.31],[99.55,3.24],[99.69,3.2],[99.74,3.17],[99.7,3.12],[99.62,3.14],[99.59,3.11],[99.62,3.09],[99.6,3.04],[99.55,3.02],[99.53,3.03],[99.55,3.03],[99.57,3.08],[99.53,3.1],[99.53,3.08],[99.51,3.09],[99.52,3.12],[99.46,3.14]]]]}},{"type":"Feature","properties":{"id":"2105","nama":"Kepulauan Anambas","prov":"Kepulauan Riau","ikk":123.49,"pdrb":12193.55,"pdrb_f":767.98,"share":6.3},"geometry":{"type":"MultiPolygon","coordinates":[[[[105.8,2.99],[105.85,2.99],[105.85,2.96],[105.82,2.97],[105.81,2.94],[105.83,2.91],[105.79,2.91],[105.82,2.89],[105.78,2.9],[105.77,2.87],[105.72,2.87],[105.77,2.84],[105.75,2.82],[105.7,2.85],[105.71,2.93],[105.69,2.93],[105.71,2.96],[105.71,2.98],[105.68,3.01],[105.71,3.03],[105.69,3.06],[105.71,3.03],[105.74,3.05],[105.72,2.99],[105.74,2.97],[105.78,2.97],[105.8,2.99]]],[[[105.67,3.1],[105.67,3.09],[105.65,3.09],[105.64,3.1],[105.65,3.12],[105.67,3.1]]],[[[106.23,2.8],[106.24,2.76],[106.25,2.76],[106.25,2.73],[106.2,2.76],[106.22,2.77],[106.19,2.81],[106.23,2.8]]],[[[105.99,3.08],[105.99,3.03],[105.97,3.03],[105.97,3.07],[105.99,3.08]]],[[[106.22,3.38],[106.22,3.36],[106.24,3.33],[106.22,3.3],[106.21,3.32],[106.19,3.3],[106.17,3.33],[106.2,3.35],[106.2,3.38],[106.23,3.4],[106.22,3.38]]],[[[106.28,3.18],[106.27,3.17],[106.29,3.18],[106.29,3.16],[106.27,3.12],[106.29,3.1],[106.28,3.08],[106.25,3.12],[106.24,3.1],[106.22,3.13],[106.21,3.12],[106.19,3.23],[106.22,3.22],[106.23,3.24],[106.28,3.18]]],[[[106.26,3.29],[106.28,3.23],[106.23,3.26],[106.25,3.29],[106.24,3.34],[106.26,3.35],[106.27,3.38],[106.31,3.37],[106.29,3.35],[106.29,3.25],[106.27,3.3],[106.26,3.29]]],[[[106.31,3.15],[106.33,3.16],[106.33,3.14],[106.34,3.15],[106.32,3.09],[106.3,3.13],[106.3,3.1],[106.29,3.12],[106.32,3.17],[106.31,3.15]]],[[[106.34,3.39],[106.33,3.34],[106.32,3.32],[106.32,3.34],[106.33,3.41],[106.34,3.42],[106.34,3.39]]]]}},{"type":"Feature","properties":{"id":"2104","nama":"Lingga","prov":"Kepulauan Riau","ikk":110.76,"pdrb":3475.95,"pdrb_f":666.2,"share":19.17},"geometry":{"type":"MultiPolygon","coordinates":[[[[104.21,-0.39],[104.23,-0.4],[104.22,-0.43],[104.21,-0.42],[104.19,-0.39],[104.21,-0.39]]],[[[104.2,-0.37],[104.23,-0.37],[104.23,-0.39],[104.2,-0.38],[104.17,-0.37],[104.2,-0.37]]],[[[104.34,0.11],[104.32,0.11],[104.29,0.14],[104.29,0.18],[104.34,0.11]]],[[[104.24,0.18],[104.23,0.16],[104.2,0.17],[104.23,0.2],[104.24,0.18]]],[[[104.32,0.34],[104.32,0.31],[104.3,0.31],[104.3,0.34],[104.32,0.34]]],[[[104.5,-0.65],[104.46,-0.62],[104.43,-0.58],[104.4,-0.6],[104.39,-0.67],[104.36,-0.68],[104.35,-0.67],[104.32,-0.54],[104.24,-0.49],[104.28,-0.4],[104.31,-0.39],[104.32,-0.34],[104.34,-0.39],[104.31,-0.42],[104.35,-0.45],[104.35,-0.39],[104.39,-0.41],[104.43,-0.38],[104.44,-0.34],[104.48,-0.33],[104.54,-0.37],[104.6,-0.46],[104.59,-0.49],[104.56,-0.51],[104.52,-0.57],[104.5,-0.65]]],[[[104.36,0.31],[104.38,0.28],[104.39,0.27],[104.36,0.27],[104.33,0.3],[104.33,0.33],[104.36,0.31]]],[[[104.34,0.37],[104.42,0.33],[104.43,0.31],[104.4,0.31],[104.42,0.3],[104.39,0.29],[104.39,0.3],[104.35,0.32],[104.34,0.34],[104.36,0.34],[104.34,0.37]]],[[[104.48,-0.28],[104.48,-0.32],[104.43,-0.32],[104.39,-0.31],[104.39,-0.28],[104.48,-0.28]]],[[[104.42,0.14],[104.49,0.07],[104.49,0.04],[104.46,0.06],[104.5,0.02],[104.42,0.09],[104.38,0.12],[104.43,0.09],[104.4,0.14],[104.4,0.16],[104.42,0.14]]],[[[104.52,0.13],[104.52,0.11],[104.5,0.12],[104.49,0.15],[104.52,0.13]]],[[[104.52,-0.01],[104.56,0.0],[104.55,0.03],[104.6,-0.0],[104.67,-0.08],[104.63,-0.07],[104.63,-0.1],[104.67,-0.12],[104.66,-0.09],[104.68,-0.08],[104.73,-0.14],[104.75,-0.18],[104.79,-0.2],[104.82,-0.2],[104.81,-0.15],[104.83,-0.13],[104.94,-0.27],[105.0,-0.28],[104.99,-0.31],[104.93,-0.28],[104.9,-0.29],[104.93,-0.32],[104.92,-0.34],[104.84,-0.31],[104.7,-0.2],[104.59,-0.25],[104.57,-0.24],[104.52,-0.28],[104.5,-0.24],[104.43,-0.24],[104.43,-0.18],[104.47,-0.16],[104.47,-0.14],[104.5,-0.13],[104.49,0.0],[104.52,-0.01]]],[[[104.6,0.15],[104.71,0.05],[104.7,0.02],[104.62,0.07],[104.63,0.09],[104.6,0.1],[104.62,0.08],[104.6,0.08],[104.57,0.11],[104.56,0.14],[104.48,0.24],[104.53,0.21],[104.52,0.25],[104.6,0.15]]],[[[104.54,0.42],[104.56,0.41],[104.54,0.41],[104.53,0.38],[104.51,0.43],[104.54,0.42]]],[[[104.76,-0.13],[104.76,-0.15],[104.74,-0.13],[104.73,-0.1],[104.76,-0.13]]],[[[104.78,0.03],[104.74,0.03],[104.75,0.05],[104.77,0.05],[104.77,0.06],[104.78,0.03]]]]}},{"type":"Feature","properties":{"id":"1904","nama":"Bangka Tengah","prov":"Kepulauan Bangka Belitung","ikk":104.08,"pdrb":7058.73,"pdrb_f":655.03,"share":9.28},"geometry":{"type":"MultiPolygon","coordinates":[[[[105.93,-2.22],[105.96,-2.25],[105.98,-2.24],[106.09,-2.14],[106.16,-2.16],[106.18,-2.15],[106.24,-2.33],[106.34,-2.46],[106.84,-2.57],[106.76,-2.6],[106.65,-2.72],[106.55,-2.64],[106.49,-2.64],[106.49,-2.66],[106.49,-2.61],[106.44,-2.62],[106.45,-2.56],[106.42,-2.58],[106.32,-2.55],[106.24,-2.58],[106.2,-2.57],[106.2,-2.53],[106.22,-2.5],[106.22,-2.46],[106.14,-2.5],[106.06,-2.49],[106.05,-2.52],[106.03,-2.49],[106.05,-2.46],[106.03,-2.44],[105.98,-2.47],[105.93,-2.47],[105.91,-2.44],[105.84,-2.41],[105.8,-2.37],[105.82,-2.33],[105.9,-2.34],[105.93,-2.28],[105.91,-2.25],[105.93,-2.22]]]]}},{"type":"Feature","properties":{"id":"2101","nama":"Karimun","prov":"Kepulauan Riau","ikk":108.14,"pdrb":11535.57,"pdrb_f":2115.7,"share":18.34},"geometry":{"type":"MultiPolygon","coordinates":[[[[103.4,0.89],[103.41,0.85],[103.47,0.81],[103.51,0.75],[103.45,0.64],[103.4,0.65],[103.35,0.74],[103.35,0.84],[103.37,0.9],[103.4,0.89]]],[[[103.36,1.13],[103.39,1.13],[103.39,1.06],[103.42,1.04],[103.45,1.0],[103.4,0.99],[103.37,1.01],[103.33,1.02],[103.31,1.05],[103.32,1.07],[103.31,1.08],[103.35,1.13],[103.36,1.13]]],[[[103.52,0.67],[103.49,0.63],[103.46,0.62],[103.46,0.64],[103.5,0.69],[103.52,0.69],[103.52,0.67]]],[[[103.44,0.86],[103.49,0.84],[103.53,0.81],[103.53,0.77],[103.51,0.78],[103.47,0.82],[103.42,0.84],[103.41,0.89],[103.44,0.86]]],[[[103.44,0.92],[103.48,0.91],[103.49,0.86],[103.46,0.86],[103.41,0.9],[103.44,0.92]]],[[[103.53,0.87],[103.5,0.86],[103.49,0.92],[103.51,0.92],[103.53,0.87]]],[[[103.43,0.95],[103.44,0.93],[103.42,0.91],[103.41,0.93],[103.41,0.94],[103.43,0.95]]],[[[103.46,0.96],[103.48,0.92],[103.46,0.94],[103.43,0.96],[103.46,0.96]]],[[[103.61,0.52],[103.62,0.5],[103.6,0.49],[103.59,0.52],[103.58,0.56],[103.61,0.52]]],[[[103.71,0.62],[103.67,0.61],[103.67,0.64],[103.71,0.62]]],[[[103.75,0.73],[103.73,0.71],[103.74,0.69],[103.69,0.72],[103.75,0.73]]],[[[103.68,0.81],[103.73,0.77],[103.71,0.75],[103.66,0.83],[103.68,0.81]]],[[[103.94,0.8],[103.92,0.76],[103.9,0.79],[103.89,0.8],[103.91,0.83],[103.94,0.8]]],[[[103.77,0.88],[103.83,0.81],[103.83,0.75],[103.8,0.78],[103.72,0.85],[103.73,0.88],[103.77,0.88]]],[[[103.86,0.88],[103.91,0.84],[103.9,0.8],[103.88,0.8],[103.81,0.89],[103.86,0.88]]]]}},{"type":"Feature","properties":{"id":"6310","nama":"Tanah Bumbu","prov":"Kalimantan Selatan","ikk":100.7,"pdrb":19620.61,"pdrb_f":1187.33,"share":6.05},"geometry":{"type":"MultiPolygon","coordinates":[[[[115.64,-3.75],[115.38,-3.86],[115.34,-3.77],[115.33,-3.76],[115.32,-3.71],[115.28,-3.7],[115.26,-3.67],[115.25,-3.59],[115.3,-3.52],[115.35,-3.5],[115.41,-3.45],[115.39,-3.44],[115.4,-3.36],[115.43,-3.3],[115.39,-3.25],[115.42,-3.23],[115.43,-3.12],[115.49,-3.09],[115.48,-3.07],[115.51,-3.04],[115.59,-3.01],[115.62,-3.07],[115.66,-3.06],[115.71,-3.1],[115.77,-3.19],[115.93,-3.15],[115.95,-3.19],[115.93,-3.23],[115.95,-3.25],[115.99,-3.22],[116.04,-3.26],[116.08,-3.26],[116.09,-3.28],[116.03,-3.37],[116.0,-3.57],[115.97,-3.61],[115.83,-3.63],[115.72,-3.73],[115.64,-3.75]]]]}},{"type":"Feature","properties":{"id":"1903","nama":"Bangka Barat","prov":"Kepulauan Bangka Belitung","ikk":104.54,"pdrb":11592.05,"pdrb_f":651.48,"share":5.62},"geometry":{"type":"MultiPolygon","coordinates":[[[[105.35,-2.13],[105.29,-2.16],[105.26,-2.08],[105.23,-2.07],[105.13,-2.09],[105.11,-2.02],[105.12,-1.96],[105.27,-1.89],[105.39,-1.8],[105.41,-1.75],[105.32,-1.7],[105.36,-1.68],[105.34,-1.67],[105.34,-1.65],[105.38,-1.64],[105.39,-1.61],[105.42,-1.61],[105.46,-1.56],[105.56,-1.55],[105.56,-1.53],[105.61,-1.53],[105.64,-1.64],[105.72,-1.64],[105.65,-1.71],[105.66,-1.75],[105.7,-1.78],[105.76,-1.79],[105.75,-1.86],[105.71,-1.89],[105.7,-1.92],[105.72,-1.97],[105.78,-1.99],[105.78,-2.05],[105.71,-2.06],[105.74,-2.13],[105.59,-2.12],[105.55,-2.07],[105.44,-2.13],[105.42,-2.12],[105.35,-2.13]]]]}},{"type":"Feature","properties":{"id":"1906","nama":"Belitung Timur","prov":"Kepulauan Bangka Belitung","ikk":105.17,"pdrb":6474.78,"pdrb_f":469.14,"share":7.25},"geometry":{"type":"MultiPolygon","coordinates":[[[[108.09,-3.17],[108.07,-3.19],[108.09,-3.21],[108.08,-3.24],[108.01,-3.24],[107.98,-3.27],[107.97,-3.24],[107.96,-3.17],[107.92,-3.12],[107.89,-3.12],[107.9,-3.1],[107.85,-3.06],[107.86,-3.03],[107.85,-2.98],[107.75,-2.89],[107.79,-2.87],[107.85,-2.87],[107.85,-2.82],[107.87,-2.8],[108.0,-2.78],[108.0,-2.76],[107.96,-2.76],[107.94,-2.71],[107.87,-2.69],[107.9,-2.66],[107.9,-2.61],[107.94,-2.59],[107.94,-2.57],[107.99,-2.57],[108.01,-2.6],[108.0,-2.62],[108.03,-2.64],[108.02,-2.67],[108.04,-2.6],[108.09,-2.6],[108.16,-2.65],[108.16,-2.69],[108.17,-2.67],[108.19,-2.68],[108.27,-2.75],[108.3,-2.85],[108.21,-3.01],[108.22,-3.06],[108.18,-3.12],[108.21,-3.15],[108.15,-3.17],[108.09,-3.17]]]]}},{"type":"Feature","properties":{"id":"2103","nama":"Natuna","prov":"Kepulauan Riau","ikk":113.96,"pdrb":15754.76,"pdrb_f":1061.63,"share":6.74},"geometry":{"type":"MultiPolygon","coordinates":[[[[107.77,2.98],[107.76,2.97],[107.75,3.0],[107.77,3.02],[107.8,3.02],[107.81,2.98],[107.77,2.98]]],[[[108.12,3.63],[108.1,3.59],[108.09,3.6],[108.07,3.58],[108.1,3.64],[108.12,3.63]]],[[[108.07,3.67],[108.09,3.64],[108.05,3.63],[108.05,3.67],[108.07,3.67]]],[[[108.12,3.67],[108.09,3.68],[108.12,3.74],[108.14,3.75],[108.15,3.74],[108.15,3.76],[108.19,3.78],[108.28,3.71],[108.22,3.78],[108.23,3.82],[108.21,3.83],[108.22,3.79],[108.06,3.83],[108.02,3.88],[108.03,3.9],[108.01,3.91],[108.03,3.93],[108.01,3.92],[107.99,3.94],[107.99,3.98],[107.96,4.0],[108.07,4.07],[108.09,4.11],[108.17,4.16],[108.21,4.23],[108.24,4.22],[108.23,4.19],[108.23,4.13],[108.28,4.08],[108.26,4.08],[108.3,4.09],[108.29,4.06],[108.4,3.97],[108.38,3.93],[108.39,3.89],[108.37,3.9],[108.35,3.88],[108.37,3.89],[108.38,3.85],[108.41,3.89],[108.41,3.86],[108.39,3.79],[108.31,3.73],[108.3,3.66],[108.21,3.66],[108.16,3.63],[108.15,3.66],[108.12,3.67]]],[[[108.01,3.82],[108.04,3.8],[108.04,3.77],[108.03,3.78],[107.99,3.81],[108.01,3.82]]],[[[107.91,3.91],[107.92,3.89],[107.9,3.89],[107.89,3.91],[107.91,3.91]]],[[[108.0,4.73],[107.97,4.67],[107.93,4.68],[107.93,4.69],[107.96,4.71],[108.0,4.77],[108.0,4.73]]],[[[108.89,3.01],[108.89,2.95],[108.87,2.94],[108.89,2.94],[108.89,2.88],[108.86,2.88],[108.85,2.85],[108.81,2.85],[108.78,2.89],[108.83,2.94],[108.84,3.0],[108.89,3.01]]],[[[108.85,3.05],[108.87,3.02],[108.84,3.01],[108.83,3.04],[108.85,3.05]]],[[[109.08,2.52],[109.12,2.53],[109.09,2.49],[109.09,2.5],[109.08,2.49],[109.05,2.5],[109.02,2.48],[109.01,2.5],[109.03,2.51],[109.0,2.53],[108.98,2.52],[108.98,2.56],[109.08,2.52]]]]}},{"type":"Feature","properties":{"id":"9111","nama":"Manokwari Selatan","prov":"Papua Barat","ikk":121.08,"pdrb":675.83,"pdrb_f":19.43,"share":2.87},"geometry":{"type":"MultiPolygon","coordinates":[[[[134.09,-1.72],[134.1,-1.79],[134.01,-1.8],[134.0,-1.86],[134.01,-1.88],[133.98,-1.9],[133.98,-1.92],[134.01,-1.96],[134.02,-2.01],[133.92,-2.0],[133.86,-1.96],[133.89,-1.93],[133.89,-1.9],[133.86,-1.9],[133.84,-1.83],[133.87,-1.83],[133.88,-1.8],[133.85,-1.77],[133.85,-1.69],[133.8,-1.67],[133.76,-1.62],[133.55,-1.6],[133.55,-1.56],[133.59,-1.51],[133.66,-1.52],[133.83,-1.48],[133.87,-1.51],[133.9,-1.5],[133.99,-1.42],[134.07,-1.44],[134.06,-1.38],[134.11,-1.33],[134.08,-1.27],[134.19,-1.2],[134.18,-1.23],[134.2,-1.23],[134.28,-1.35],[134.24,-1.36],[134.21,-1.41],[134.2,-1.55],[134.12,-1.64],[134.07,-1.65],[134.08,-1.66],[134.07,-1.67],[134.08,-1.69],[134.1,-1.68],[134.08,-1.69],[134.1,-1.7],[134.09,-1.72]]]]}},{"type":"Feature","properties":{"id":"1905","nama":"Bangka Selatan","prov":"Kepulauan Bangka Belitung","ikk":104.05,"pdrb":7025.17,"pdrb_f":511.88,"share":7.29},"geometry":{"type":"MultiPolygon","coordinates":[[[[106.65,-2.75],[106.6,-2.86],[106.59,-2.95],[106.74,-3.01],[106.73,-3.03],[106.74,-3.09],[106.66,-3.1],[106.65,-3.08],[106.6,-3.08],[106.51,-3.11],[106.49,-3.09],[106.49,-3.05],[106.44,-3.01],[106.43,-2.97],[106.34,-2.97],[106.28,-2.9],[106.15,-2.87],[106.09,-2.84],[105.96,-2.82],[105.89,-2.64],[105.89,-2.59],[105.94,-2.53],[105.93,-2.47],[105.98,-2.47],[106.03,-2.44],[106.05,-2.45],[106.03,-2.49],[106.04,-2.52],[106.06,-2.49],[106.14,-2.5],[106.2,-2.47],[106.23,-2.47],[106.2,-2.56],[106.24,-2.58],[106.31,-2.55],[106.37,-2.55],[106.42,-2.58],[106.45,-2.56],[106.44,-2.62],[106.49,-2.61],[106.49,-2.66],[106.49,-2.64],[106.55,-2.64],[106.59,-2.69],[106.63,-2.7],[106.64,-2.72],[106.66,-2.72],[106.65,-2.75]]],[[[106.83,-2.9],[106.91,-2.94],[106.88,-3.01],[106.9,-3.03],[106.86,-3.04],[106.79,-3.01],[106.71,-2.97],[106.73,-2.93],[106.78,-2.91],[106.8,-2.89],[106.83,-2.9]]],[[[107.06,-2.83],[107.09,-2.86],[107.09,-2.91],[107.05,-2.91],[107.02,-2.87],[107.06,-2.83]]]]}},{"type":"Feature","properties":{"id":"2102","nama":"Bintan","prov":"Kepulauan Riau","ikk":104.08,"pdrb":18830.8,"pdrb_f":3752.14,"share":19.93},"geometry":{"type":"MultiPolygon","coordinates":[[[[104.56,0.79],[104.59,0.78],[104.54,0.77],[104.51,0.74],[104.51,0.78],[104.56,0.79]]],[[[104.61,0.88],[104.59,0.81],[104.52,0.82],[104.51,0.85],[104.55,0.93],[104.5,0.99],[104.45,0.98],[104.44,1.0],[104.45,1.02],[104.48,1.02],[104.49,1.04],[104.4,1.05],[104.38,1.01],[104.34,1.03],[104.33,0.99],[104.26,1.0],[104.22,1.02],[104.24,1.04],[104.21,1.09],[104.24,1.12],[104.33,1.14],[104.31,1.18],[104.37,1.18],[104.39,1.2],[104.5,1.17],[104.54,1.18],[104.55,1.22],[104.59,1.23],[104.58,1.16],[104.63,1.11],[104.66,1.05],[104.64,0.99],[104.66,0.91],[104.61,0.88]]],[[[104.66,0.75],[104.61,0.72],[104.63,0.75],[104.66,0.75]]],[[[104.61,0.79],[104.64,0.78],[104.59,0.75],[104.59,0.79],[104.61,0.79]]],[[[104.64,0.81],[104.62,0.81],[104.63,0.85],[104.65,0.87],[104.66,0.85],[104.66,0.82],[104.64,0.81]]],[[[104.64,0.89],[104.66,0.88],[104.63,0.86],[104.62,0.89],[104.64,0.89]]],[[[104.73,0.75],[104.76,0.73],[104.74,0.72],[104.72,0.73],[104.71,0.75],[104.73,0.75]]],[[[104.71,0.79],[104.74,0.79],[104.75,0.76],[104.71,0.76],[104.69,0.78],[104.71,0.79]]],[[[104.7,0.89],[104.7,0.85],[104.66,0.86],[104.67,0.9],[104.7,0.89]]],[[[106.74,0.94],[106.75,0.92],[106.73,0.91],[106.72,0.93],[106.72,0.94],[106.74,0.94]]],[[[104.8,1.02],[104.85,1.01],[104.84,0.96],[104.82,0.96],[104.83,0.97],[104.78,1.01],[104.79,1.03],[104.8,1.02]]],[[[106.9,1.2],[106.9,1.19],[106.9,1.18],[106.88,1.19],[106.87,1.2],[106.88,1.21],[106.9,1.21],[106.9,1.2]]],[[[107.45,0.97],[107.47,0.97],[107.48,0.94],[107.46,0.92],[107.43,0.96],[107.43,0.97],[107.43,0.98],[107.45,0.97]]],[[[107.55,1.02],[107.6,0.99],[107.55,0.95],[107.57,0.99],[107.57,1.01],[107.54,0.97],[107.53,1.02],[107.55,1.02]]]]}},{"type":"Feature","properties":{"id":"9110","nama":"Maybrat","prov":"Papua Barat","ikk":128.03,"pdrb":522.69,"pdrb_f":78.23,"share":14.97},"geometry":{"type":"MultiPolygon","coordinates":[[[[132.39,-1.57],[132.29,-1.54],[132.25,-1.43],[132.22,-1.41],[132.2,-1.44],[132.18,-1.45],[132.15,-1.39],[132.1,-1.38],[132.08,-1.08],[132.11,-1.08],[132.13,-1.06],[132.11,-1.05],[132.11,-1.03],[132.14,-1.01],[132.21,-1.06],[132.22,-1.05],[132.23,-1.0],[132.21,-0.97],[132.23,-0.93],[132.24,-0.94],[132.28,-0.92],[132.39,-0.99],[132.41,-1.02],[132.52,-1.04],[132.56,-1.07],[132.58,-1.15],[132.74,-1.14],[132.75,-1.17],[132.81,-1.18],[132.81,-1.2],[132.87,-1.26],[132.98,-1.34],[132.99,-1.37],[132.93,-1.41],[132.94,-1.44],[132.94,-1.49],[132.91,-1.5],[132.92,-1.54],[132.88,-1.52],[132.79,-1.57],[132.74,-1.51],[132.66,-1.51],[132.64,-1.57],[132.67,-1.6],[132.67,-1.63],[132.65,-1.65],[132.65,-1.68],[132.63,-1.68],[132.65,-1.7],[132.63,-1.7],[132.64,-1.73],[132.62,-1.75],[132.65,-1.75],[132.63,-1.77],[132.65,-1.78],[132.64,-1.81],[132.66,-1.83],[132.63,-1.82],[132.65,-1.85],[132.63,-1.88],[132.49,-1.86],[132.4,-1.82],[132.29,-1.82],[132.27,-1.77],[132.29,-1.74],[132.4,-1.7],[132.42,-1.67],[132.43,-1.62],[132.39,-1.57]]]]}},{"type":"Feature","properties":{"id":"6311","nama":"Balangan","prov":"Kalimantan Selatan","ikk":103.92,"pdrb":11309.23,"pdrb_f":433.26,"share":3.83},"geometry":{"type":"MultiPolygon","coordinates":[[[[115.81,-2.47],[115.8,-2.5],[115.8,-2.49],[115.75,-2.53],[115.6,-2.5],[115.59,-2.48],[115.54,-2.48],[115.53,-2.5],[115.5,-2.47],[115.42,-2.46],[115.33,-2.42],[115.31,-2.4],[115.32,-2.36],[115.36,-2.34],[115.35,-2.31],[115.45,-2.27],[115.48,-2.26],[115.49,-2.21],[115.55,-2.19],[115.62,-2.12],[115.64,-2.13],[115.66,-2.12],[115.69,-2.08],[115.69,-2.04],[115.72,-2.06],[115.81,-2.06],[115.82,-2.09],[115.8,-2.11],[115.79,-2.21],[115.83,-2.3],[115.82,-2.32],[115.84,-2.38],[115.8,-2.43],[115.81,-2.47]]]]}},{"type":"Feature","properties":{"id":"9112","nama":"Pegunungan Arfak","prov":"Papua Barat","ikk":151.7,"pdrb":230.74,"pdrb_f":53.65,"share":23.25},"geometry":{"type":"MultiPolygon","coordinates":[[[[133.99,-1.43],[133.89,-1.51],[133.83,-1.48],[133.65,-1.52],[133.59,-1.49],[133.48,-1.48],[133.41,-1.43],[133.37,-1.38],[133.33,-1.28],[133.41,-1.12],[133.46,-1.07],[133.47,-1.02],[133.52,-1.0],[133.49,-0.9],[133.53,-0.93],[133.53,-0.99],[133.59,-1.02],[133.63,-1.05],[133.75,-0.98],[133.79,-1.06],[133.88,-1.07],[133.89,-1.15],[133.91,-1.16],[133.95,-1.18],[134.02,-1.13],[134.07,-1.18],[134.05,-1.21],[134.11,-1.33],[134.06,-1.38],[134.07,-1.44],[133.99,-1.43]]]]}},{"type":"Feature","properties":{"id":"1902","nama":"Belitung","prov":"Kepulauan Bangka Belitung","ikk":102.93,"pdrb":7948.69,"pdrb_f":881.99,"share":11.1},"geometry":{"type":"MultiPolygon","coordinates":[[[[107.47,-2.83],[107.46,-2.85],[107.49,-2.85],[107.47,-2.9],[107.43,-2.93],[107.41,-2.92],[107.41,-2.95],[107.36,-2.89],[107.34,-2.88],[107.37,-2.88],[107.37,-2.87],[107.4,-2.84],[107.47,-2.83]]],[[[107.42,-2.8],[107.43,-2.82],[107.4,-2.83],[107.37,-2.82],[107.4,-2.81],[107.39,-2.8],[107.42,-2.8]]],[[[107.55,-3.2],[107.52,-3.25],[107.52,-3.23],[107.52,-3.19],[107.55,-3.2]]],[[[107.46,-2.95],[107.45,-2.98],[107.42,-2.98],[107.44,-2.94],[107.47,-2.92],[107.46,-2.95]]],[[[107.64,-2.75],[107.64,-2.8],[107.64,-2.75],[107.62,-2.75],[107.63,-2.71],[107.61,-2.71],[107.65,-2.63],[107.63,-2.6],[107.66,-2.56],[107.77,-2.56],[107.82,-2.53],[107.9,-2.58],[107.94,-2.57],[107.94,-2.59],[107.9,-2.61],[107.9,-2.66],[107.87,-2.69],[107.94,-2.71],[107.96,-2.76],[108.0,-2.76],[108.0,-2.78],[107.87,-2.8],[107.85,-2.82],[107.85,-2.87],[107.79,-2.87],[107.75,-2.89],[107.85,-2.98],[107.86,-3.04],[107.84,-3.07],[107.8,-3.08],[107.85,-3.12],[107.83,-3.17],[107.71,-3.19],[107.64,-3.24],[107.61,-3.24],[107.59,-3.22],[107.59,-3.2],[107.64,-3.13],[107.59,-3.11],[107.56,-3.0],[107.6,-2.93],[107.61,-2.94],[107.62,-2.9],[107.55,-2.93],[107.53,-2.92],[107.6,-2.86],[107.6,-2.81],[107.58,-2.8],[107.64,-2.75]]]]}},{"type":"Feature","properties":{"id":"1901","nama":"Bangka","prov":"Kepulauan Bangka Belitung","ikk":104.62,"pdrb":12282.92,"pdrb_f":952.28,"share":7.75},"geometry":{"type":"MultiPolygon","coordinates":[[[[106.04,-2.09],[106.04,-2.11],[106.09,-2.13],[106.09,-2.14],[105.98,-2.24],[105.96,-2.25],[105.92,-2.21],[105.91,-2.25],[105.93,-2.28],[105.9,-2.34],[105.82,-2.33],[105.79,-2.25],[105.79,-2.18],[105.74,-2.13],[105.71,-2.07],[105.71,-2.06],[105.78,-2.05],[105.78,-1.99],[105.72,-1.97],[105.7,-1.92],[105.76,-1.84],[105.74,-1.83],[105.76,-1.82],[105.74,-1.78],[105.78,-1.77],[105.79,-1.81],[105.83,-1.8],[105.75,-1.73],[105.74,-1.69],[105.76,-1.68],[105.77,-1.65],[105.73,-1.63],[105.74,-1.61],[105.7,-1.53],[105.82,-1.53],[105.92,-1.5],[105.92,-1.54],[105.97,-1.55],[106.05,-1.6],[106.05,-1.62],[106.03,-1.61],[106.02,-1.63],[106.03,-1.67],[106.13,-1.8],[106.13,-1.85],[106.19,-1.9],[106.15,-1.99],[106.16,-2.09],[106.13,-2.1],[106.14,-2.08],[106.13,-2.06],[106.1,-2.08],[106.06,-2.07],[106.04,-2.09]]]]}},{"type":"Feature","properties":{"id":"8271","nama":"Kota Ternate","prov":"Maluku Utara","ikk":120.0,"pdrb":9410.29,"pdrb_f":546.0,"share":5.8},"geometry":{"type":"MultiPolygon","coordinates":[[[[127.32,0.75],[127.29,0.79],[127.3,0.84],[127.33,0.87],[127.38,0.84],[127.39,0.78],[127.32,0.75]]],[[[126.38,1.35],[126.42,1.33],[126.39,1.28],[126.36,1.32],[126.38,1.35]]],[[[127.41,0.48],[127.44,0.45],[127.43,0.44],[127.38,0.45],[127.39,0.47],[127.41,0.48]]]]}},{"type":"Feature","properties":{"id":"8272","nama":"Kota Tidore Kepulauan","prov":"Maluku Utara","ikk":109.75,"pdrb":2370.28,"pdrb_f":145.86,"share":6.15},"geometry":{"type":"MultiPolygon","coordinates":[[[[127.43,0.63],[127.38,0.63],[127.36,0.66],[127.39,0.75],[127.41,0.75],[127.45,0.75],[127.46,0.72],[127.43,0.63]]],[[[127.79,0.15],[127.81,0.02],[127.77,0.0],[127.77,0.03],[127.75,0.02],[127.7,-0.01],[127.72,0.07],[127.71,0.1],[127.68,0.1],[127.73,0.31],[127.71,0.35],[127.66,0.34],[127.62,0.36],[127.62,0.4],[127.57,0.43],[127.57,0.49],[127.53,0.55],[127.55,0.73],[127.57,0.75],[127.6,0.75],[127.62,0.79],[127.64,0.77],[127.76,0.75],[127.79,0.63],[127.83,0.58],[127.8,0.48],[127.78,0.49],[127.77,0.45],[127.81,0.37],[127.8,0.32],[127.82,0.27],[127.8,0.25],[127.82,0.21],[127.79,0.15]]]]}},{"type":"Feature","properties":{"id":"5317","nama":"Sumba Barat Daya","prov":"Nusa Tenggara Timur","ikk":92.26,"pdrb":2739.34,"pdrb_f":121.03,"share":4.42},"geometry":{"type":"MultiPolygon","coordinates":[[[[119.15,-9.69],[119.13,-9.73],[119.05,-9.69],[118.93,-9.54],[118.96,-9.48],[119.03,-9.43],[119.1,-9.42],[119.15,-9.38],[119.16,-9.41],[119.15,-9.38],[119.18,-9.38],[119.22,-9.39],[119.24,-9.38],[119.3,-9.36],[119.39,-9.38],[119.37,-9.49],[119.41,-9.56],[119.29,-9.68],[119.15,-9.69]]]]}},{"type":"Feature","properties":{"id":"6208","nama":"Seruyan","prov":"Kalimantan Tengah","ikk":107.72,"pdrb":6947.08,"pdrb_f":558.94,"share":8.05},"geometry":{"type":"MultiPolygon","coordinates":[[[[112.81,-3.3],[112.68,-3.36],[112.64,-3.41],[112.57,-3.43],[112.57,-3.41],[112.56,-3.45],[112.48,-3.41],[112.4,-3.34],[112.34,-3.32],[112.26,-3.31],[112.08,-3.4],[111.9,-3.54],[111.79,-3.53],[112.13,-3.16],[112.1,-3.05],[112.14,-2.8],[112.13,-2.78],[112.13,-2.77],[112.04,-2.69],[112.06,-2.65],[112.01,-2.47],[112.06,-2.43],[112.04,-2.35],[112.07,-2.35],[112.02,-2.23],[112.02,-2.13],[112.05,-2.1],[112.07,-1.97],[111.94,-1.87],[111.96,-1.75],[111.95,-1.7],[111.92,-1.62],[111.87,-1.54],[111.61,-1.39],[111.57,-1.33],[111.58,-1.32],[111.58,-1.31],[111.5,-1.25],[111.45,-1.26],[111.45,-1.25],[111.45,-1.22],[111.49,-1.2],[111.5,-1.22],[111.55,-1.21],[111.57,-1.18],[111.58,-1.17],[111.54,-1.1],[111.56,-1.1],[111.57,-1.06],[111.62,-1.06],[111.63,-0.99],[111.75,-0.91],[111.84,-0.9],[111.89,-0.84],[111.92,-0.84],[111.93,-0.79],[112.02,-0.79],[112.09,-0.7],[112.15,-0.73],[112.15,-0.73],[112.18,-0.73],[112.19,-0.75],[112.15,-0.83],[112.17,-0.87],[112.11,-0.93],[112.1,-1.02],[112.12,-1.05],[112.16,-1.04],[112.16,-1.09],[112.12,-1.14],[112.1,-1.21],[112.13,-1.23],[112.13,-1.41],[112.07,-1.59],[112.25,-1.83],[112.25,-1.86],[112.34,-1.93],[112.31,-1.98],[112.34,-2.01],[112.33,-2.05],[112.31,-2.06],[112.31,-2.13],[112.33,-2.18],[112.37,-2.2],[112.37,-2.27],[112.41,-2.27],[112.41,-2.33],[112.43,-2.33],[112.44,-2.36],[112.43,-2.43],[112.45,-2.43],[112.45,-2.49],[112.52,-2.55],[112.5,-2.55],[112.51,-2.63],[112.6,-2.67],[112.61,-2.68],[112.61,-2.7],[112.64,-2.73],[112.74,-2.75],[112.82,-2.81],[112.84,-2.85],[112.84,-3.0],[112.81,-3.05],[112.81,-3.3]]]]}},{"type":"Feature","properties":{"id":"5316","nama":"Sumba Tengah","prov":"Nusa Tenggara Timur","ikk":93.99,"pdrb":882.05,"pdrb_f":28.9,"share":3.28},"geometry":{"type":"MultiPolygon","coordinates":[[[[119.73,-9.71],[119.75,-9.73],[119.72,-9.84],[119.67,-9.83],[119.69,-9.82],[119.67,-9.78],[119.62,-9.8],[119.62,-9.77],[119.6,-9.78],[119.58,-9.76],[119.55,-9.77],[119.54,-9.74],[119.51,-9.74],[119.51,-9.74],[119.53,-9.69],[119.47,-9.68],[119.49,-9.66],[119.48,-9.6],[119.52,-9.54],[119.46,-9.51],[119.42,-9.4],[119.42,-9.37],[119.45,-9.36],[119.53,-9.38],[119.62,-9.35],[119.69,-9.38],[119.79,-9.4],[119.86,-9.34],[119.88,-9.37],[119.91,-9.38],[119.9,-9.43],[119.93,-9.48],[119.84,-9.58],[119.85,-9.63],[119.84,-9.66],[119.75,-9.67],[119.73,-9.71]]]]}},{"type":"Feature","properties":{"id":"6207","nama":"Lamandau","prov":"Kalimantan Tengah","ikk":109.6,"pdrb":4568.32,"pdrb_f":568.85,"share":12.45},"geometry":{"type":"MultiPolygon","coordinates":[[[[111.66,-2.18],[111.6,-2.21],[111.58,-2.31],[111.46,-2.31],[111.38,-2.28],[111.39,-2.22],[111.36,-2.21],[111.36,-2.15],[111.29,-2.15],[111.29,-2.09],[111.25,-2.06],[111.16,-2.05],[111.07,-2.12],[111.06,-2.06],[111.09,-2.04],[111.08,-2.01],[111.1,-1.98],[111.06,-1.96],[111.01,-1.97],[111.0,-1.95],[110.99,-1.95],[110.95,-1.87],[110.99,-1.8],[110.99,-1.76],[110.9,-1.77],[110.87,-1.74],[110.87,-1.72],[110.84,-1.66],[110.89,-1.6],[110.9,-1.6],[110.94,-1.56],[110.96,-1.56],[111.03,-1.49],[111.04,-1.4],[111.08,-1.36],[111.16,-1.37],[111.2,-1.44],[111.25,-1.44],[111.28,-1.38],[111.31,-1.39],[111.33,-1.37],[111.34,-1.32],[111.38,-1.3],[111.39,-1.25],[111.42,-1.27],[111.45,-1.24],[111.45,-1.26],[111.5,-1.25],[111.58,-1.31],[111.58,-1.32],[111.57,-1.33],[111.61,-1.39],[111.68,-1.42],[111.75,-1.48],[111.82,-1.6],[111.79,-1.65],[111.84,-1.7],[111.84,-1.75],[111.81,-1.81],[111.83,-1.82],[111.82,-1.88],[111.83,-1.91],[111.81,-1.94],[111.82,-2.0],[111.78,-2.03],[111.78,-2.07],[111.74,-2.08],[111.74,-2.12],[111.68,-2.12],[111.65,-2.15],[111.66,-2.18]]]]}},{"type":"Feature","properties":{"id":"5319","nama":"Manggarai Timur","prov":"Nusa Tenggara Timur","ikk":91.15,"pdrb":2437.14,"pdrb_f":116.2,"share":4.77},"geometry":{"type":"MultiPolygon","coordinates":[[[[120.85,-8.51],[120.89,-8.65],[120.87,-8.7],[120.84,-8.71],[120.86,-8.75],[120.82,-8.84],[120.79,-8.84],[120.77,-8.89],[120.65,-8.87],[120.6,-8.82],[120.52,-8.82],[120.5,-8.72],[120.47,-8.67],[120.52,-8.64],[120.51,-8.57],[120.55,-8.5],[120.51,-8.41],[120.48,-8.38],[120.48,-8.33],[120.49,-8.29],[120.53,-8.27],[120.56,-8.3],[120.59,-8.3],[120.59,-8.25],[120.73,-8.35],[120.81,-8.34],[120.85,-8.36],[120.88,-8.35],[120.88,-8.37],[120.89,-8.35],[120.94,-8.35],[120.94,-8.4],[120.85,-8.51]]]]}},{"type":"Feature","properties":{"id":"5318","nama":"Nagekeo","prov":"Nusa Tenggara Timur","ikk":83.47,"pdrb":1612.19,"pdrb_f":89.36,"share":5.54},"geometry":{"type":"MultiPolygon","coordinates":[[[[121.36,-8.89],[121.31,-8.91],[121.27,-8.89],[121.14,-8.9],[121.12,-8.88],[121.14,-8.84],[121.1,-8.76],[121.12,-8.71],[121.15,-8.69],[121.11,-8.68],[121.14,-8.55],[121.18,-8.51],[121.16,-8.48],[121.19,-8.44],[121.22,-8.46],[121.27,-8.46],[121.31,-8.49],[121.37,-8.56],[121.42,-8.59],[121.47,-8.56],[121.52,-8.61],[121.52,-8.64],[121.43,-8.67],[121.4,-8.72],[121.42,-8.78],[121.38,-8.8],[121.36,-8.89]]]]}},{"type":"Feature","properties":{"id":"6209","nama":"Katingan","prov":"Kalimantan Tengah","ikk":101.17,"pdrb":6250.15,"pdrb_f":778.54,"share":12.46},"geometry":{"type":"MultiPolygon","coordinates":[[[[113.48,-1.72],[113.49,-1.79],[113.56,-1.9],[113.69,-2.09],[113.69,-2.24],[113.76,-2.4],[113.75,-2.52],[113.75,-2.52],[113.58,-2.74],[113.66,-2.91],[113.68,-2.94],[113.71,-2.96],[113.71,-3.0],[113.71,-3.01],[113.66,-3.05],[113.67,-3.09],[113.65,-3.09],[113.63,-3.14],[113.6,-3.17],[113.55,-3.16],[113.47,-3.18],[113.43,-3.24],[113.34,-3.28],[113.23,-3.15],[113.22,-3.08],[113.1,-2.8],[113.09,-2.68],[113.21,-2.45],[113.17,-2.32],[113.27,-2.02],[113.14,-1.9],[113.13,-1.82],[113.06,-1.81],[113.03,-1.77],[113.0,-1.75],[113.0,-1.72],[112.93,-1.7],[112.93,-1.64],[112.9,-1.64],[112.9,-1.59],[112.86,-1.59],[112.86,-1.52],[112.84,-1.5],[112.84,-1.42],[112.75,-1.38],[112.75,-1.33],[112.69,-1.31],[112.67,-1.26],[112.63,-1.21],[112.46,-1.2],[112.39,-1.24],[112.35,-1.23],[112.32,-1.3],[112.26,-1.32],[112.2,-1.3],[112.13,-1.31],[112.13,-1.23],[112.1,-1.21],[112.12,-1.14],[112.16,-1.09],[112.16,-1.04],[112.12,-1.05],[112.1,-1.03],[112.11,-0.99],[112.11,-0.93],[112.17,-0.87],[112.15,-0.83],[112.19,-0.77],[112.16,-0.69],[112.18,-0.64],[112.21,-0.61],[112.26,-0.63],[112.32,-0.72],[112.35,-0.7],[112.39,-0.71],[112.46,-0.67],[112.51,-0.7],[112.56,-0.7],[112.64,-0.66],[112.69,-0.66],[112.7,-0.62],[112.73,-0.63],[112.73,-0.59],[112.74,-0.57],[112.83,-0.58],[112.99,-0.49],[113.06,-0.51],[113.13,-0.45],[113.21,-0.51],[113.16,-0.54],[113.17,-0.6],[113.23,-0.68],[113.18,-0.74],[113.19,-0.8],[113.23,-0.86],[113.22,-0.89],[113.23,-0.94],[113.29,-1.06],[113.25,-1.11],[113.24,-1.15],[113.2,-1.17],[113.19,-1.25],[113.36,-1.53],[113.49,-1.62],[113.5,-1.63],[113.5,-1.64],[113.49,-1.67],[113.48,-1.68],[113.48,-1.69],[113.48,-1.72]]],[[[113.41,-3.27],[113.37,-3.3],[113.36,-3.28],[113.4,-3.25],[113.41,-3.27]]]]}},{"type":"Feature","properties":{"id":"5313","nama":"Manggarai","prov":"Nusa Tenggara Timur","ikk":97.52,"pdrb":3572.34,"pdrb_f":449.41,"share":12.58},"geometry":{"type":"MultiPolygon","coordinates":[[[[120.3,-8.87],[120.31,-8.9],[120.28,-8.92],[120.26,-8.9],[120.3,-8.87]]],[[[120.4,-8.82],[120.37,-8.82],[120.31,-8.86],[120.23,-8.84],[120.23,-8.81],[120.28,-8.79],[120.27,-8.76],[120.31,-8.74],[120.33,-8.69],[120.3,-8.67],[120.28,-8.65],[120.29,-8.63],[120.27,-8.61],[120.32,-8.57],[120.36,-8.57],[120.35,-8.52],[120.4,-8.46],[120.39,-8.43],[120.34,-8.43],[120.31,-8.45],[120.29,-8.43],[120.29,-8.29],[120.37,-8.29],[120.41,-8.28],[120.43,-8.24],[120.45,-8.28],[120.49,-8.29],[120.48,-8.38],[120.51,-8.41],[120.55,-8.5],[120.51,-8.57],[120.52,-8.64],[120.47,-8.67],[120.5,-8.72],[120.52,-8.82],[120.4,-8.82]]]]}},{"type":"Feature","properties":{"id":"6204","nama":"Barito Selatan","prov":"Kalimantan Tengah","ikk":103.79,"pdrb":5178.25,"pdrb_f":283.88,"share":5.48},"geometry":{"type":"MultiPolygon","coordinates":[[[[114.95,-2.31],[115.0,-2.4],[114.91,-2.46],[114.78,-2.61],[114.72,-2.57],[114.77,-2.49],[114.76,-2.46],[114.73,-2.46],[114.74,-2.44],[114.64,-2.4],[114.68,-2.32],[114.69,-2.16],[114.62,-2.02],[114.6,-1.67],[114.62,-1.6],[114.62,-1.6],[114.61,-1.55],[114.66,-1.41],[114.67,-1.32],[114.89,-1.36],[115.05,-1.31],[115.1,-1.3],[115.12,-1.33],[115.16,-1.31],[115.21,-1.31],[115.2,-1.36],[115.24,-1.36],[115.28,-1.35],[115.3,-1.36],[115.31,-1.3],[115.36,-1.26],[115.41,-1.28],[115.4,-1.36],[115.42,-1.38],[115.41,-1.4],[115.43,-1.4],[115.44,-1.4],[115.44,-1.43],[115.41,-1.42],[115.36,-1.62],[115.36,-1.62],[115.33,-1.61],[115.31,-1.65],[115.15,-1.64],[115.03,-1.69],[114.99,-1.74],[114.96,-1.85],[114.96,-1.98],[114.91,-2.17],[114.93,-2.19],[114.92,-2.23],[114.95,-2.22],[114.91,-2.24],[114.95,-2.31]]]]}},{"type":"Feature","properties":{"id":"5312","nama":"Ngada","prov":"Nusa Tenggara Timur","ikk":80.61,"pdrb":2693.64,"pdrb_f":343.56,"share":12.75},"geometry":{"type":"MultiPolygon","coordinates":[[[[121.0,-8.96],[120.91,-8.92],[120.87,-8.88],[120.85,-8.84],[120.81,-8.83],[120.86,-8.75],[120.84,-8.71],[120.87,-8.7],[120.89,-8.65],[120.85,-8.52],[120.96,-8.37],[120.94,-8.34],[120.98,-8.35],[120.96,-8.37],[121.0,-8.39],[120.99,-8.37],[121.02,-8.37],[121.02,-8.41],[121.17,-8.44],[121.16,-8.48],[121.18,-8.5],[121.14,-8.55],[121.11,-8.68],[121.15,-8.69],[121.12,-8.71],[121.1,-8.76],[121.14,-8.84],[121.12,-8.87],[121.14,-8.9],[121.06,-8.95],[121.0,-8.96]]]]}},{"type":"Feature","properties":{"id":"6203","nama":"Kapuas","prov":"Kalimantan Tengah","ikk":100.98,"pdrb":14052.96,"pdrb_f":1134.97,"share":8.08},"geometry":{"type":"MultiPolygon","coordinates":[[[[114.38,-3.29],[114.35,-3.35],[114.36,-3.39],[114.35,-3.46],[114.25,-3.4],[114.25,-3.37],[114.18,-3.39],[114.15,-3.38],[114.17,-3.33],[114.14,-3.27],[114.15,-3.19],[114.17,-3.17],[114.22,-3.19],[114.28,-3.04],[114.21,-2.94],[114.28,-2.87],[114.28,-2.8],[114.35,-2.74],[114.33,-2.37],[114.26,-2.38],[114.26,-2.23],[114.23,-2.23],[114.18,-2.19],[114.17,-2.09],[114.08,-1.97],[114.07,-1.94],[114.03,-1.9],[113.99,-1.8],[113.98,-1.67],[114.03,-1.59],[113.98,-1.53],[114.01,-1.47],[114.0,-1.29],[113.97,-1.11],[113.99,-1.07],[113.93,-1.0],[113.81,-0.96],[113.75,-0.84],[113.68,-0.79],[113.7,-0.7],[113.68,-0.67],[113.74,-0.6],[113.73,-0.57],[113.76,-0.54],[113.76,-0.48],[113.85,-0.44],[113.92,-0.47],[113.94,-0.39],[113.98,-0.38],[114.01,-0.44],[114.01,-0.48],[114.08,-0.55],[114.06,-0.58],[114.15,-0.8],[114.22,-0.81],[114.23,-0.86],[114.47,-0.83],[114.64,-0.86],[114.57,-0.88],[114.56,-0.92],[114.52,-0.9],[114.5,-0.93],[114.5,-0.95],[114.47,-0.97],[114.48,-0.98],[114.45,-1.02],[114.48,-1.04],[114.49,-1.08],[114.52,-1.09],[114.51,-1.13],[114.63,-1.17],[114.7,-1.16],[114.68,-1.24],[114.66,-1.27],[114.66,-1.41],[114.61,-1.55],[114.62,-1.6],[114.62,-1.6],[114.6,-1.67],[114.62,-2.02],[114.69,-2.16],[114.68,-2.32],[114.64,-2.4],[114.74,-2.44],[114.73,-2.46],[114.76,-2.46],[114.77,-2.49],[114.72,-2.57],[114.78,-2.61],[114.79,-2.58],[114.8,-2.59],[114.79,-2.67],[114.76,-2.72],[114.68,-2.74],[114.66,-2.8],[114.6,-2.82],[114.62,-2.88],[114.61,-2.89],[114.6,-2.89],[114.57,-2.86],[114.54,-2.93],[114.52,-2.93],[114.53,-2.93],[114.55,-2.95],[114.51,-3.0],[114.55,-3.07],[114.42,-3.18],[114.45,-3.21],[114.38,-3.29]]]]}},{"type":"Feature","properties":{"id":"5315","nama":"Manggarai Barat","prov":"Nusa Tenggara Timur","ikk":96.52,"pdrb":2782.75,"pdrb_f":407.01,"share":14.63},"geometry":{"type":"MultiPolygon","coordinates":[[[[119.47,-8.44],[119.48,-8.49],[119.57,-8.49],[119.57,-8.53],[119.56,-8.51],[119.55,-8.53],[119.57,-8.6],[119.52,-8.6],[119.52,-8.58],[119.51,-8.57],[119.48,-8.6],[119.45,-8.61],[119.46,-8.63],[119.49,-8.61],[119.48,-8.65],[119.46,-8.65],[119.43,-8.68],[119.46,-8.7],[119.45,-8.74],[119.46,-8.74],[119.44,-8.75],[119.41,-8.72],[119.38,-8.74],[119.41,-8.65],[119.4,-8.62],[119.37,-8.63],[119.39,-8.6],[119.37,-8.59],[119.44,-8.53],[119.41,-8.5],[119.45,-8.49],[119.42,-8.44],[119.45,-8.45],[119.46,-8.43],[119.47,-8.44]]],[[[119.6,-8.65],[119.56,-8.66],[119.56,-8.69],[119.55,-8.67],[119.54,-8.67],[119.58,-8.64],[119.6,-8.63],[119.6,-8.65]]],[[[119.66,-8.8],[119.67,-8.82],[119.64,-8.81],[119.65,-8.78],[119.66,-8.8]]],[[[119.65,-8.61],[119.66,-8.61],[119.67,-8.69],[119.71,-8.67],[119.69,-8.64],[119.71,-8.66],[119.72,-8.62],[119.81,-8.63],[119.8,-8.66],[119.76,-8.67],[119.74,-8.7],[119.71,-8.68],[119.69,-8.73],[119.73,-8.76],[119.72,-8.76],[119.73,-8.77],[119.72,-8.78],[119.69,-8.81],[119.66,-8.77],[119.61,-8.79],[119.61,-8.74],[119.63,-8.74],[119.62,-8.72],[119.64,-8.72],[119.62,-8.71],[119.66,-8.7],[119.65,-8.67],[119.63,-8.69],[119.64,-8.66],[119.61,-8.61],[119.65,-8.61]]],[[[119.8,-8.8],[119.8,-8.82],[119.78,-8.82],[119.78,-8.79],[119.8,-8.8]]],[[[120.31,-8.74],[120.27,-8.76],[120.28,-8.79],[120.24,-8.8],[120.23,-8.84],[120.15,-8.78],[119.94,-8.82],[119.91,-8.84],[119.91,-8.87],[119.89,-8.85],[119.89,-8.81],[119.83,-8.81],[119.81,-8.78],[119.8,-8.59],[119.83,-8.54],[119.87,-8.52],[119.88,-8.48],[119.86,-8.43],[119.88,-8.43],[119.88,-8.46],[119.91,-8.48],[119.96,-8.45],[119.97,-8.43],[120.0,-8.46],[120.02,-8.44],[120.0,-8.42],[120.02,-8.41],[120.02,-8.38],[120.04,-8.4],[120.08,-8.38],[120.05,-8.41],[120.09,-8.39],[120.09,-8.44],[120.11,-8.44],[120.13,-8.42],[120.12,-8.36],[120.16,-8.38],[120.2,-8.31],[120.29,-8.28],[120.29,-8.43],[120.31,-8.45],[120.34,-8.43],[120.39,-8.43],[120.4,-8.44],[120.35,-8.52],[120.36,-8.57],[120.32,-8.57],[120.27,-8.61],[120.29,-8.63],[120.28,-8.65],[120.3,-8.67],[120.33,-8.69],[120.31,-8.74]]],[[[119.87,-8.38],[119.87,-8.4],[119.85,-8.4],[119.84,-8.38],[119.87,-8.38]]]]}},{"type":"Feature","properties":{"id":"6206","nama":"Sukamara","prov":"Kalimantan Tengah","ikk":112.18,"pdrb":3671.5,"pdrb_f":303.32,"share":8.26},"geometry":{"type":"MultiPolygon","coordinates":[[[[111.38,-2.8],[111.38,-2.82],[111.38,-2.88],[111.36,-2.91],[111.05,-3.05],[110.96,-3.06],[110.82,-2.98],[110.73,-2.99],[110.79,-2.91],[110.97,-2.86],[111.01,-2.79],[111.15,-2.74],[111.17,-2.69],[111.12,-2.65],[111.14,-2.61],[111.11,-2.44],[111.09,-2.32],[111.03,-2.24],[111.08,-2.16],[111.07,-2.12],[111.16,-2.05],[111.25,-2.06],[111.29,-2.09],[111.29,-2.15],[111.36,-2.15],[111.36,-2.21],[111.39,-2.22],[111.39,-2.26],[111.37,-2.28],[111.35,-2.27],[111.36,-2.31],[111.32,-2.31],[111.32,-2.33],[111.27,-2.35],[111.27,-2.37],[111.28,-2.38],[111.3,-2.41],[111.28,-2.44],[111.29,-2.52],[111.22,-2.51],[111.21,-2.53],[111.22,-2.56],[111.31,-2.59],[111.34,-2.63],[111.4,-2.65],[111.36,-2.76],[111.36,-2.76],[111.38,-2.76],[111.38,-2.8]]]]}},{"type":"Feature","properties":{"id":"5314","nama":"Rote Ndao","prov":"Nusa Tenggara Timur","ikk":108.08,"pdrb":2341.69,"pdrb_f":176.75,"share":7.55},"geometry":{"type":"MultiPolygon","coordinates":[[[[122.89,-10.99],[122.87,-11.01],[122.85,-10.98],[122.84,-10.97],[122.87,-10.97],[122.89,-10.99]]],[[[123.05,-10.86],[122.97,-10.87],[122.95,-10.89],[122.97,-10.92],[122.95,-10.9],[122.91,-10.92],[122.89,-10.91],[122.85,-10.94],[122.82,-10.92],[122.83,-10.87],[122.81,-10.78],[122.84,-10.79],[122.86,-10.76],[122.93,-10.74],[123.04,-10.73],[123.13,-10.64],[123.18,-10.64],[123.2,-10.59],[123.23,-10.61],[123.31,-10.59],[123.31,-10.58],[123.28,-10.58],[123.25,-10.6],[123.21,-10.58],[123.26,-10.52],[123.29,-10.52],[123.37,-10.48],[123.37,-10.43],[123.43,-10.47],[123.39,-10.48],[123.38,-10.5],[123.4,-10.51],[123.36,-10.55],[123.38,-10.57],[123.34,-10.59],[123.42,-10.61],[123.43,-10.66],[123.4,-10.69],[123.33,-10.68],[123.3,-10.72],[123.25,-10.73],[123.22,-10.83],[123.19,-10.84],[123.13,-10.82],[123.09,-10.86],[123.05,-10.86]]],[[[123.44,-10.49],[123.44,-10.51],[123.38,-10.56],[123.37,-10.53],[123.37,-10.54],[123.39,-10.54],[123.41,-10.49],[123.44,-10.49]]]]}},{"type":"Feature","properties":{"id":"6205","nama":"Barito Utara","prov":"Kalimantan Tengah","ikk":104.09,"pdrb":8680.76,"pdrb_f":437.65,"share":5.04},"geometry":{"type":"MultiPolygon","coordinates":[[[[115.61,-0.98],[115.65,-1.06],[115.67,-1.05],[115.75,-1.1],[115.76,-1.14],[115.83,-1.09],[115.86,-1.19],[115.82,-1.2],[115.79,-1.24],[115.78,-1.3],[115.56,-1.4],[115.44,-1.43],[115.44,-1.4],[115.43,-1.4],[115.41,-1.4],[115.42,-1.38],[115.4,-1.36],[115.41,-1.28],[115.36,-1.26],[115.31,-1.3],[115.3,-1.36],[115.28,-1.35],[115.24,-1.37],[115.2,-1.36],[115.21,-1.31],[115.16,-1.31],[115.12,-1.33],[115.1,-1.3],[115.05,-1.31],[114.89,-1.36],[114.67,-1.32],[114.66,-1.27],[114.68,-1.24],[114.7,-1.16],[114.63,-1.17],[114.51,-1.13],[114.52,-1.09],[114.49,-1.08],[114.48,-1.04],[114.45,-1.02],[114.48,-0.98],[114.47,-0.97],[114.5,-0.95],[114.5,-0.93],[114.52,-0.9],[114.56,-0.92],[114.57,-0.88],[114.64,-0.86],[114.59,-0.86],[114.7,-0.75],[114.83,-0.74],[114.87,-0.71],[114.93,-0.64],[114.92,-0.62],[114.95,-0.61],[115.0,-0.56],[115.0,-0.52],[115.0,-0.52],[115.02,-0.5],[115.02,-0.38],[115.01,-0.36],[115.04,-0.34],[115.04,-0.29],[115.02,-0.27],[114.99,-0.24],[114.99,-0.18],[115.04,-0.21],[115.06,-0.15],[115.15,-0.14],[115.15,-0.09],[115.18,-0.09],[115.26,-0.05],[115.29,-0.05],[115.31,-0.12],[115.24,-0.16],[115.25,-0.18],[115.23,-0.2],[115.25,-0.29],[115.22,-0.31],[115.24,-0.35],[115.22,-0.36],[115.27,-0.45],[115.3,-0.46],[115.31,-0.51],[115.28,-0.55],[115.34,-0.54],[115.38,-0.57],[115.32,-0.65],[115.35,-0.72],[115.3,-0.74],[115.29,-0.8],[115.34,-0.84],[115.35,-0.89],[115.36,-0.86],[115.37,-0.88],[115.53,-0.86],[115.56,-0.93],[115.61,-0.98]]]]}},{"type":"Feature","properties":{"id":"5311","nama":"Ende","prov":"Nusa Tenggara Timur","ikk":88.72,"pdrb":4882.72,"pdrb_f":429.49,"share":8.8},"geometry":{"type":"MultiPolygon","coordinates":[[[[121.53,-8.86],[121.52,-8.91],[121.51,-8.88],[121.52,-8.85],[121.53,-8.86]]],[[[121.66,-8.85],[121.66,-8.89],[121.64,-8.91],[121.62,-8.89],[121.64,-8.83],[121.58,-8.8],[121.42,-8.79],[121.42,-8.74],[121.4,-8.72],[121.43,-8.67],[121.52,-8.64],[121.53,-8.6],[121.58,-8.57],[121.57,-8.53],[121.61,-8.56],[121.6,-8.51],[121.62,-8.47],[121.68,-8.51],[121.73,-8.49],[121.79,-8.51],[121.84,-8.48],[121.91,-8.5],[121.96,-8.44],[121.96,-8.47],[122.02,-8.44],[122.01,-8.51],[121.98,-8.55],[121.98,-8.61],[121.96,-8.62],[121.96,-8.67],[121.93,-8.71],[121.96,-8.75],[121.99,-8.76],[122.0,-8.81],[121.86,-8.84],[121.78,-8.88],[121.66,-8.85]]]]}},{"type":"Feature","properties":{"id":"6202","nama":"Kotawaringin Timur","prov":"Kalimantan Tengah","ikk":104.55,"pdrb":21972.54,"pdrb_f":1627.62,"share":7.41},"geometry":{"type":"MultiPolygon","coordinates":[[[[112.82,-2.81],[112.74,-2.75],[112.64,-2.73],[112.61,-2.7],[112.61,-2.68],[112.6,-2.67],[112.51,-2.63],[112.5,-2.55],[112.52,-2.55],[112.45,-2.49],[112.45,-2.43],[112.43,-2.43],[112.44,-2.36],[112.43,-2.33],[112.41,-2.33],[112.41,-2.27],[112.37,-2.27],[112.37,-2.2],[112.33,-2.18],[112.31,-2.13],[112.31,-2.06],[112.33,-2.05],[112.34,-2.01],[112.31,-1.98],[112.34,-1.93],[112.25,-1.86],[112.25,-1.83],[112.09,-1.64],[112.07,-1.57],[112.13,-1.45],[112.13,-1.31],[112.2,-1.3],[112.26,-1.32],[112.32,-1.3],[112.35,-1.23],[112.39,-1.24],[112.41,-1.22],[112.43,-1.21],[112.54,-1.19],[112.63,-1.21],[112.67,-1.26],[112.69,-1.31],[112.75,-1.33],[112.75,-1.38],[112.84,-1.42],[112.84,-1.5],[112.86,-1.52],[112.86,-1.59],[112.9,-1.59],[112.9,-1.64],[112.92,-1.64],[112.93,-1.7],[113.0,-1.72],[113.0,-1.75],[113.03,-1.77],[113.06,-1.81],[113.13,-1.82],[113.14,-1.9],[113.27,-2.02],[113.17,-2.32],[113.21,-2.45],[113.09,-2.68],[113.1,-2.8],[113.22,-3.08],[113.23,-3.15],[113.18,-3.08],[113.09,-3.04],[113.03,-2.98],[113.02,-3.03],[112.98,-3.05],[112.94,-3.12],[112.99,-3.16],[113.04,-3.13],[112.92,-3.24],[112.81,-3.3],[112.81,-3.05],[112.84,-3.0],[112.85,-2.98],[112.84,-2.85],[112.82,-2.81]]]]}},{"type":"Feature","properties":{"id":"5310","nama":"Sikka","prov":"Nusa Tenggara Timur","ikk":92.0,"pdrb":3955.83,"pdrb_f":186.63,"share":4.72},"geometry":{"type":"MultiPolygon","coordinates":[[[[122.06,-8.76],[122.0,-8.81],[121.99,-8.76],[121.96,-8.75],[121.93,-8.71],[121.96,-8.67],[121.96,-8.62],[121.98,-8.61],[121.98,-8.55],[122.0,-8.52],[122.02,-8.53],[122.07,-8.52],[122.08,-8.54],[122.1,-8.53],[122.16,-8.56],[122.22,-8.62],[122.29,-8.64],[122.36,-8.61],[122.47,-8.61],[122.5,-8.57],[122.51,-8.58],[122.5,-8.57],[122.52,-8.53],[122.48,-8.49],[122.49,-8.47],[122.55,-8.46],[122.59,-8.42],[122.6,-8.39],[122.68,-8.39],[122.69,-8.48],[122.65,-8.58],[122.65,-8.64],[122.56,-8.67],[122.51,-8.72],[122.38,-8.75],[122.34,-8.74],[122.2,-8.75],[122.17,-8.73],[122.12,-8.73],[122.06,-8.76]]],[[[121.73,-8.3],[121.74,-8.34],[121.7,-8.35],[121.68,-8.34],[121.68,-8.32],[121.7,-8.3],[121.73,-8.3]]],[[[122.37,-8.43],[122.42,-8.45],[122.4,-8.49],[122.37,-8.49],[122.34,-8.47],[122.33,-8.44],[122.37,-8.43]]]]}},{"type":"Feature","properties":{"id":"6201","nama":"Kotawaringin Barat","prov":"Kalimantan Tengah","ikk":104.51,"pdrb":16983.89,"pdrb_f":1242.13,"share":7.31},"geometry":{"type":"MultiPolygon","coordinates":[[[[112.03,-2.52],[112.06,-2.65],[112.04,-2.69],[112.13,-2.77],[112.13,-2.78],[112.14,-2.8],[112.1,-3.05],[112.13,-3.16],[111.79,-3.53],[111.77,-3.5],[111.8,-3.45],[111.82,-3.37],[111.8,-3.2],[111.82,-3.05],[111.81,-3.0],[111.72,-2.85],[111.67,-2.89],[111.69,-2.92],[111.7,-2.91],[111.69,-2.94],[111.64,-2.96],[111.55,-3.02],[111.46,-2.93],[111.41,-2.9],[111.39,-2.92],[111.36,-2.91],[111.38,-2.82],[111.38,-2.76],[111.36,-2.76],[111.36,-2.76],[111.4,-2.65],[111.31,-2.59],[111.22,-2.56],[111.22,-2.51],[111.29,-2.52],[111.28,-2.46],[111.3,-2.41],[111.27,-2.35],[111.32,-2.33],[111.32,-2.31],[111.36,-2.31],[111.35,-2.27],[111.46,-2.31],[111.58,-2.31],[111.6,-2.2],[111.66,-2.18],[111.65,-2.15],[111.68,-2.12],[111.74,-2.12],[111.74,-2.08],[111.78,-2.07],[111.78,-2.03],[111.82,-2.0],[111.81,-1.94],[111.83,-1.91],[111.82,-1.88],[111.83,-1.82],[111.81,-1.81],[111.84,-1.72],[111.79,-1.65],[111.82,-1.6],[111.75,-1.48],[111.84,-1.53],[111.87,-1.54],[111.88,-1.55],[111.9,-1.58],[111.96,-1.75],[111.94,-1.87],[112.07,-1.97],[112.05,-2.1],[112.02,-2.13],[112.02,-2.23],[112.07,-2.35],[112.04,-2.35],[112.06,-2.43],[112.05,-2.45],[112.01,-2.46],[112.03,-2.52]]]]}},{"type":"Feature","properties":{"id":"9108","nama":"Raja Ampat","prov":"Papua Barat","ikk":121.89,"pdrb":2951.46,"pdrb_f":274.61,"share":9.3},"geometry":{"type":"MultiPolygon","coordinates":[[[[130.32,-1.98],[130.3,-2.01],[130.28,-2.0],[130.29,-2.03],[130.27,-2.03],[130.27,-2.05],[130.13,-2.06],[130.09,-2.04],[130.12,-2.04],[130.08,-2.03],[130.1,-2.02],[130.05,-2.03],[130.04,-2.01],[130.01,-2.02],[130.03,-2.01],[129.99,-2.02],[129.99,-2.0],[129.97,-2.01],[129.92,-2.0],[129.73,-1.9],[129.72,-1.88],[129.75,-1.85],[129.82,-1.84],[129.9,-1.78],[129.99,-1.75],[130.13,-1.71],[130.26,-1.73],[130.25,-1.7],[130.37,-1.68],[130.38,-1.69],[130.35,-1.73],[130.42,-1.78],[130.43,-1.81],[130.47,-1.84],[130.44,-1.84],[130.42,-1.88],[130.42,-1.86],[130.4,-1.85],[130.41,-1.9],[130.34,-1.92],[130.37,-1.93],[130.37,-1.95],[130.44,-1.95],[130.44,-1.98],[130.38,-1.98],[130.44,-2.01],[130.48,-2.01],[130.39,-2.04],[130.38,-2.03],[130.36,-2.06],[130.39,-2.01],[130.32,-1.98]]],[[[129.65,-1.79],[129.66,-1.84],[129.64,-1.81],[129.63,-1.8],[129.65,-1.79]]],[[[129.88,-1.15],[129.98,-1.17],[129.93,-1.22],[129.93,-1.19],[129.83,-1.25],[129.82,-1.24],[129.85,-1.22],[129.87,-1.23],[129.89,-1.2],[129.75,-1.22],[129.73,-1.2],[129.76,-1.17],[129.88,-1.15]]],[[[129.46,-1.17],[129.48,-1.19],[129.46,-1.2],[129.44,-1.17],[129.46,-1.17]]],[[[129.75,-1.16],[129.7,-1.21],[129.67,-1.2],[129.67,-1.18],[129.71,-1.2],[129.68,-1.18],[129.75,-1.16]]],[[[129.37,-1.17],[129.37,-1.19],[129.35,-1.18],[129.35,-1.16],[129.37,-1.17]]],[[[129.9,-0.4],[129.92,-0.41],[129.92,-0.45],[129.9,-0.44],[129.89,-0.49],[129.87,-0.5],[129.86,-0.48],[129.85,-0.43],[129.9,-0.4]]],[[[130.28,-2.19],[130.3,-2.19],[130.27,-2.2],[130.28,-2.21],[130.22,-2.2],[130.25,-2.19],[130.22,-2.18],[130.28,-2.19]]],[[[130.21,-0.33],[130.22,-0.33],[130.23,-0.34],[130.21,-0.35],[130.18,-0.32],[130.21,-0.33]]],[[[130.23,-0.29],[130.23,-0.32],[130.2,-0.31],[130.2,-0.28],[130.23,-0.28],[130.23,-0.29]]],[[[130.13,0.0],[130.11,0.01],[130.14,-0.02],[130.12,-0.04],[130.16,-0.04],[130.16,-0.06],[130.13,-0.1],[130.1,-0.06],[130.1,-0.03],[130.11,-0.03],[130.09,-0.0],[130.13,0.02],[130.13,0.0]]],[[[130.43,-2.21],[130.49,-2.22],[130.46,-2.22],[130.41,-2.22],[130.43,-2.21]]],[[[130.38,-0.08],[130.4,-0.08],[130.4,-0.11],[130.41,-0.11],[130.44,-0.1],[130.44,-0.07],[130.45,-0.1],[130.46,-0.08],[130.53,-0.07],[130.51,-0.05],[130.55,-0.08],[130.56,-0.07],[130.55,-0.06],[130.58,-0.07],[130.57,-0.04],[130.59,-0.06],[130.59,-0.04],[130.63,-0.06],[130.73,-0.03],[130.71,-0.06],[130.77,-0.05],[130.78,-0.04],[130.74,-0.03],[130.8,-0.01],[130.95,-0.03],[130.97,-0.06],[130.99,-0.05],[130.98,-0.04],[131.01,-0.04],[131.05,-0.02],[131.05,-0.05],[131.03,-0.06],[131.16,-0.08],[131.19,-0.13],[131.26,-0.14],[131.31,-0.18],[131.3,-0.24],[131.34,-0.29],[131.31,-0.3],[131.28,-0.34],[131.25,-0.34],[131.26,-0.37],[131.24,-0.38],[131.2,-0.37],[131.18,-0.34],[131.1,-0.32],[131.1,-0.31],[131.02,-0.36],[131.0,-0.34],[130.99,-0.36],[130.96,-0.35],[130.92,-0.3],[130.9,-0.3],[130.9,-0.27],[130.87,-0.23],[130.8,-0.24],[130.79,-0.17],[130.73,-0.15],[130.71,-0.1],[130.68,-0.1],[130.7,-0.08],[130.66,-0.08],[130.67,-0.1],[130.62,-0.08],[130.61,-0.09],[130.67,-0.12],[130.61,-0.12],[130.63,-0.13],[130.62,-0.14],[130.68,-0.18],[130.74,-0.28],[130.73,-0.29],[130.78,-0.29],[130.81,-0.31],[130.83,-0.29],[130.85,-0.31],[130.92,-0.31],[130.94,-0.36],[130.92,-0.36],[130.94,-0.38],[130.88,-0.42],[130.79,-0.44],[130.73,-0.44],[130.7,-0.41],[130.69,-0.35],[130.67,-0.34],[130.71,-0.33],[130.68,-0.29],[130.58,-0.32],[130.59,-0.34],[130.56,-0.37],[130.59,-0.36],[130.59,-0.38],[130.55,-0.43],[130.54,-0.31],[130.52,-0.3],[130.53,-0.25],[130.46,-0.26],[130.44,-0.29],[130.43,-0.26],[130.38,-0.26],[130.38,-0.28],[130.35,-0.25],[130.32,-0.27],[130.29,-0.23],[130.22,-0.21],[130.33,-0.22],[130.37,-0.2],[130.39,-0.22],[130.37,-0.24],[130.45,-0.2],[130.43,-0.18],[130.38,-0.18],[130.43,-0.17],[130.42,-0.13],[130.42,-0.15],[130.4,-0.12],[130.42,-0.16],[130.38,-0.16],[130.39,-0.17],[130.37,-0.14],[130.36,-0.16],[130.34,-0.14],[130.35,-0.19],[130.3,-0.17],[130.31,-0.15],[130.28,-0.14],[130.3,-0.09],[130.35,-0.11],[130.35,-0.08],[130.36,-0.14],[130.38,-0.12],[130.36,-0.08],[130.38,-0.08]]],[[[130.48,-2.13],[130.5,-2.14],[130.46,-2.14],[130.45,-2.12],[130.48,-2.13]]],[[[130.47,-1.97],[130.45,-1.99],[130.45,-1.95],[130.48,-1.95],[130.47,-1.97]]],[[[130.5,-0.8],[130.49,-0.83],[130.54,-0.84],[130.57,-0.82],[130.57,-0.79],[130.59,-0.81],[130.59,-0.83],[130.64,-0.79],[130.64,-0.82],[130.67,-0.83],[130.69,-0.82],[130.67,-0.8],[130.71,-0.81],[130.7,-0.83],[130.71,-0.83],[130.72,-0.81],[130.77,-0.82],[130.8,-0.79],[130.8,-0.82],[130.8,-0.8],[130.82,-0.81],[130.8,-0.75],[130.83,-0.79],[130.84,-0.77],[130.86,-0.8],[130.85,-0.76],[130.92,-0.78],[130.92,-0.8],[130.86,-0.8],[130.87,-0.83],[130.9,-0.83],[130.87,-0.85],[130.87,-0.83],[130.86,-0.86],[130.85,-0.84],[130.85,-0.86],[130.51,-0.92],[130.52,-0.9],[130.47,-0.9],[130.47,-0.92],[130.45,-0.9],[130.39,-0.92],[130.41,-0.9],[130.46,-0.89],[130.43,-0.86],[130.45,-0.86],[130.45,-0.8],[130.47,-0.82],[130.47,-0.8],[130.5,-0.8]]],[[[130.54,-0.8],[130.55,-0.8],[130.54,-0.82],[130.51,-0.82],[130.51,-0.8],[130.54,-0.8]]],[[[130.66,-0.57],[130.57,-0.61],[130.57,-0.59],[130.66,-0.57]]],[[[130.68,-0.47],[130.66,-0.51],[130.59,-0.53],[130.57,-0.52],[130.6,-0.52],[130.59,-0.49],[130.61,-0.49],[130.6,-0.47],[130.56,-0.47],[130.57,-0.48],[130.55,-0.51],[130.51,-0.51],[130.46,-0.51],[130.51,-0.49],[130.47,-0.48],[130.46,-0.45],[130.49,-0.45],[130.47,-0.44],[130.51,-0.44],[130.52,-0.47],[130.56,-0.45],[130.55,-0.43],[130.61,-0.42],[130.61,-0.4],[130.7,-0.44],[130.68,-0.47]]],[[[130.51,-0.31],[130.51,-0.33],[130.48,-0.33],[130.48,-0.3],[130.51,-0.31]]],[[[130.9,-0.89],[130.93,-0.89],[130.94,-0.94],[131.03,-0.91],[131.06,-0.96],[131.08,-0.97],[131.06,-1.01],[131.09,-1.01],[131.05,-1.19],[130.96,-1.17],[130.92,-1.2],[130.85,-1.21],[130.78,-1.17],[130.73,-1.19],[130.73,-1.17],[130.68,-1.11],[130.72,-1.1],[130.72,-1.08],[130.64,-0.99],[130.64,-0.96],[130.79,-0.93],[130.83,-0.9],[130.9,-0.89]]],[[[130.78,-0.76],[130.79,-0.76],[130.78,-0.78],[130.79,-0.78],[130.78,-0.79],[130.77,-0.8],[130.76,-0.77],[130.78,-0.76]]],[[[130.89,-0.3],[130.89,-0.31],[130.86,-0.31],[130.85,-0.29],[130.89,-0.3]]],[[[131.11,-1.05],[131.11,-1.08],[131.08,-1.08],[131.1,-1.0],[131.14,-1.0],[131.15,-1.02],[131.11,-1.05]]],[[[131.28,1.07],[131.25,1.04],[131.26,1.07],[131.27,1.08],[131.28,1.07]]]]}},{"type":"Feature","properties":{"id":"9107","nama":"Sorong","prov":"Papua Barat","ikk":113.03,"pdrb":9926.54,"pdrb_f":1013.85,"share":10.21},"geometry":{"type":"MultiPolygon","coordinates":[[[[130.83,-1.19],[130.85,-1.21],[130.92,-1.2],[130.96,-1.17],[131.0,-1.18],[131.04,-1.23],[130.97,-1.35],[130.89,-1.33],[130.86,-1.35],[130.81,-1.27],[130.77,-1.27],[130.74,-1.22],[130.73,-1.18],[130.76,-1.17],[130.83,-1.19]]],[[[131.18,-1.48],[131.17,-1.47],[131.09,-1.45],[130.99,-1.46],[130.93,-1.42],[131.0,-1.38],[131.02,-1.29],[131.05,-1.26],[131.18,-1.22],[131.25,-1.08],[131.24,-1.03],[131.26,-0.99],[131.28,-0.99],[131.27,-0.98],[131.28,-0.97],[131.27,-0.92],[131.32,-0.92],[131.33,-0.95],[131.37,-0.94],[131.39,-0.89],[131.37,-0.85],[131.41,-0.85],[131.39,-0.82],[131.41,-0.82],[131.4,-0.78],[131.42,-0.76],[131.54,-0.73],[131.54,-0.75],[131.51,-0.77],[131.73,-0.73],[131.78,-0.79],[131.84,-0.77],[131.9,-0.72],[131.98,-0.73],[132.01,-0.72],[132.02,-0.77],[132.06,-0.78],[132.12,-0.84],[132.17,-0.8],[132.19,-0.81],[132.31,-0.88],[132.32,-0.92],[132.3,-0.95],[132.28,-0.92],[132.24,-0.94],[132.23,-0.93],[132.21,-0.97],[132.23,-1.0],[132.23,-1.04],[132.22,-1.05],[132.21,-1.06],[132.14,-1.01],[132.11,-1.03],[132.11,-1.05],[132.13,-1.06],[132.11,-1.09],[132.07,-1.09],[132.05,-1.06],[132.03,-1.07],[132.02,-1.05],[131.98,-1.06],[131.96,-1.04],[131.94,-1.09],[131.82,-1.05],[131.82,-1.08],[131.86,-1.13],[131.85,-1.21],[131.9,-1.23],[131.89,-1.23],[131.86,-1.34],[131.84,-1.35],[131.88,-1.36],[131.79,-1.38],[131.78,-1.41],[131.76,-1.41],[131.76,-1.46],[131.74,-1.45],[131.73,-1.52],[131.71,-1.52],[131.65,-1.44],[131.55,-1.49],[131.5,-1.47],[131.45,-1.51],[131.38,-1.46],[131.41,-1.43],[131.37,-1.39],[131.32,-1.41],[131.28,-1.39],[131.34,-1.44],[131.34,-1.46],[131.28,-1.5],[131.21,-1.52],[131.18,-1.48]]]]}},{"type":"Feature","properties":{"id":"9109","nama":"Tambrauw","prov":"Papua Barat","ikk":125.05,"pdrb":185.08,"pdrb_f":34.53,"share":18.66},"geometry":{"type":"MultiPolygon","coordinates":[[[[132.66,-1.14],[132.58,-1.15],[132.56,-1.07],[132.41,-1.02],[132.39,-0.99],[132.3,-0.94],[132.32,-0.92],[132.31,-0.88],[132.19,-0.81],[132.17,-0.8],[132.12,-0.84],[132.06,-0.78],[132.02,-0.77],[132.01,-0.72],[131.9,-0.72],[131.79,-0.79],[131.77,-0.79],[131.74,-0.75],[131.75,-0.73],[131.9,-0.68],[131.97,-0.58],[132.07,-0.54],[132.09,-0.48],[132.18,-0.42],[132.26,-0.4],[132.26,-0.38],[132.34,-0.38],[132.42,-0.34],[132.65,-0.37],[132.72,-0.36],[132.73,-0.39],[132.9,-0.46],[132.95,-0.45],[132.97,-0.49],[133.03,-0.52],[133.08,-0.52],[133.11,-0.55],[133.15,-0.55],[133.17,-0.58],[133.24,-0.61],[133.32,-0.7],[133.39,-0.74],[133.51,-0.74],[133.48,-0.77],[133.47,-0.88],[133.52,-0.97],[133.52,-1.0],[133.47,-1.02],[133.46,-1.07],[133.41,-1.12],[133.33,-1.28],[132.76,-1.17],[132.74,-1.14],[132.69,-1.15],[132.66,-1.14]]]]}},{"type":"Feature","properties":{"id":"7605","nama":"Mamuju Utara","prov":"Sulawesi Barat","ikk":93.71,"pdrb":8762.02,"pdrb_f":635.12,"share":7.25},"geometry":{"type":"MultiPolygon","coordinates":[[[[119.3,-1.72],[119.28,-1.66],[119.33,-1.57],[119.29,-1.41],[119.33,-1.35],[119.3,-1.27],[119.34,-1.17],[119.37,-1.17],[119.46,-1.07],[119.55,-0.87],[119.56,-0.85],[119.57,-0.87],[119.56,-1.01],[119.58,-1.02],[119.61,-1.15],[119.57,-1.15],[119.57,-1.17],[119.53,-1.19],[119.54,-1.22],[119.47,-1.3],[119.52,-1.29],[119.52,-1.31],[119.47,-1.32],[119.43,-1.35],[119.46,-1.4],[119.51,-1.39],[119.52,-1.42],[119.51,-1.45],[119.54,-1.42],[119.55,-1.44],[119.58,-1.43],[119.59,-1.4],[119.64,-1.4],[119.7,-1.45],[119.67,-1.54],[119.73,-1.6],[119.73,-1.64],[119.75,-1.65],[119.8,-1.74],[119.87,-1.78],[119.84,-1.8],[119.8,-1.79],[119.71,-1.84],[119.66,-1.84],[119.51,-1.79],[119.44,-1.73],[119.35,-1.78],[119.34,-1.82],[119.31,-1.8],[119.3,-1.72]]]]}},{"type":"Feature","properties":{"id":"9104","nama":"Teluk Bintuni","prov":"Papua Barat","ikk":128.03,"pdrb":37802.57,"pdrb_f":891.85,"share":2.36},"geometry":{"type":"MultiPolygon","coordinates":[[[[133.38,-2.55],[133.39,-2.65],[133.39,-2.56],[133.47,-2.56],[133.46,-2.51],[133.48,-2.5],[133.52,-2.6],[133.54,-2.69],[133.52,-2.56],[133.65,-2.53],[133.67,-2.56],[133.66,-2.68],[133.69,-2.62],[133.75,-2.62],[133.69,-2.61],[133.69,-2.5],[133.73,-2.5],[133.81,-2.65],[133.76,-2.55],[133.76,-2.53],[133.76,-2.51],[133.79,-2.52],[133.79,-2.51],[133.79,-2.48],[133.75,-2.47],[133.73,-2.43],[133.84,-2.41],[133.85,-2.38],[133.95,-2.39],[133.84,-2.36],[133.92,-2.32],[133.83,-2.35],[133.8,-2.35],[133.86,-2.31],[133.93,-2.31],[133.96,-2.24],[133.94,-2.23],[133.94,-2.18],[133.92,-2.3],[133.86,-2.28],[133.82,-2.29],[133.78,-2.28],[133.76,-2.24],[133.86,-2.2],[133.87,-2.17],[133.91,-2.17],[133.88,-2.17],[133.87,-2.15],[133.94,-2.13],[133.9,-2.14],[133.94,-2.08],[133.91,-2.08],[133.91,-2.1],[133.87,-2.11],[133.84,-2.1],[133.82,-2.13],[133.78,-2.15],[133.8,-2.1],[133.77,-2.16],[133.72,-2.16],[133.69,-2.2],[133.65,-2.19],[133.66,-2.21],[133.64,-2.22],[133.63,-2.2],[133.64,-2.22],[133.63,-2.23],[133.62,-2.23],[133.57,-2.21],[133.58,-2.18],[133.62,-2.18],[133.59,-2.17],[133.58,-2.15],[133.56,-2.23],[133.53,-2.24],[133.48,-2.19],[133.5,-2.21],[133.48,-2.23],[133.38,-2.21],[133.31,-2.22],[133.28,-2.2],[133.29,-2.19],[133.23,-2.21],[133.18,-2.19],[133.1,-2.23],[133.03,-2.24],[132.96,-2.29],[132.95,-2.26],[132.9,-2.28],[132.85,-2.25],[132.79,-2.25],[132.79,-2.25],[132.71,-2.3],[132.64,-2.27],[132.67,-2.24],[132.69,-2.25],[132.69,-2.21],[132.71,-2.19],[132.66,-2.12],[132.68,-2.12],[132.66,-2.11],[132.68,-2.11],[132.67,-2.09],[132.7,-2.08],[132.68,-2.08],[132.7,-2.07],[132.69,-2.05],[132.65,-2.04],[132.67,-2.02],[132.64,-2.02],[132.63,-1.99],[132.61,-1.99],[132.65,-1.98],[132.64,-1.92],[132.62,-1.91],[132.64,-1.9],[132.62,-1.87],[132.65,-1.85],[132.63,-1.82],[132.66,-1.83],[132.64,-1.81],[132.65,-1.78],[132.63,-1.76],[132.65,-1.75],[132.62,-1.75],[132.64,-1.73],[132.63,-1.7],[132.65,-1.7],[132.63,-1.68],[132.65,-1.68],[132.65,-1.66],[132.67,-1.63],[132.66,-1.59],[132.64,-1.58],[132.64,-1.53],[132.66,-1.5],[132.74,-1.51],[132.79,-1.57],[132.88,-1.52],[132.92,-1.54],[132.91,-1.5],[132.93,-1.5],[132.95,-1.47],[132.93,-1.41],[132.99,-1.37],[132.98,-1.33],[132.87,-1.26],[132.81,-1.2],[132.81,-1.18],[133.33,-1.28],[133.37,-1.38],[133.44,-1.46],[133.63,-1.52],[133.58,-1.52],[133.55,-1.6],[133.76,-1.62],[133.8,-1.67],[133.85,-1.68],[133.85,-1.77],[133.88,-1.8],[133.87,-1.83],[133.84,-1.83],[133.86,-1.9],[133.89,-1.9],[133.89,-1.93],[133.86,-1.97],[133.92,-2.0],[134.02,-2.0],[134.06,-2.31],[134.08,-2.31],[134.1,-2.45],[134.07,-2.45],[134.08,-2.57],[134.17,-2.85],[134.05,-2.82],[134.01,-2.79],[134.01,-2.84],[133.96,-2.89],[133.92,-2.9],[133.92,-2.89],[133.91,-2.88],[133.83,-2.89],[133.83,-2.87],[133.8,-2.85],[133.77,-2.86],[133.77,-2.86],[133.77,-2.89],[133.79,-2.91],[133.76,-3.0],[133.74,-2.99],[133.71,-3.01],[133.68,-3.0],[133.58,-2.92],[133.56,-2.99],[133.54,-2.98],[133.51,-3.0],[133.48,-2.99],[133.38,-2.92],[133.42,-2.82],[133.29,-2.72],[133.22,-2.8],[133.19,-2.78],[133.21,-2.74],[133.24,-2.68],[133.05,-2.52],[133.0,-2.56],[133.08,-2.46],[133.21,-2.41],[133.3,-2.44],[133.31,-2.51],[133.3,-2.51],[133.32,-2.51],[133.32,-2.47],[133.38,-2.51],[133.38,-2.55]]],[[[133.45,-2.54],[133.41,-2.54],[133.41,-2.53],[133.44,-2.5],[133.45,-2.54]]],[[[133.35,-2.44],[133.38,-2.47],[133.37,-2.5],[133.36,-2.49],[133.32,-2.44],[133.33,-2.42],[133.35,-2.44]]],[[[133.67,-2.52],[133.67,-2.53],[133.64,-2.5],[133.66,-2.49],[133.67,-2.52]]],[[[133.56,-2.44],[133.6,-2.46],[133.62,-2.5],[133.58,-2.52],[133.54,-2.49],[133.51,-2.48],[133.48,-2.43],[133.51,-2.42],[133.56,-2.44]]],[[[133.75,-2.26],[133.72,-2.27],[133.73,-2.24],[133.68,-2.26],[133.69,-2.25],[133.75,-2.21],[133.75,-2.26]]],[[[133.76,-2.18],[133.76,-2.2],[133.68,-2.24],[133.67,-2.22],[133.71,-2.2],[133.72,-2.18],[133.76,-2.18]]],[[[133.86,-2.15],[133.83,-2.16],[133.84,-2.19],[133.79,-2.2],[133.78,-2.18],[133.82,-2.15],[133.86,-2.15]]],[[[133.87,-2.12],[133.87,-2.14],[133.84,-2.13],[133.84,-2.1],[133.87,-2.12]]]]}},{"type":"Feature","properties":{"id":"7604","nama":"Mamuju","prov":"Sulawesi Barat","ikk":87.58,"pdrb":9971.86,"pdrb_f":888.45,"share":8.91},"geometry":{"type":"MultiPolygon","coordinates":[[[[119.02,-2.8],[119.01,-2.85],[119.03,-2.96],[118.99,-2.93],[118.94,-2.92],[118.88,-2.93],[118.89,-2.89],[118.85,-2.85],[118.77,-2.87],[118.76,-2.79],[118.78,-2.74],[118.78,-2.69],[118.82,-2.62],[118.87,-2.68],[119.0,-2.62],[119.01,-2.59],[119.03,-2.58],[119.04,-2.51],[119.15,-2.47],[119.13,-2.47],[119.14,-2.39],[119.12,-2.31],[119.14,-2.3],[119.2,-2.31],[119.29,-2.22],[119.31,-2.23],[119.37,-2.19],[119.44,-2.19],[119.48,-2.14],[119.64,-2.15],[119.65,-2.2],[119.67,-2.21],[119.63,-2.24],[119.63,-2.29],[119.67,-2.34],[119.69,-2.34],[119.72,-2.4],[119.69,-2.46],[119.73,-2.5],[119.71,-2.57],[119.8,-2.64],[119.75,-2.67],[119.75,-2.71],[119.68,-2.76],[119.58,-2.75],[119.55,-2.73],[119.48,-2.74],[119.41,-2.78],[119.38,-2.75],[119.31,-2.73],[119.3,-2.71],[119.23,-2.71],[119.19,-2.66],[119.15,-2.67],[119.14,-2.65],[119.08,-2.7],[119.06,-2.69],[119.04,-2.75],[119.01,-2.77],[119.02,-2.8]]]]}},{"type":"Feature","properties":{"id":"9103","nama":"Teluk Wondama","prov":"Papua Barat","ikk":113.97,"pdrb":1102.63,"pdrb_f":177.8,"share":16.13},"geometry":{"type":"MultiPolygon","coordinates":[[[[134.21,-2.41],[134.24,-2.44],[134.26,-2.42],[134.26,-2.46],[134.3,-2.5],[134.32,-2.51],[134.29,-2.52],[134.31,-2.52],[134.34,-2.55],[134.34,-2.58],[134.32,-2.59],[134.34,-2.59],[134.38,-2.64],[134.37,-2.67],[134.41,-2.72],[134.41,-2.77],[134.46,-2.81],[134.45,-2.85],[134.46,-2.86],[134.49,-2.87],[134.52,-2.81],[134.46,-2.58],[134.47,-2.53],[134.51,-2.48],[134.57,-2.48],[134.51,-2.47],[134.55,-2.47],[134.53,-2.45],[134.57,-2.45],[134.6,-2.49],[134.62,-2.7],[134.7,-3.35],[134.73,-3.36],[134.73,-3.41],[134.71,-3.44],[134.67,-3.38],[134.55,-3.51],[134.25,-3.4],[134.22,-3.35],[134.32,-3.18],[134.23,-3.04],[134.08,-2.59],[134.07,-2.45],[134.1,-2.45],[134.08,-2.31],[134.06,-2.31],[134.01,-1.96],[133.98,-1.92],[134.01,-1.88],[134.0,-1.86],[134.01,-1.8],[134.1,-1.8],[134.1,-1.86],[134.12,-1.86],[134.13,-1.96],[134.15,-1.97],[134.14,-1.97],[134.13,-2.03],[134.1,-2.05],[134.11,-2.1],[134.12,-2.17],[134.15,-2.16],[134.14,-2.24],[134.16,-2.25],[134.16,-2.3],[134.21,-2.41]]],[[[134.24,-1.76],[134.21,-1.8],[134.21,-1.78],[134.2,-1.79],[134.2,-1.83],[134.2,-1.81],[134.21,-1.83],[134.17,-1.95],[134.15,-1.91],[134.14,-1.91],[134.15,-1.83],[134.2,-1.74],[134.23,-1.74],[134.24,-1.76]]],[[[134.39,-2.53],[134.39,-2.57],[134.37,-2.56],[134.37,-2.52],[134.39,-2.53]]],[[[134.41,-2.04],[134.36,-2.17],[134.32,-2.1],[134.36,-2.0],[134.4,-2.0],[134.41,-2.04]]],[[[134.57,-2.29],[134.57,-2.36],[134.59,-2.4],[134.56,-2.4],[134.58,-2.42],[134.56,-2.44],[134.53,-2.43],[134.55,-2.42],[134.51,-2.4],[134.5,-2.36],[134.56,-2.36],[134.56,-2.29],[134.57,-2.29]]]]}},{"type":"Feature","properties":{"id":"9106","nama":"Sorong Selatan","prov":"Papua Barat","ikk":113.83,"pdrb":1533.73,"pdrb_f":359.34,"share":23.43},"geometry":{"type":"MultiPolygon","coordinates":[[[[132.11,-1.38],[132.16,-1.39],[132.18,-1.45],[132.2,-1.44],[132.22,-1.41],[132.25,-1.43],[132.29,-1.54],[132.39,-1.57],[132.43,-1.62],[132.4,-1.7],[132.28,-1.75],[132.27,-1.78],[132.29,-1.82],[132.4,-1.82],[132.49,-1.86],[132.63,-1.88],[132.64,-1.91],[132.62,-1.91],[132.65,-1.92],[132.64,-1.94],[132.66,-1.96],[132.61,-1.99],[132.63,-1.99],[132.64,-2.02],[132.67,-2.02],[132.65,-2.04],[132.69,-2.05],[132.7,-2.07],[132.68,-2.08],[132.7,-2.08],[132.67,-2.09],[132.68,-2.11],[132.66,-2.11],[132.68,-2.12],[132.66,-2.12],[132.71,-2.19],[132.69,-2.21],[132.69,-2.25],[132.67,-2.24],[132.64,-2.27],[132.65,-2.29],[132.58,-2.19],[132.51,-2.2],[132.32,-2.28],[132.19,-2.15],[132.14,-2.15],[132.04,-2.08],[132.04,-2.06],[132.09,-2.02],[132.07,-2.02],[132.04,-2.03],[131.97,-1.97],[131.97,-1.97],[131.97,-1.96],[131.99,-1.93],[131.95,-1.92],[131.92,-1.87],[131.96,-1.84],[131.96,-1.83],[131.94,-1.84],[131.93,-1.8],[132.04,-1.72],[132.0,-1.67],[131.98,-1.71],[131.92,-1.72],[131.9,-1.71],[131.88,-1.63],[131.91,-1.59],[131.96,-1.56],[131.85,-1.58],[131.8,-1.61],[131.77,-1.57],[131.73,-1.58],[131.68,-1.55],[131.63,-1.54],[131.59,-1.48],[131.6,-1.46],[131.66,-1.44],[131.65,-1.46],[131.72,-1.52],[131.79,-1.38],[131.88,-1.36],[131.84,-1.35],[131.86,-1.34],[131.89,-1.23],[131.9,-1.23],[131.85,-1.21],[131.86,-1.13],[131.82,-1.08],[131.82,-1.05],[131.93,-1.09],[131.96,-1.04],[132.0,-1.07],[132.02,-1.05],[132.03,-1.07],[132.06,-1.06],[132.09,-1.11],[132.09,-1.31],[132.1,-1.38],[132.11,-1.38]]]]}},{"type":"Feature","properties":{"id":"7606","nama":"Mamuju Tengah","prov":"Sulawesi Barat","ikk":88.51,"pdrb":2596.68,"pdrb_f":31.29,"share":1.21},"geometry":{"type":"MultiPolygon","coordinates":[[[[119.26,-2.25],[119.2,-2.31],[119.13,-2.31],[119.13,-2.28],[119.15,-2.24],[119.15,-2.2],[119.19,-2.15],[119.22,-2.01],[119.21,-2.0],[119.29,-1.95],[119.33,-1.96],[119.36,-1.86],[119.35,-1.78],[119.44,-1.73],[119.51,-1.79],[119.66,-1.84],[119.71,-1.84],[119.8,-1.79],[119.84,-1.8],[119.86,-1.78],[119.86,-1.8],[119.88,-1.86],[119.86,-1.88],[119.87,-2.02],[119.82,-2.06],[119.81,-2.1],[119.77,-2.12],[119.69,-2.21],[119.65,-2.2],[119.64,-2.15],[119.48,-2.14],[119.44,-2.19],[119.33,-2.2],[119.26,-2.25]]]]}},{"type":"Feature","properties":{"id":"9105","nama":"Manokwari","prov":"Papua Barat","ikk":113.33,"pdrb":7290.68,"pdrb_f":906.06,"share":12.43},"geometry":{"type":"MultiPolygon","coordinates":[[[[134.02,-1.13],[133.95,-1.18],[133.89,-1.15],[133.88,-1.07],[133.79,-1.06],[133.75,-0.98],[133.61,-1.05],[133.57,-1.0],[133.53,-0.99],[133.53,-0.93],[133.47,-0.88],[133.48,-0.77],[133.51,-0.74],[133.57,-0.74],[133.57,-0.72],[133.72,-0.75],[133.73,-0.72],[133.79,-0.73],[133.81,-0.75],[133.87,-0.71],[133.93,-0.73],[133.94,-0.71],[133.98,-0.72],[134.0,-0.77],[134.14,-0.86],[134.12,-0.88],[134.07,-0.86],[134.07,-0.88],[134.05,-0.87],[134.04,-0.93],[134.01,-0.96],[134.07,-1.03],[134.07,-1.07],[134.1,-1.13],[134.18,-1.2],[134.18,-1.21],[134.13,-1.23],[134.08,-1.27],[134.05,-1.21],[134.07,-1.18],[134.02,-1.13]]]]}},{"type":"Feature","properties":{"id":"7601","nama":"Majene","prov":"Sulawesi Barat","ikk":84.77,"pdrb":4253.4,"pdrb_f":278.87,"share":6.56},"geometry":{"type":"MultiPolygon","coordinates":[[[[118.96,-3.55],[118.94,-3.57],[118.88,-3.47],[118.85,-3.38],[118.84,-3.33],[118.86,-3.3],[118.83,-3.23],[118.83,-3.19],[118.78,-3.1],[118.8,-3.07],[118.84,-3.08],[118.88,-2.92],[118.95,-2.92],[118.99,-2.93],[119.01,-2.96],[119.1,-3.0],[119.06,-3.05],[119.07,-3.1],[119.04,-3.09],[118.96,-3.09],[118.95,-3.16],[118.91,-3.18],[118.92,-3.42],[119.01,-3.53],[119.0,-3.56],[118.96,-3.55]]]]}},{"type":"Feature","properties":{"id":"3513","nama":"Probolinggo","prov":"Jawa Timur","ikk":94.38,"pdrb":28602.77,"pdrb_f":2232.6,"share":7.81},"geometry":{"type":"MultiPolygon","coordinates":[[[[113.17,-7.96],[113.12,-7.99],[113.08,-7.98],[113.09,-8.01],[113.06,-8.01],[112.99,-7.96],[112.95,-7.99],[112.93,-7.97],[112.95,-7.94],[112.95,-7.91],[113.05,-7.82],[113.05,-7.75],[113.09,-7.71],[113.15,-7.74],[113.17,-7.73],[113.16,-7.77],[113.18,-7.81],[113.21,-7.8],[113.22,-7.82],[113.24,-7.8],[113.24,-7.74],[113.26,-7.74],[113.29,-7.78],[113.35,-7.77],[113.38,-7.74],[113.44,-7.73],[113.49,-7.7],[113.58,-7.71],[113.6,-7.72],[113.57,-7.74],[113.6,-7.78],[113.59,-7.81],[113.61,-7.83],[113.6,-7.85],[113.63,-7.92],[113.61,-7.95],[113.64,-7.97],[113.61,-7.99],[113.56,-7.99],[113.53,-8.02],[113.48,-7.99],[113.48,-8.02],[113.45,-8.03],[113.39,-8.0],[113.36,-8.02],[113.34,-7.94],[113.28,-7.93],[113.26,-7.9],[113.21,-7.9],[113.21,-7.93],[113.17,-7.96]]]]}},{"type":"Feature","properties":{"id":"3512","nama":"Situbondo","prov":"Jawa Timur","ikk":88.94,"pdrb":16572.29,"pdrb_f":1127.15,"share":6.8},"geometry":{"type":"MultiPolygon","coordinates":[[[[113.73,-7.82],[113.72,-7.88],[113.62,-7.96],[113.61,-7.83],[113.57,-7.74],[113.59,-7.72],[113.67,-7.74],[113.71,-7.71],[113.76,-7.74],[113.84,-7.68],[113.93,-7.7],[114.04,-7.6],[114.11,-7.71],[114.21,-7.72],[114.24,-7.7],[114.29,-7.75],[114.37,-7.75],[114.44,-7.79],[114.47,-7.85],[114.46,-7.89],[114.42,-7.92],[114.42,-7.94],[114.3,-7.89],[114.22,-7.99],[114.17,-7.97],[114.13,-7.99],[114.07,-7.76],[114.01,-7.76],[113.99,-7.78],[113.95,-7.77],[113.93,-7.79],[113.9,-7.8],[113.88,-7.79],[113.83,-7.81],[113.74,-7.79],[113.73,-7.82]]]]}},{"type":"Feature","properties":{"id":"7603","nama":"Mamasa","prov":"Sulawesi Barat","ikk":101.67,"pdrb":2535.07,"pdrb_f":202.91,"share":8.0},"geometry":{"type":"MultiPolygon","coordinates":[[[[119.43,-3.17],[119.37,-3.2],[119.42,-3.29],[119.45,-3.29],[119.44,-3.34],[119.3,-3.27],[119.22,-3.07],[119.16,-3.11],[119.11,-3.09],[119.06,-3.1],[119.06,-3.05],[119.1,-3.0],[119.03,-2.96],[119.03,-2.93],[119.01,-2.85],[119.02,-2.75],[119.04,-2.75],[119.06,-2.69],[119.08,-2.7],[119.14,-2.65],[119.15,-2.67],[119.19,-2.66],[119.23,-2.71],[119.26,-2.71],[119.3,-2.71],[119.31,-2.73],[119.38,-2.75],[119.41,-2.78],[119.48,-2.74],[119.55,-2.73],[119.58,-2.75],[119.55,-2.89],[119.58,-2.95],[119.57,-2.99],[119.63,-3.13],[119.54,-3.14],[119.47,-3.19],[119.43,-3.17]]]]}},{"type":"Feature","properties":{"id":"3515","nama":"Sidoarjo","prov":"Jawa Timur","ikk":100.57,"pdrb":179425.45,"pdrb_f":13922.55,"share":7.76},"geometry":{"type":"MultiPolygon","coordinates":[[[[112.7,-7.55],[112.66,-7.56],[112.57,-7.48],[112.46,-7.45],[112.49,-7.41],[112.55,-7.4],[112.59,-7.37],[112.7,-7.34],[112.84,-7.33],[112.84,-7.48],[112.81,-7.48],[112.87,-7.53],[112.88,-7.58],[112.85,-7.58],[112.83,-7.55],[112.74,-7.57],[112.7,-7.55]]]]}},{"type":"Feature","properties":{"id":"1375","nama":"Kota Bukittinggi","prov":"Sumatera Barat","ikk":93.82,"pdrb":7435.72,"pdrb_f":446.39,"share":6.0},"geometry":{"type":"MultiPolygon","coordinates":[[[[100.4,-0.31],[100.41,-0.32],[100.37,-0.32],[100.33,-0.28],[100.39,-0.28],[100.4,-0.31]]]]}},{"type":"Feature","properties":{"id":"9102","nama":"Kaimana","prov":"Papua Barat","ikk":114.95,"pdrb":1859.03,"pdrb_f":336.48,"share":18.1},"geometry":{"type":"MultiPolygon","coordinates":[[[[133.36,-4.11],[133.37,-4.14],[133.55,-4.21],[133.62,-4.28],[133.63,-4.32],[133.55,-4.23],[133.51,-4.25],[133.46,-4.25],[133.42,-4.21],[133.38,-4.2],[133.36,-4.18],[133.33,-4.18],[133.35,-4.16],[133.32,-4.15],[133.32,-4.1],[133.36,-4.11]]],[[[133.89,-3.73],[133.93,-3.85],[133.92,-3.86],[133.87,-3.73],[133.87,-3.72],[133.89,-3.73]]],[[[133.59,-3.51],[133.58,-3.57],[133.5,-3.62],[133.45,-3.68],[133.4,-3.69],[133.41,-3.71],[133.4,-3.75],[133.46,-3.86],[133.42,-3.88],[133.31,-4.01],[133.27,-4.04],[133.26,-4.07],[133.07,-4.06],[133.03,-4.08],[133.02,-4.12],[132.91,-4.09],[132.92,-4.05],[132.81,-3.94],[132.81,-3.92],[132.84,-3.95],[132.83,-3.89],[133.12,-3.59],[133.29,-3.36],[133.65,-3.02],[133.7,-3.02],[133.74,-2.99],[133.76,-3.0],[133.79,-2.91],[133.77,-2.89],[133.77,-2.86],[133.77,-2.86],[133.8,-2.85],[133.83,-2.87],[133.83,-2.89],[133.91,-2.88],[133.92,-2.89],[133.92,-2.9],[133.96,-2.89],[134.01,-2.84],[134.01,-2.79],[134.05,-2.82],[134.17,-2.85],[134.23,-3.04],[134.32,-3.18],[134.22,-3.35],[134.25,-3.4],[134.55,-3.51],[134.65,-3.4],[134.67,-3.38],[134.68,-3.39],[134.71,-3.43],[134.64,-3.54],[134.88,-3.63],[134.9,-3.61],[134.9,-3.6],[134.95,-3.59],[134.98,-3.66],[135.26,-3.75],[135.13,-3.91],[135.22,-3.97],[135.22,-3.99],[135.22,-4.01],[135.15,-4.01],[135.06,-3.99],[134.98,-4.02],[134.98,-4.04],[134.92,-4.04],[134.94,-4.05],[134.94,-4.08],[134.86,-4.11],[134.82,-4.16],[134.82,-4.18],[134.89,-4.23],[134.88,-4.24],[134.87,-4.25],[134.82,-4.25],[134.77,-4.21],[134.72,-4.2],[134.71,-4.14],[134.62,-4.12],[134.65,-4.05],[134.66,-4.08],[134.72,-4.06],[134.67,-4.03],[134.67,-3.98],[134.69,-3.97],[134.74,-3.96],[134.77,-3.93],[134.86,-3.95],[134.86,-3.98],[134.93,-3.98],[134.97,-3.95],[134.91,-3.96],[134.91,-3.95],[134.93,-3.93],[134.9,-3.95],[134.89,-3.93],[134.88,-3.95],[134.77,-3.91],[134.74,-3.94],[134.67,-3.92],[134.61,-4.0],[134.57,-4.0],[134.54,-4.03],[134.51,-4.04],[134.45,-3.98],[134.47,-3.99],[134.48,-3.97],[134.44,-3.92],[134.41,-3.92],[134.34,-3.88],[134.32,-3.88],[134.36,-3.92],[134.35,-3.91],[134.35,-3.96],[134.27,-3.93],[134.34,-4.02],[134.32,-4.04],[134.29,-4.04],[134.24,-3.97],[134.22,-3.97],[134.16,-3.93],[134.17,-3.89],[134.1,-3.9],[134.19,-3.83],[134.17,-3.83],[134.17,-3.78],[134.15,-3.77],[134.14,-3.75],[134.13,-3.76],[134.11,-3.75],[134.12,-3.79],[134.06,-3.82],[134.04,-3.78],[133.96,-3.86],[133.91,-3.78],[133.92,-3.75],[133.94,-3.77],[133.93,-3.75],[133.91,-3.75],[133.9,-3.69],[133.84,-3.63],[133.83,-3.56],[133.79,-3.6],[133.82,-3.73],[133.75,-3.65],[133.69,-3.67],[133.71,-3.61],[133.62,-3.48],[133.63,-3.45],[133.7,-3.41],[133.66,-3.32],[133.68,-3.32],[133.66,-3.24],[133.7,-3.21],[133.7,-3.17],[133.77,-3.18],[133.77,-3.11],[133.8,-3.12],[133.83,-3.09],[133.84,-3.02],[133.89,-3.08],[133.86,-3.04],[133.84,-2.94],[133.8,-2.99],[133.79,-3.03],[133.73,-3.03],[133.67,-3.12],[133.65,-3.12],[133.67,-3.21],[133.65,-3.23],[133.66,-3.34],[133.65,-3.4],[133.55,-3.44],[133.47,-3.41],[133.56,-3.46],[133.59,-3.51]]],[[[133.79,-3.09],[133.79,-3.11],[133.76,-3.07],[133.77,-3.05],[133.79,-3.09]]],[[[134.42,-4.03],[134.34,-4.03],[134.38,-4.01],[134.36,-3.96],[134.45,-4.02],[134.42,-4.03]]],[[[134.14,-3.95],[134.21,-4.03],[134.13,-4.0],[134.11,-3.99],[134.1,-3.99],[134.06,-3.93],[134.04,-3.93],[134.04,-3.93],[134.09,-3.91],[134.14,-3.95]]],[[[134.04,-3.82],[134.02,-3.87],[133.99,-3.83],[134.02,-3.8],[134.04,-3.82]]]]}},{"type":"Feature","properties":{"id":"7602","nama":"Polewali Mandar","prov":"Sulawesi Barat","ikk":84.05,"pdrb":11221.54,"pdrb_f":616.84,"share":5.5},"geometry":{"type":"MultiPolygon","coordinates":[[[[119.1,-3.51],[119.06,-3.5],[119.01,-3.53],[118.92,-3.42],[118.91,-3.2],[118.92,-3.17],[118.95,-3.16],[118.96,-3.09],[119.04,-3.09],[119.07,-3.11],[119.11,-3.09],[119.16,-3.11],[119.22,-3.07],[119.3,-3.27],[119.44,-3.33],[119.49,-3.48],[119.47,-3.5],[119.43,-3.46],[119.39,-3.45],[119.37,-3.46],[119.31,-3.43],[119.24,-3.49],[119.1,-3.51]]]]}},{"type":"Feature","properties":{"id":"3514","nama":"Pasuruan","prov":"Jawa Timur","ikk":96.74,"pdrb":132735.28,"pdrb_f":14336.32,"share":10.8},"geometry":{"type":"MultiPolygon","coordinates":[[[[112.91,-7.95],[112.81,-7.93],[112.73,-7.82],[112.62,-7.79],[112.57,-7.73],[112.63,-7.65],[112.62,-7.62],[112.64,-7.61],[112.68,-7.55],[112.76,-7.57],[112.83,-7.55],[112.85,-7.58],[112.87,-7.58],[112.9,-7.63],[112.87,-7.63],[112.87,-7.66],[112.9,-7.69],[112.93,-7.67],[112.95,-7.62],[112.98,-7.65],[113.03,-7.64],[113.1,-7.7],[113.05,-7.75],[113.05,-7.82],[112.95,-7.91],[112.95,-7.94],[112.91,-7.95]]]]}},{"type":"Feature","properties":{"id":"1374","nama":"Kota Padang Panjang","prov":"Sumatera Barat","ikk":93.65,"pdrb":3118.59,"pdrb_f":270.7,"share":8.68},"geometry":{"type":"MultiPolygon","coordinates":[[[[100.41,-0.46],[100.44,-0.47],[100.43,-0.49],[100.41,-0.48],[100.37,-0.48],[100.4,-0.45],[100.41,-0.46]]]]}},{"type":"Feature","properties":{"id":"9101","nama":"Fakfak","prov":"Papua Barat","ikk":120.73,"pdrb":3796.49,"pdrb_f":907.81,"share":23.91},"geometry":{"type":"MultiPolygon","coordinates":[[[[132.32,-2.99],[132.19,-2.97],[132.25,-2.97],[132.32,-2.99]]],[[[132.36,-2.97],[132.35,-2.94],[132.22,-2.92],[132.21,-2.91],[132.2,-2.93],[132.19,-2.92],[132.15,-2.93],[132.15,-2.94],[132.1,-2.93],[132.12,-2.95],[132.08,-2.96],[132.06,-2.89],[132.05,-2.92],[132.01,-2.89],[131.98,-2.92],[131.98,-2.88],[132.03,-2.88],[132.02,-2.85],[132.04,-2.84],[131.98,-2.83],[132.07,-2.79],[132.04,-2.77],[132.0,-2.78],[131.95,-2.77],[132.05,-2.73],[132.07,-2.75],[132.07,-2.72],[132.1,-2.75],[132.11,-2.73],[132.09,-2.71],[132.12,-2.72],[132.13,-2.71],[132.14,-2.72],[132.2,-2.7],[132.11,-2.69],[132.14,-2.66],[132.23,-2.65],[132.35,-2.67],[132.39,-2.69],[132.42,-2.68],[132.44,-2.68],[132.42,-2.7],[132.46,-2.71],[132.43,-2.74],[132.49,-2.71],[132.47,-2.69],[132.52,-2.68],[132.59,-2.69],[132.73,-2.8],[132.79,-2.78],[133.05,-2.52],[133.24,-2.68],[133.21,-2.74],[133.19,-2.78],[133.22,-2.8],[133.29,-2.72],[133.42,-2.82],[133.38,-2.92],[133.48,-2.99],[133.51,-3.0],[133.54,-2.98],[133.56,-2.99],[133.58,-2.92],[133.71,-3.01],[133.65,-3.02],[133.45,-3.2],[133.29,-3.36],[133.12,-3.59],[132.83,-3.89],[132.78,-3.83],[132.79,-3.79],[132.72,-3.64],[132.75,-3.62],[132.89,-3.64],[132.9,-3.58],[132.94,-3.55],[132.91,-3.55],[132.88,-3.48],[132.9,-3.46],[132.85,-3.48],[132.82,-3.45],[132.8,-3.36],[132.84,-3.3],[132.81,-3.3],[132.81,-3.27],[132.79,-3.28],[132.77,-3.26],[132.73,-3.28],[132.73,-3.34],[132.66,-3.32],[132.6,-3.23],[132.64,-3.22],[132.64,-3.19],[132.56,-3.15],[132.55,-3.13],[132.58,-3.13],[132.56,-3.11],[132.48,-3.04],[132.36,-2.97]]],[[[132.66,-3.4],[132.72,-3.48],[132.71,-3.51],[132.69,-3.49],[132.68,-3.45],[132.63,-3.42],[132.66,-3.4]]],[[[132.47,-3.11],[132.54,-3.14],[132.54,-3.15],[132.51,-3.14],[132.46,-3.12],[132.44,-3.1],[132.47,-3.11]]],[[[132.49,-2.63],[132.51,-2.65],[132.47,-2.67],[132.46,-2.64],[132.47,-2.62],[132.49,-2.63]]]]}},{"type":"Feature","properties":{"id":"1377","nama":"Kota Pariaman","prov":"Sumatera Barat","ikk":90.92,"pdrb":4345.4,"pdrb_f":601.74,"share":13.85},"geometry":{"type":"MultiPolygon","coordinates":[[[[100.18,-0.61],[100.16,-0.68],[100.13,-0.65],[100.09,-0.57],[100.13,-0.55],[100.14,-0.59],[100.18,-0.61]]]]}},{"type":"Feature","properties":{"id":"1376","nama":"Kota Payakumbuh","prov":"Sumatera Barat","ikk":89.35,"pdrb":5414.98,"pdrb_f":645.82,"share":11.93},"geometry":{"type":"MultiPolygon","coordinates":[[[[100.64,-0.26],[100.65,-0.27],[100.6,-0.27],[100.59,-0.24],[100.6,-0.22],[100.58,-0.21],[100.63,-0.18],[100.68,-0.19],[100.68,-0.24],[100.64,-0.26]]]]}},{"type":"Feature","properties":{"id":"3511","nama":"Bondowoso","prov":"Jawa Timur","ikk":90.96,"pdrb":16650.57,"pdrb_f":1383.17,"share":8.31},"geometry":{"type":"MultiPolygon","coordinates":[[[[113.89,-8.02],[113.87,-8.03],[113.84,-8.02],[113.85,-8.04],[113.8,-8.06],[113.77,-8.04],[113.75,-8.07],[113.73,-8.02],[113.69,-8.01],[113.67,-7.97],[113.62,-7.96],[113.72,-7.88],[113.74,-7.79],[113.83,-7.81],[113.88,-7.79],[113.9,-7.8],[113.95,-7.77],[113.99,-7.78],[114.01,-7.76],[114.08,-7.77],[114.13,-7.99],[114.17,-7.97],[114.21,-7.98],[114.25,-8.05],[114.18,-8.12],[114.15,-8.1],[114.04,-8.13],[114.01,-8.07],[113.89,-8.02]]]]}},{"type":"Feature","properties":{"id":"1371","nama":"Kota Padang","prov":"Sumatera Barat","ikk":94.41,"pdrb":53545.34,"pdrb_f":4982.12,"share":9.3},"geometry":{"type":"MultiPolygon","coordinates":[[[[100.35,-0.96],[100.34,-0.88],[100.29,-0.81],[100.37,-0.8],[100.38,-0.76],[100.46,-0.72],[100.55,-0.83],[100.53,-0.85],[100.56,-0.86],[100.57,-0.9],[100.55,-0.97],[100.54,-0.96],[100.52,-0.99],[100.48,-1.0],[100.43,-1.06],[100.42,-1.11],[100.36,-1.15],[100.36,-1.12],[100.39,-1.12],[100.37,-1.08],[100.38,-1.06],[100.41,-1.07],[100.41,-1.06],[100.4,-1.03],[100.38,-1.04],[100.39,-1.01],[100.38,-0.99],[100.36,-1.01],[100.35,-0.96]]]]}},{"type":"Feature","properties":{"id":"3510","nama":"Banyuwangi","prov":"Jawa Timur","ikk":95.4,"pdrb":67289.76,"pdrb_f":9376.74,"share":13.93},"geometry":{"type":"MultiPolygon","coordinates":[[[[114.0,-8.6],[113.96,-8.62],[113.95,-8.6],[113.97,-8.58],[113.95,-8.56],[113.91,-8.58],[113.84,-8.55],[113.86,-8.52],[113.84,-8.5],[113.85,-8.43],[113.89,-8.41],[113.91,-8.44],[113.95,-8.4],[113.92,-8.38],[113.91,-8.34],[113.97,-8.19],[114.06,-8.12],[114.15,-8.1],[114.18,-8.12],[114.21,-8.1],[114.25,-8.05],[114.23,-7.98],[114.3,-7.88],[114.42,-7.94],[114.43,-8.03],[114.42,-8.08],[114.34,-8.42],[114.37,-8.48],[114.35,-8.53],[114.38,-8.53],[114.39,-8.45],[114.4,-8.54],[114.44,-8.63],[114.46,-8.64],[114.48,-8.62],[114.51,-8.65],[114.57,-8.66],[114.6,-8.72],[114.59,-8.76],[114.53,-8.78],[114.35,-8.74],[114.38,-8.71],[114.37,-8.67],[114.32,-8.63],[114.26,-8.6],[114.23,-8.6],[114.22,-8.65],[114.09,-8.62],[114.05,-8.65],[114.03,-8.6],[114.0,-8.6]]]]}},{"type":"Feature","properties":{"id":"1373","nama":"Kota Sawah Lunto","prov":"Sumatera Barat","ikk":94.3,"pdrb":3305.51,"pdrb_f":329.87,"share":9.98},"geometry":{"type":"MultiPolygon","coordinates":[[[[100.8,-0.7],[100.8,-0.76],[100.74,-0.72],[100.71,-0.73],[100.69,-0.72],[100.7,-0.68],[100.74,-0.67],[100.72,-0.66],[100.69,-0.65],[100.71,-0.57],[100.73,-0.55],[100.79,-0.55],[100.81,-0.58],[100.8,-0.7]]]]}},{"type":"Feature","properties":{"id":"5309","nama":"Flores Timur","prov":"Nusa Tenggara Timur","ikk":98.56,"pdrb":3987.25,"pdrb_f":185.6,"share":4.65},"geometry":{"type":"MultiPolygon","coordinates":[[[[122.79,-8.49],[122.84,-8.53],[122.83,-8.59],[122.74,-8.61],[122.73,-8.63],[122.68,-8.62],[122.65,-8.64],[122.65,-8.58],[122.69,-8.48],[122.68,-8.38],[122.73,-8.36],[122.77,-8.36],[122.81,-8.3],[122.88,-8.29],[122.94,-8.19],[122.87,-8.18],[122.81,-8.2],[122.79,-8.24],[122.74,-8.23],[122.73,-8.22],[122.78,-8.15],[122.78,-8.11],[122.87,-8.06],[122.97,-8.13],[122.96,-8.2],[123.02,-8.29],[123.02,-8.32],[122.98,-8.35],[122.91,-8.33],[122.88,-8.38],[122.89,-8.45],[122.78,-8.42],[122.79,-8.49]]],[[[123.01,-8.45],[123.14,-8.42],[123.17,-8.44],[123.08,-8.49],[123.02,-8.48],[122.98,-8.51],[122.94,-8.59],[122.91,-8.61],[122.87,-8.59],[122.88,-8.53],[122.95,-8.49],[122.98,-8.44],[123.01,-8.45]]],[[[123.3,-8.32],[123.31,-8.36],[123.28,-8.39],[123.18,-8.39],[123.0,-8.41],[123.0,-8.37],[123.03,-8.31],[123.12,-8.25],[123.21,-8.22],[123.22,-8.24],[123.24,-8.23],[123.28,-8.25],[123.3,-8.25],[123.33,-8.27],[123.3,-8.32]]]]}},{"type":"Feature","properties":{"id":"1810","nama":"Pringsewu","prov":"Lampung","ikk":86.91,"pdrb":9491.14,"pdrb_f":1187.01,"share":12.51},"geometry":{"type":"MultiPolygon","coordinates":[[[[104.96,-5.44],[104.94,-5.49],[104.96,-5.58],[104.89,-5.55],[104.92,-5.45],[104.89,-5.44],[104.91,-5.41],[104.87,-5.38],[104.87,-5.34],[104.82,-5.31],[104.79,-5.26],[104.77,-5.18],[104.79,-5.16],[104.8,-5.17],[104.93,-5.27],[105.05,-5.21],[105.08,-5.22],[105.04,-5.27],[105.04,-5.31],[105.06,-5.32],[105.08,-5.36],[105.07,-5.39],[105.0,-5.39],[105.0,-5.42],[104.96,-5.44]]]]}},{"type":"Feature","properties":{"id":"1372","nama":"Kota Solok","prov":"Sumatera Barat","ikk":91.72,"pdrb":3487.18,"pdrb_f":409.32,"share":11.74},"geometry":{"type":"MultiPolygon","coordinates":[[[[100.67,-0.79],[100.67,-0.81],[100.64,-0.8],[100.56,-0.82],[100.54,-0.81],[100.58,-0.78],[100.68,-0.74],[100.67,-0.79]]]]}},{"type":"Feature","properties":{"id":"5306","nama":"Belu","prov":"Nusa Tenggara Timur","ikk":76.68,"pdrb":3536.17,"pdrb_f":254.62,"share":7.2},"geometry":{"type":"MultiPolygon","coordinates":[[[[124.99,-9.34],[124.99,-9.37],[124.95,-9.39],[124.9,-9.36],[124.89,-9.39],[124.87,-9.38],[124.84,-9.39],[124.85,-9.36],[124.81,-9.34],[124.84,-9.33],[124.85,-9.29],[124.81,-9.17],[124.83,-9.15],[124.82,-9.08],[124.79,-9.02],[124.87,-9.0],[124.88,-8.98],[124.94,-8.96],[124.93,-9.03],[124.96,-9.06],[125.0,-9.06],[125.09,-9.01],[125.11,-8.97],[125.19,-9.03],[125.17,-9.12],[125.19,-9.16],[125.18,-9.17],[125.1,-9.2],[125.05,-9.17],[124.98,-9.19],[124.99,-9.29],[125.01,-9.3],[124.99,-9.34]]]]}}]}